,NEW_STATUS,AGE_T_x,F0119,T0186,S1628,S0287,T0178,T0356
0,1,1,0.0,0,0.0,1.0,,2
1,1,0,,1,1.0,0.0,,1
2,1,1,1.0,1,0.0,1.0,1.0,2
3,1,1,1.0,1,0.0,1.0,1.0,1
4,1,1,1.0,1,1.0,0.0,1.0,2
5,1,1,,1,1.0,0.0,,1
6,1,1,0.0,1,,0.0,,1
7,1,1,1.0,1,1.0,0.0,,2
8,1,0,0.0,0,1.0,0.0,,2
9,1,0,1.0,1,0.0,0.0,,1
10,1,1,1.0,0,0.0,0.0,1.0,2
11,1,1,1.0,1,,0.0,,2
12,1,0,,1,1.0,0.0,1.0,2
13,1,1,1.0,1,1.0,1.0,,2
14,1,1,0.0,1,0.0,0.0,,2
15,1,0,0.0,1,0.0,1.0,,2
16,1,1,1.0,1,0.0,1.0,1.0,2
17,1,1,0.0,1,1.0,1.0,1.0,2
18,1,0,1.0,1,1.0,1.0,,2
19,1,0,1.0,1,1.0,1.0,,2
20,1,0,1.0,0,1.0,0.0,,2
21,1,1,1.0,1,0.0,1.0,,2
22,1,0,,1,0.0,1.0,,2
23,1,1,0.0,1,1.0,0.0,,2
24,1,1,1.0,1,1.0,0.0,,2
25,1,1,,1,0.0,1.0,1.0,2
26,1,1,1.0,0,0.0,1.0,1.0,1
27,1,1,1.0,1,1.0,1.0,1.0,2
28,1,1,1.0,1,,0.0,,1
29,1,1,1.0,1,0.0,0.0,,2
30,1,0,1.0,1,0.0,0.0,,1
31,1,1,0.0,1,0.0,0.0,,1
32,1,0,0.0,1,1.0,0.0,,2
33,1,0,0.0,1,0.0,1.0,,1
34,1,1,1.0,1,1.0,1.0,,1
35,1,1,1.0,1,1.0,0.0,,2
36,1,1,1.0,1,1.0,0.0,,2
37,1,0,0.0,1,0.0,1.0,,2
38,1,1,1.0,1,1.0,0.0,,2
39,1,0,0.0,0,1.0,0.0,,2
40,1,1,1.0,0,1.0,1.0,1.0,2
41,1,1,1.0,1,1.0,1.0,,2
42,1,1,1.0,1,1.0,1.0,1.0,2
43,1,1,1.0,1,0.0,1.0,,2
44,1,0,1.0,1,1.0,1.0,,2
45,1,0,1.0,1,1.0,1.0,,2
46,1,1,1.0,1,1.0,1.0,,1
47,1,1,1.0,1,1.0,1.0,,2
48,1,1,0.0,1,1.0,1.0,1.0,2
49,1,1,,1,1.0,1.0,,1
50,1,1,0.0,1,1.0,,,1
51,1,1,,0,1.0,,,2
52,1,1,0.0,1,1.0,1.0,,1
53,1,1,0.0,1,,0.0,,2
54,1,1,1.0,1,1.0,0.0,,2
55,1,1,1.0,1,1.0,0.0,,1
56,1,0,0.0,1,1.0,1.0,,1
57,1,0,0.0,1,1.0,1.0,,2
58,1,0,1.0,1,1.0,1.0,,1
59,1,1,,1,0.0,1.0,,1
60,1,1,1.0,1,0.0,0.0,,1
61,1,1,1.0,1,1.0,0.0,,2
62,1,0,0.0,1,0.0,0.0,,2
63,1,1,,1,0.0,0.0,1.0,1
64,1,1,,1,1.0,1.0,,2
65,1,1,,1,1.0,1.0,1.0,1
66,1,1,1.0,1,0.0,1.0,1.0,2
67,1,1,1.0,0,1.0,0.0,,1
68,1,1,0.0,1,1.0,0.0,1.0,1
69,1,1,1.0,1,1.0,1.0,,1
70,1,1,1.0,1,0.0,1.0,,2
71,1,0,0.0,1,1.0,1.0,,2
72,1,1,1.0,0,,1.0,,2
73,1,0,0.0,1,1.0,1.0,,2
74,1,0,0.0,0,1.0,1.0,,2
75,1,0,1.0,1,1.0,,,2
76,1,1,1.0,1,1.0,1.0,,2
77,1,1,0.0,1,0.0,1.0,1.0,1
78,1,1,1.0,1,1.0,1.0,1.0,2
79,1,1,1.0,1,1.0,0.0,1.0,1
80,1,1,0.0,1,1.0,1.0,,1
81,1,1,1.0,1,1.0,1.0,,1
82,1,0,0.0,1,1.0,1.0,,2
83,1,1,0.0,1,0.0,1.0,,2
84,1,1,1.0,0,1.0,1.0,,2
85,1,0,1.0,1,1.0,1.0,1.0,2
86,1,1,1.0,1,1.0,1.0,,1
87,1,1,1.0,1,1.0,1.0,,2
88,1,1,0.0,1,1.0,1.0,,2
89,1,1,,1,1.0,1.0,,2
90,1,1,1.0,1,1.0,1.0,,1
91,1,1,1.0,1,0.0,0.0,,1
92,1,1,,1,1.0,1.0,,2
93,1,1,,0,0.0,0.0,,1
94,1,1,1.0,1,1.0,0.0,,2
95,1,1,,1,1.0,,,1
96,1,0,,1,1.0,1.0,,2
97,1,1,0.0,1,0.0,0.0,0.0,1
98,1,0,1.0,1,1.0,0.0,,2
99,1,1,,1,1.0,1.0,,1
100,1,1,0.0,1,,0.0,,2
101,1,0,1.0,1,0.0,1.0,,2
102,1,1,1.0,0,1.0,1.0,,2
103,1,1,1.0,0,0.0,1.0,,2
104,1,1,1.0,1,1.0,1.0,1.0,2
105,1,1,0.0,1,0.0,1.0,,2
106,1,1,,1,1.0,0.0,,1
107,1,1,0.0,1,1.0,0.0,,2
108,1,1,1.0,1,1.0,1.0,,1
109,1,1,0.0,1,0.0,1.0,,2
110,1,1,1.0,1,1.0,1.0,0.0,1
111,1,0,1.0,1,0.0,1.0,,2
112,1,1,1.0,1,0.0,1.0,1.0,2
113,1,1,1.0,1,0.0,1.0,,1
114,1,0,,1,0.0,1.0,1.0,1
115,1,1,1.0,1,1.0,1.0,,2
116,1,1,0.0,1,1.0,1.0,0.0,2
117,1,1,1.0,1,1.0,0.0,,1
118,1,1,0.0,1,1.0,0.0,1.0,1
119,1,0,0.0,1,1.0,1.0,0.0,2
120,1,0,1.0,1,1.0,0.0,,2
121,1,0,1.0,1,,0.0,,2
122,1,1,,1,1.0,1.0,,2
123,1,1,1.0,1,,1.0,,1
124,1,1,,1,0.0,1.0,,2
125,1,1,0.0,0,1.0,1.0,,2
126,1,1,0.0,1,1.0,1.0,,1
127,1,1,0.0,1,1.0,1.0,,1
128,1,1,1.0,1,0.0,0.0,,2
129,1,1,1.0,1,1.0,1.0,,1
130,1,1,1.0,1,0.0,,,2
131,1,1,,1,1.0,1.0,,2
132,1,1,0.0,1,1.0,1.0,,2
133,1,0,1.0,1,0.0,1.0,,1
134,1,1,1.0,1,1.0,1.0,1.0,2
135,1,1,0.0,1,0.0,1.0,,2
136,1,1,1.0,1,1.0,1.0,,2
137,1,0,1.0,1,0.0,1.0,,2
138,1,1,,1,0.0,0.0,,1
139,1,1,1.0,1,0.0,0.0,,2
140,1,0,1.0,1,0.0,0.0,1.0,2
141,1,1,1.0,1,1.0,0.0,,2
142,1,1,0.0,1,1.0,1.0,,2
143,1,1,0.0,1,1.0,0.0,,1
144,1,1,1.0,1,1.0,1.0,,2
145,1,1,1.0,1,1.0,1.0,1.0,2
146,1,1,1.0,1,1.0,0.0,,2
147,1,0,0.0,1,0.0,0.0,1.0,2
148,1,0,1.0,0,1.0,1.0,,2
149,1,0,1.0,1,1.0,1.0,1.0,2
150,1,1,0.0,1,1.0,1.0,,2
151,1,0,1.0,1,0.0,0.0,,2
152,1,1,1.0,1,1.0,0.0,,1
153,1,0,,1,1.0,0.0,,2
154,1,0,1.0,1,1.0,0.0,,2
155,1,1,1.0,1,0.0,1.0,,2
156,1,1,0.0,1,0.0,1.0,1.0,1
157,1,1,1.0,1,0.0,0.0,,1
158,1,0,0.0,0,,0.0,,1
159,1,1,1.0,1,0.0,1.0,,2
160,1,0,0.0,1,1.0,0.0,,2
161,1,1,1.0,1,1.0,1.0,,2
162,1,1,0.0,1,0.0,0.0,,2
163,1,1,,1,0.0,0.0,,1
164,1,1,,1,0.0,1.0,,2
165,1,0,1.0,1,1.0,1.0,,2
166,1,1,0.0,1,,0.0,,2
167,1,1,1.0,1,,1.0,,1
168,1,1,1.0,0,1.0,0.0,,2
169,1,1,0.0,1,1.0,0.0,,1
170,1,1,1.0,1,,1.0,,1
171,1,0,0.0,0,0.0,0.0,,1
172,1,0,1.0,1,1.0,,,1
173,1,1,1.0,1,1.0,0.0,,1
174,1,1,,1,1.0,1.0,,2
175,1,1,1.0,1,1.0,1.0,,2
176,1,1,1.0,1,0.0,1.0,,2
177,1,1,1.0,1,0.0,1.0,,1
178,1,1,,1,1.0,1.0,0.0,1
179,1,1,1.0,1,0.0,1.0,,2
180,1,1,0.0,1,1.0,0.0,,1
181,1,1,1.0,1,1.0,0.0,,1
182,1,1,0.0,1,1.0,0.0,,2
183,1,1,1.0,1,0.0,1.0,1.0,2
184,1,1,1.0,1,0.0,1.0,1.0,1
185,1,0,1.0,1,1.0,1.0,1.0,2
186,1,1,0.0,1,,1.0,,2
187,1,0,1.0,1,1.0,1.0,1.0,2
188,1,1,1.0,1,1.0,0.0,,1
189,1,1,0.0,1,,1.0,,2
190,1,0,1.0,1,1.0,1.0,1.0,2
191,1,0,0.0,1,1.0,1.0,,2
192,1,1,1.0,1,1.0,0.0,1.0,2
193,1,1,1.0,1,0.0,1.0,,2
194,1,1,0.0,1,1.0,,1.0,2
195,1,0,,1,1.0,0.0,1.0,2
196,1,1,1.0,0,1.0,1.0,,2
197,1,1,1.0,1,1.0,0.0,,1
198,1,1,1.0,1,1.0,0.0,,1
199,1,1,,1,0.0,0.0,,2
200,1,1,0.0,1,1.0,1.0,,1
201,1,1,1.0,1,1.0,1.0,,2
202,1,1,1.0,1,1.0,1.0,1.0,2
203,1,1,1.0,1,1.0,1.0,,2
204,1,0,1.0,1,1.0,1.0,,1
205,1,0,0.0,1,0.0,0.0,1.0,2
206,1,1,0.0,1,,0.0,,2
207,1,0,0.0,1,1.0,1.0,,2
208,1,1,1.0,1,1.0,1.0,,2
209,1,0,1.0,1,0.0,1.0,,2
210,1,0,,1,1.0,1.0,,2
211,1,1,1.0,0,1.0,0.0,,2
212,1,1,,1,1.0,1.0,,1
213,1,0,,1,1.0,0.0,,2
214,1,0,1.0,1,1.0,1.0,,1
215,1,1,0.0,1,1.0,1.0,,2
216,1,0,1.0,1,1.0,1.0,,2
217,1,1,0.0,1,,1.0,,2
218,1,0,1.0,1,1.0,1.0,,1
219,1,1,,1,1.0,1.0,,1
220,1,0,1.0,1,0.0,1.0,,2
221,1,0,,1,1.0,1.0,,1
222,1,1,1.0,0,1.0,1.0,1.0,1
223,1,0,1.0,0,0.0,0.0,,1
224,1,1,1.0,1,1.0,0.0,,1
225,1,1,0.0,1,0.0,1.0,,2
226,1,1,0.0,1,1.0,1.0,,1
227,1,1,1.0,1,1.0,1.0,,1
228,1,0,1.0,0,0.0,1.0,1.0,1
229,1,0,1.0,1,1.0,0.0,,2
230,1,0,1.0,1,1.0,1.0,,2
231,1,1,1.0,1,1.0,1.0,,2
232,1,1,1.0,1,0.0,1.0,,1
233,1,1,1.0,1,0.0,,,2
234,1,0,0.0,1,1.0,1.0,1.0,1
235,1,0,1.0,1,0.0,1.0,,1
236,1,1,1.0,1,1.0,0.0,,2
237,1,0,,1,1.0,0.0,,2
238,1,0,1.0,1,1.0,0.0,,2
239,1,1,1.0,1,1.0,0.0,,2
240,1,1,1.0,1,1.0,1.0,,2
241,1,1,,1,1.0,0.0,,2
242,1,1,0.0,1,1.0,1.0,1.0,2
243,1,1,1.0,1,1.0,1.0,,2
244,1,1,0.0,1,1.0,1.0,,2
245,1,1,0.0,1,1.0,1.0,,2
246,1,1,1.0,1,1.0,1.0,,1
247,1,0,0.0,1,1.0,1.0,,2
248,1,1,1.0,1,1.0,1.0,1.0,1
249,1,1,0.0,1,1.0,1.0,1.0,1
250,1,1,0.0,1,0.0,1.0,,2
251,1,1,1.0,1,0.0,0.0,,2
252,1,1,0.0,1,1.0,0.0,0.0,1
253,1,1,1.0,1,1.0,1.0,,2
254,1,1,1.0,1,1.0,1.0,,2
255,1,0,1.0,1,1.0,1.0,,2
256,1,1,1.0,1,,1.0,,2
257,1,0,1.0,1,,1.0,,2
258,1,0,1.0,1,1.0,0.0,,1
259,1,1,0.0,1,1.0,1.0,,1
260,1,1,1.0,1,1.0,1.0,,1
261,1,1,1.0,1,0.0,0.0,,2
262,1,1,,1,0.0,0.0,,1
263,1,1,1.0,1,0.0,1.0,,2
264,1,1,1.0,1,1.0,1.0,,2
265,1,0,0.0,1,0.0,1.0,,2
266,1,1,1.0,1,1.0,0.0,1.0,1
267,1,1,0.0,1,1.0,1.0,,1
268,1,1,1.0,1,1.0,1.0,1.0,2
269,1,1,0.0,1,0.0,1.0,,2
270,1,1,,1,1.0,0.0,,2
271,1,0,1.0,1,1.0,1.0,,1
272,1,1,0.0,1,1.0,0.0,,2
273,1,1,,1,1.0,1.0,,1
274,1,0,,1,0.0,1.0,,2
275,1,0,1.0,1,1.0,1.0,,2
276,1,1,1.0,1,,0.0,,2
277,1,1,1.0,1,0.0,0.0,,2
278,1,1,1.0,1,0.0,0.0,,1
279,1,1,0.0,1,0.0,,,1
280,1,0,,1,1.0,0.0,,2
281,1,1,1.0,1,1.0,1.0,,1
282,1,0,0.0,1,,1.0,1.0,2
283,1,1,,1,1.0,1.0,,2
284,1,1,,1,1.0,1.0,,2
285,1,1,1.0,1,0.0,1.0,1.0,2
286,1,0,1.0,1,1.0,0.0,,2
287,1,0,0.0,1,0.0,1.0,,1
288,1,0,0.0,0,0.0,0.0,,1
289,1,1,1.0,1,0.0,0.0,,1
290,1,1,1.0,1,1.0,0.0,,2
291,1,1,1.0,1,0.0,,,2
292,1,1,,1,0.0,,,2
293,1,0,,1,0.0,1.0,,1
294,1,1,1.0,1,1.0,1.0,,2
295,1,1,1.0,1,0.0,1.0,,2
296,1,1,0.0,1,1.0,0.0,,2
297,1,1,1.0,1,0.0,,0.0,1
298,1,1,1.0,0,1.0,0.0,,2
299,1,1,1.0,1,1.0,1.0,,2
300,1,1,,1,1.0,1.0,,2
301,1,1,,1,1.0,0.0,,1
302,1,1,0.0,1,1.0,0.0,,2
303,1,1,0.0,1,0.0,1.0,,2
304,1,1,0.0,1,1.0,0.0,,2
305,1,0,0.0,1,1.0,0.0,,2
306,1,1,0.0,0,,1.0,1.0,2
307,1,1,1.0,1,1.0,1.0,,2
308,1,1,1.0,1,0.0,0.0,,1
309,1,1,1.0,1,,,,1
310,1,0,1.0,1,1.0,0.0,,2
311,1,1,0.0,1,1.0,0.0,1.0,1
312,1,0,1.0,1,1.0,0.0,,2
313,1,0,1.0,1,1.0,1.0,,2
314,1,1,1.0,0,1.0,1.0,,2
315,1,1,1.0,1,1.0,,,2
316,1,0,0.0,1,1.0,1.0,,1
317,1,0,1.0,1,1.0,1.0,,1
318,1,0,1.0,1,1.0,1.0,,2
319,1,1,1.0,1,1.0,0.0,,2
320,1,1,0.0,1,1.0,0.0,,1
321,1,1,1.0,1,1.0,1.0,,1
322,1,0,1.0,1,0.0,1.0,,1
323,1,0,,1,1.0,1.0,,1
324,1,1,0.0,1,1.0,1.0,,1
325,1,1,0.0,1,,1.0,0.0,1
326,1,1,0.0,1,,0.0,,2
327,1,1,1.0,1,,0.0,,1
328,1,1,0.0,1,1.0,0.0,1.0,2
329,1,1,1.0,1,1.0,0.0,,2
330,1,1,,1,1.0,1.0,,2
331,1,1,1.0,1,1.0,,,2
332,1,1,1.0,0,1.0,1.0,1.0,1
333,1,1,1.0,1,1.0,1.0,1.0,1
334,1,0,,1,1.0,0.0,,2
335,1,0,1.0,0,1.0,0.0,,1
336,1,1,1.0,1,0.0,1.0,,1
337,1,1,0.0,0,1.0,1.0,,2
338,1,1,0.0,0,1.0,0.0,,1
339,1,1,,1,1.0,1.0,,2
340,1,0,1.0,1,1.0,0.0,,2
341,1,1,0.0,1,1.0,0.0,,2
342,1,1,1.0,1,0.0,0.0,1.0,2
343,1,1,,1,1.0,0.0,,2
344,1,1,1.0,1,1.0,0.0,,2
345,1,1,1.0,1,0.0,1.0,,1
346,1,1,1.0,0,0.0,0.0,,2
347,1,1,1.0,1,0.0,0.0,,2
348,1,0,0.0,1,1.0,1.0,,2
349,1,1,1.0,1,1.0,0.0,,1
350,1,0,,1,1.0,1.0,,1
351,1,0,1.0,1,1.0,1.0,,2
352,1,1,1.0,1,1.0,1.0,1.0,2
353,1,1,1.0,1,1.0,1.0,0.0,2
354,1,0,,1,1.0,1.0,,2
355,1,0,1.0,0,1.0,1.0,,2
356,1,1,1.0,1,1.0,0.0,1.0,2
357,1,0,0.0,1,1.0,0.0,1.0,2
358,1,0,0.0,1,1.0,1.0,,1
359,1,1,1.0,1,1.0,1.0,,2
360,1,1,1.0,1,0.0,1.0,,2
361,1,1,1.0,1,0.0,1.0,,2
362,1,1,1.0,1,1.0,,1.0,2
363,1,0,1.0,1,0.0,,,2
364,1,0,1.0,1,1.0,,1.0,2
365,1,1,1.0,1,1.0,,,2
366,1,0,0.0,1,1.0,1.0,,2
367,1,1,0.0,1,1.0,0.0,,2
368,1,0,1.0,1,1.0,1.0,,2
369,1,1,0.0,1,1.0,1.0,,2
370,1,1,0.0,1,0.0,1.0,,1
371,1,1,1.0,1,0.0,,,2
372,1,1,1.0,1,0.0,1.0,,2
373,1,1,1.0,1,1.0,0.0,,2
374,1,0,,1,1.0,1.0,1.0,2
375,1,0,0.0,1,1.0,,,2
376,1,1,1.0,1,0.0,1.0,,1
377,1,1,0.0,1,1.0,1.0,,2
378,1,1,,1,0.0,1.0,,2
379,1,1,0.0,1,0.0,1.0,,2
380,1,1,,1,0.0,0.0,,2
381,1,1,0.0,1,0.0,0.0,,2
382,1,1,0.0,1,,1.0,,2
383,1,1,,1,1.0,0.0,,2
384,1,0,0.0,0,1.0,1.0,,2
385,1,0,1.0,1,1.0,1.0,1.0,2
386,1,0,1.0,1,0.0,1.0,,2
387,1,1,,1,1.0,,,2
388,1,1,1.0,1,1.0,,,1
389,1,0,1.0,1,1.0,0.0,1.0,2
390,1,1,,1,,0.0,1.0,1
391,1,1,1.0,1,,1.0,1.0,2
392,1,1,1.0,1,0.0,1.0,,2
393,1,1,1.0,1,1.0,1.0,,2
394,1,0,1.0,1,0.0,1.0,,2
395,1,0,0.0,1,0.0,1.0,,2
396,1,1,1.0,1,1.0,1.0,1.0,2
397,1,0,1.0,0,0.0,1.0,1.0,2
398,1,1,1.0,1,1.0,,,2
399,1,0,1.0,1,0.0,0.0,,2
400,1,0,0.0,1,1.0,0.0,,2
401,1,1,0.0,1,0.0,1.0,,2
402,1,1,1.0,1,1.0,1.0,,2
403,1,1,1.0,0,1.0,1.0,,2
404,1,0,0.0,1,1.0,1.0,0.0,2
405,1,1,1.0,1,0.0,0.0,,2
406,1,0,0.0,0,,0.0,,1
407,1,1,,0,0.0,1.0,,2
408,1,1,1.0,0,0.0,0.0,,2
409,1,1,1.0,1,0.0,0.0,,2
410,1,0,0.0,1,0.0,0.0,,2
411,1,1,1.0,0,1.0,0.0,,2
412,1,1,1.0,1,1.0,0.0,,2
413,1,0,,1,0.0,0.0,,1
414,1,0,0.0,0,1.0,1.0,,1
415,1,1,1.0,1,1.0,1.0,1.0,2
416,1,0,1.0,1,1.0,0.0,,1
417,1,1,1.0,1,1.0,0.0,,1
418,1,0,1.0,1,1.0,1.0,,2
419,1,0,0.0,1,1.0,1.0,1.0,1
420,1,0,0.0,1,1.0,1.0,,2
421,1,0,,1,0.0,1.0,,2
422,1,1,1.0,1,1.0,1.0,,2
423,1,0,1.0,1,0.0,0.0,,2
424,1,1,,1,,0.0,,2
425,1,1,1.0,1,0.0,1.0,,1
426,1,1,0.0,1,1.0,1.0,0.0,1
427,1,0,1.0,1,1.0,1.0,,1
428,1,1,1.0,1,0.0,1.0,,1
429,1,1,0.0,1,1.0,1.0,,1
430,1,0,0.0,1,,,1.0,2
431,1,1,1.0,1,,1.0,,2
432,1,1,0.0,1,,,,1
433,1,0,1.0,1,0.0,1.0,,1
434,1,0,1.0,1,0.0,0.0,,1
435,1,1,0.0,1,0.0,1.0,,1
436,1,1,0.0,1,0.0,1.0,,1
437,1,1,1.0,1,1.0,0.0,,1
438,1,1,1.0,1,0.0,1.0,,1
439,1,1,,1,1.0,0.0,,2
440,1,0,,0,0.0,1.0,,2
441,1,1,1.0,1,0.0,0.0,,2
442,1,1,1.0,1,1.0,1.0,1.0,2
443,1,1,0.0,1,1.0,0.0,,2
444,1,0,1.0,1,1.0,0.0,,2
445,1,0,1.0,1,1.0,0.0,,1
446,1,1,1.0,1,1.0,0.0,,1
447,1,1,1.0,1,0.0,1.0,1.0,2
448,1,0,1.0,1,,1.0,,2
449,1,0,0.0,1,0.0,1.0,1.0,2
450,1,1,0.0,1,1.0,0.0,,2
451,1,0,1.0,1,,1.0,,2
452,1,0,1.0,1,1.0,1.0,1.0,2
453,1,1,1.0,1,1.0,1.0,,1
454,1,1,1.0,1,1.0,0.0,,2
455,1,1,,1,1.0,1.0,,2
456,1,1,0.0,1,0.0,,0.0,1
457,1,1,1.0,0,,1.0,,1
458,1,1,1.0,1,1.0,1.0,,2
459,1,0,1.0,1,0.0,0.0,,1
460,1,0,0.0,1,0.0,,,2
461,1,0,0.0,1,1.0,1.0,,2
462,1,1,1.0,1,,0.0,,1
463,1,1,1.0,1,0.0,1.0,,1
464,1,0,0.0,1,0.0,1.0,1.0,2
465,1,1,1.0,1,1.0,0.0,,2
466,1,0,0.0,0,1.0,0.0,,2
467,1,1,0.0,1,1.0,0.0,,2
468,1,1,,1,1.0,1.0,,2
469,1,1,1.0,1,0.0,1.0,1.0,2
470,1,0,1.0,1,0.0,0.0,,2
471,1,1,,1,0.0,1.0,,2
472,1,1,1.0,0,1.0,1.0,,2
473,1,0,,1,1.0,0.0,,2
474,1,0,1.0,1,0.0,,,1
475,1,1,1.0,1,1.0,0.0,,1
476,1,1,1.0,1,1.0,0.0,,1
477,1,0,0.0,1,1.0,1.0,,2
478,1,1,1.0,0,1.0,1.0,,2
479,1,1,1.0,1,1.0,1.0,,2
480,1,1,,1,1.0,0.0,,2
481,1,1,0.0,0,,1.0,,1
482,1,1,1.0,1,1.0,0.0,,2
483,1,1,,1,0.0,1.0,,2
484,1,0,,1,1.0,0.0,,2
485,1,0,1.0,1,1.0,0.0,,1
486,1,1,0.0,1,0.0,0.0,,1
487,1,1,0.0,0,1.0,1.0,1.0,2
488,1,0,1.0,1,0.0,0.0,,2
489,1,0,0.0,1,1.0,1.0,0.0,1
490,1,1,,1,1.0,1.0,,2
491,1,1,1.0,1,1.0,1.0,,2
492,1,1,1.0,1,1.0,1.0,,2
493,1,1,1.0,1,,1.0,,2
494,1,1,0.0,1,0.0,1.0,,2
495,1,1,1.0,1,1.0,1.0,,2
496,1,1,,1,1.0,1.0,,1
497,1,0,1.0,1,1.0,0.0,,2
498,1,0,1.0,1,1.0,0.0,,2
499,1,0,1.0,1,0.0,0.0,,2
500,1,0,,1,0.0,0.0,,1
501,1,1,1.0,1,1.0,,,1
502,1,1,0.0,1,1.0,0.0,,2
503,1,1,1.0,0,1.0,0.0,1.0,1
504,1,1,1.0,1,1.0,1.0,1.0,1
505,1,1,1.0,1,1.0,0.0,,1
506,1,1,,1,0.0,0.0,,1
507,1,1,1.0,1,0.0,0.0,,2
508,1,0,1.0,1,1.0,1.0,,1
509,1,0,1.0,1,0.0,1.0,,2
510,1,0,0.0,0,1.0,0.0,,2
511,1,1,1.0,1,0.0,1.0,,1
512,1,1,,0,1.0,1.0,,1
513,1,1,1.0,1,1.0,1.0,,2
514,1,0,0.0,1,0.0,0.0,,2
515,1,1,1.0,1,1.0,0.0,,2
516,1,0,1.0,1,1.0,1.0,,1
517,1,1,1.0,0,1.0,1.0,1.0,2
518,1,0,1.0,1,1.0,1.0,,1
519,1,1,1.0,0,1.0,1.0,1.0,2
520,1,1,1.0,1,1.0,0.0,,2
521,1,1,,1,1.0,0.0,,1
522,1,1,0.0,1,1.0,0.0,,2
523,1,0,,0,1.0,1.0,,1
524,1,0,1.0,1,0.0,1.0,,2
525,1,1,,1,0.0,1.0,,1
526,1,1,1.0,1,0.0,0.0,,1
527,1,0,,1,1.0,1.0,,2
528,1,0,0.0,1,,0.0,,2
529,1,0,,1,1.0,1.0,,1
530,1,1,,1,0.0,,,2
531,1,0,1.0,1,1.0,1.0,,2
532,1,1,1.0,1,,0.0,,1
533,1,0,,1,1.0,1.0,,2
534,1,1,0.0,1,1.0,1.0,,1
535,1,0,0.0,1,1.0,1.0,,2
536,1,1,0.0,1,,0.0,1.0,2
537,1,1,0.0,1,1.0,1.0,,2
538,1,0,1.0,1,0.0,1.0,1.0,2
539,1,1,0.0,1,,0.0,,1
540,1,1,1.0,1,0.0,0.0,,2
541,1,1,1.0,1,0.0,0.0,,1
542,1,1,1.0,1,0.0,1.0,,2
543,1,1,1.0,1,1.0,1.0,1.0,2
544,1,1,1.0,1,1.0,1.0,1.0,2
545,1,1,0.0,1,1.0,0.0,,1
546,1,1,0.0,0,0.0,1.0,,2
547,1,1,1.0,1,0.0,0.0,,2
548,1,0,1.0,1,1.0,1.0,,2
549,1,1,1.0,1,1.0,1.0,,1
550,1,0,1.0,1,1.0,1.0,,2
551,1,0,0.0,1,1.0,1.0,,2
552,1,1,1.0,1,1.0,1.0,,2
553,1,1,0.0,1,1.0,0.0,,2
554,1,1,1.0,0,1.0,0.0,,2
555,1,0,0.0,0,0.0,0.0,,2
556,1,1,0.0,1,0.0,1.0,,2
557,1,1,0.0,1,1.0,,0.0,1
558,1,1,,1,1.0,0.0,,2
559,1,1,0.0,1,1.0,0.0,,1
560,1,0,1.0,1,0.0,0.0,0.0,2
561,1,1,,1,0.0,0.0,,2
562,1,1,1.0,1,1.0,,,2
563,1,0,1.0,1,1.0,1.0,,2
564,1,0,0.0,1,,1.0,0.0,2
565,1,1,1.0,0,1.0,0.0,,1
566,1,0,1.0,1,1.0,1.0,,2
567,1,1,1.0,1,,0.0,,2
568,1,1,1.0,1,1.0,0.0,,1
569,1,1,0.0,1,0.0,0.0,,2
570,1,0,0.0,1,,,,1
571,1,1,1.0,1,1.0,1.0,,2
572,1,1,,1,1.0,1.0,1.0,2
573,1,1,0.0,1,1.0,0.0,,1
574,1,0,,1,1.0,0.0,,1
575,1,1,0.0,1,1.0,1.0,,2
576,1,0,1.0,1,0.0,,,2
577,1,0,1.0,1,0.0,,,2
578,1,1,0.0,1,1.0,0.0,0.0,2
579,1,1,,1,1.0,0.0,,1
580,1,0,1.0,1,1.0,1.0,,1
581,1,1,1.0,1,1.0,1.0,,1
582,1,1,1.0,1,1.0,1.0,,2
583,1,1,0.0,0,1.0,1.0,,1
584,1,1,1.0,0,0.0,0.0,,2
585,1,1,1.0,1,1.0,1.0,,2
586,1,1,0.0,1,0.0,1.0,1.0,1
587,1,1,1.0,1,1.0,0.0,,1
588,1,1,1.0,1,1.0,0.0,,2
589,1,0,1.0,1,,1.0,,2
590,1,1,,1,1.0,0.0,,2
591,1,1,1.0,1,1.0,0.0,,2
592,1,1,1.0,0,1.0,1.0,,2
593,1,1,1.0,1,1.0,1.0,,2
594,1,1,,1,0.0,1.0,,2
595,1,1,1.0,1,1.0,1.0,,1
596,1,1,1.0,1,1.0,,,1
597,1,1,0.0,1,1.0,1.0,,1
598,1,0,0.0,1,1.0,0.0,1.0,2
599,1,0,1.0,1,1.0,0.0,,2
600,1,0,,1,1.0,1.0,,1
601,1,0,0.0,1,,,,1
602,1,1,1.0,1,1.0,1.0,,1
603,1,0,0.0,1,0.0,1.0,,2
604,1,1,1.0,1,0.0,1.0,1.0,1
605,1,0,1.0,1,1.0,1.0,,1
606,1,0,0.0,1,1.0,1.0,,1
607,1,1,,1,0.0,0.0,,1
608,1,0,0.0,1,0.0,1.0,,1
609,1,1,1.0,1,0.0,1.0,,1
610,1,1,1.0,1,1.0,0.0,1.0,1
611,1,1,1.0,1,1.0,0.0,1.0,2
612,1,0,,1,1.0,0.0,,2
613,1,1,0.0,1,0.0,1.0,,1
614,1,0,,0,0.0,1.0,,2
615,1,0,1.0,0,1.0,0.0,,2
616,1,1,1.0,1,1.0,1.0,,2
617,1,1,,1,1.0,0.0,,1
618,1,1,1.0,1,1.0,0.0,,2
619,1,0,1.0,1,0.0,1.0,1.0,2
620,1,0,1.0,1,1.0,1.0,,1
621,1,1,1.0,1,1.0,1.0,,2
622,1,0,0.0,0,0.0,1.0,1.0,2
623,1,0,1.0,1,0.0,,,2
624,1,1,,1,0.0,1.0,1.0,2
625,1,1,1.0,1,0.0,1.0,,2
626,1,1,1.0,1,,1.0,,1
627,1,1,,1,,1.0,,1
628,1,1,1.0,1,1.0,1.0,,2
629,1,1,0.0,1,1.0,1.0,,2
630,1,1,0.0,1,0.0,1.0,,1
631,1,1,1.0,1,1.0,0.0,,2
632,1,1,0.0,1,1.0,,,1
633,1,1,0.0,1,,1.0,,2
634,1,0,0.0,0,,1.0,,2
635,1,1,1.0,1,,1.0,,1
636,1,1,,1,0.0,1.0,,1
637,1,1,1.0,1,1.0,,,2
638,1,1,0.0,1,0.0,0.0,,2
639,1,1,0.0,1,0.0,0.0,,1
640,1,1,,1,0.0,0.0,,2
641,1,1,,1,0.0,0.0,,2
642,1,1,0.0,1,0.0,1.0,,2
643,1,0,1.0,0,,,1.0,2
644,1,1,1.0,1,0.0,0.0,,2
645,1,1,1.0,1,0.0,0.0,,2
646,1,1,,1,0.0,0.0,,2
647,1,1,0.0,1,1.0,0.0,,2
648,1,1,1.0,1,1.0,1.0,,1
649,1,1,1.0,1,1.0,1.0,,2
650,1,1,1.0,1,1.0,1.0,,1
651,1,1,1.0,1,1.0,1.0,,2
652,1,1,1.0,1,1.0,1.0,,2
653,1,1,1.0,1,1.0,1.0,1.0,2
654,1,1,,1,1.0,0.0,,1
655,1,1,0.0,1,1.0,1.0,,2
656,1,1,0.0,1,1.0,,,1
657,1,1,,1,1.0,,,2
658,1,1,0.0,1,1.0,,,2
659,1,1,,1,1.0,1.0,,2
660,1,1,,1,1.0,1.0,,2
661,1,1,,1,1.0,1.0,,2
662,1,1,0.0,0,1.0,1.0,1.0,2
663,1,1,1.0,1,,0.0,,1
664,1,1,0.0,1,0.0,1.0,,2
665,1,1,1.0,1,1.0,0.0,1.0,2
666,1,1,,1,0.0,1.0,1.0,2
667,1,1,0.0,1,1.0,0.0,,2
668,1,1,1.0,1,,1.0,,1
669,1,1,1.0,1,1.0,0.0,,2
670,1,1,,1,,1.0,,1
671,1,1,1.0,1,,,,2
672,1,1,1.0,0,0.0,1.0,,2
673,1,0,1.0,1,1.0,1.0,1.0,2
674,1,0,0.0,1,1.0,0.0,,2
675,1,1,1.0,1,1.0,1.0,,2
676,1,1,0.0,1,,0.0,,2
677,1,1,1.0,1,1.0,1.0,,2
678,1,1,1.0,0,1.0,0.0,,1
679,1,1,,1,1.0,1.0,,2
680,1,0,1.0,0,0.0,1.0,,2
681,1,0,0.0,1,1.0,,,2
682,1,1,0.0,1,1.0,1.0,,2
683,1,0,1.0,1,0.0,1.0,,1
684,1,1,0.0,1,1.0,1.0,,1
685,1,1,1.0,1,1.0,1.0,,1
686,1,1,1.0,1,1.0,1.0,,1
687,1,1,0.0,1,1.0,1.0,1.0,2
688,1,1,0.0,1,0.0,0.0,,2
689,1,1,1.0,0,1.0,1.0,1.0,2
690,1,1,1.0,1,1.0,0.0,,1
691,1,0,1.0,0,0.0,0.0,,2
692,1,1,0.0,0,1.0,1.0,1.0,2
693,1,1,1.0,1,1.0,1.0,,1
694,1,0,0.0,1,0.0,0.0,,2
695,1,0,1.0,1,,0.0,1.0,2
696,1,1,0.0,1,1.0,1.0,,2
697,1,1,1.0,1,1.0,1.0,,2
698,1,1,1.0,1,0.0,1.0,,1
699,1,0,1.0,0,1.0,,1.0,1
700,1,1,1.0,1,0.0,1.0,1.0,2
701,1,1,1.0,1,1.0,1.0,,2
702,1,1,1.0,1,1.0,,,1
703,1,1,,1,1.0,0.0,0.0,1
704,1,1,0.0,1,,0.0,1.0,2
705,1,0,1.0,0,1.0,1.0,,1
706,1,0,1.0,1,1.0,1.0,,1
707,1,1,0.0,1,1.0,1.0,1.0,2
708,1,0,0.0,1,1.0,1.0,0.0,1
709,1,1,1.0,1,1.0,1.0,,2
710,1,1,1.0,1,1.0,0.0,,2
711,1,1,1.0,1,,1.0,,1
712,1,0,1.0,1,,0.0,,2
713,1,1,1.0,1,,0.0,,1
714,1,0,0.0,1,0.0,1.0,,2
715,1,1,0.0,1,1.0,1.0,,2
716,1,1,0.0,1,1.0,0.0,,1
717,1,1,1.0,1,1.0,0.0,,2
718,1,0,1.0,1,0.0,1.0,,2
719,1,1,1.0,0,1.0,1.0,1.0,2
720,1,1,1.0,1,1.0,,,1
721,1,1,1.0,1,1.0,1.0,,2
722,1,1,1.0,1,1.0,1.0,1.0,2
723,1,1,1.0,1,1.0,0.0,,2
724,1,0,0.0,1,1.0,0.0,,1
725,1,1,0.0,1,1.0,0.0,,2
726,1,1,1.0,1,1.0,1.0,,2
727,1,1,,1,,1.0,,2
728,1,1,1.0,1,,1.0,,1
729,1,0,0.0,1,0.0,0.0,,2
730,1,1,0.0,1,1.0,1.0,,1
731,1,1,0.0,1,0.0,1.0,,1
732,1,1,1.0,1,0.0,1.0,,1
733,1,0,1.0,0,1.0,0.0,,2
734,1,0,1.0,1,0.0,1.0,,2
735,1,1,1.0,1,1.0,1.0,,2
736,1,1,1.0,1,1.0,1.0,,1
737,1,1,1.0,1,1.0,0.0,,2
738,1,1,,1,1.0,0.0,,1
739,1,0,1.0,0,1.0,0.0,,2
740,1,1,0.0,1,1.0,1.0,1.0,2
741,1,1,1.0,1,1.0,1.0,1.0,2
742,1,1,1.0,0,1.0,1.0,,2
743,1,1,1.0,1,1.0,1.0,1.0,2
744,1,1,1.0,0,0.0,1.0,,2
745,1,1,1.0,1,1.0,0.0,,2
746,1,1,1.0,1,0.0,0.0,0.0,1
747,1,1,,1,1.0,,,1
748,1,1,0.0,1,1.0,,,2
749,1,0,0.0,1,,1.0,,1
750,1,1,0.0,0,,1.0,1.0,2
751,1,1,1.0,1,,0.0,,1
752,1,0,1.0,0,1.0,,,1
753,1,1,,0,1.0,,,1
754,1,1,1.0,1,1.0,0.0,,2
755,1,1,1.0,1,1.0,0.0,1.0,2
756,1,1,,1,0.0,1.0,,2
757,1,1,1.0,1,1.0,1.0,,1
758,1,0,,1,1.0,1.0,,2
759,1,1,0.0,1,1.0,1.0,1.0,2
760,1,0,1.0,1,1.0,0.0,,1
761,1,1,1.0,1,1.0,1.0,,2
762,1,1,0.0,1,1.0,1.0,,2
763,1,1,0.0,1,1.0,1.0,,1
764,1,0,,0,0.0,1.0,,2
765,1,1,1.0,1,0.0,0.0,,2
766,1,1,,1,,1.0,,1
767,1,0,1.0,1,,1.0,,2
768,1,1,1.0,1,,1.0,1.0,2
769,1,1,1.0,1,1.0,0.0,,2
770,1,1,,1,1.0,1.0,,2
771,1,1,1.0,1,1.0,1.0,1.0,1
772,1,1,0.0,1,1.0,1.0,,2
773,1,1,1.0,1,0.0,1.0,,1
774,1,0,,1,1.0,1.0,,2
775,1,0,1.0,0,1.0,0.0,1.0,2
776,1,0,1.0,1,1.0,1.0,,2
777,1,1,1.0,1,0.0,1.0,1.0,2
778,1,1,1.0,1,1.0,1.0,1.0,1
779,1,0,1.0,1,0.0,1.0,,2
780,1,0,1.0,1,,1.0,,2
781,1,1,1.0,1,0.0,1.0,1.0,2
782,1,1,1.0,1,1.0,0.0,,2
783,1,0,0.0,1,1.0,0.0,,2
784,1,1,1.0,1,1.0,0.0,1.0,2
785,1,1,0.0,1,0.0,1.0,,2
786,1,1,,1,0.0,1.0,,1
787,1,1,1.0,1,0.0,1.0,,1
788,1,1,1.0,1,0.0,1.0,,2
789,1,0,1.0,1,1.0,1.0,,2
790,1,0,1.0,1,1.0,1.0,,2
791,1,1,1.0,0,0.0,1.0,1.0,2
792,1,1,1.0,1,1.0,1.0,,2
793,1,1,1.0,1,0.0,1.0,,2
794,1,1,,1,1.0,0.0,,1
795,1,1,0.0,1,1.0,0.0,,2
796,1,1,1.0,1,1.0,0.0,,2
797,1,0,,1,,1.0,,1
798,1,0,1.0,1,0.0,1.0,,2
799,1,0,1.0,1,,1.0,1.0,1
800,1,0,,0,1.0,,1.0,2
801,1,1,1.0,0,1.0,1.0,,1
802,1,1,1.0,1,1.0,1.0,,1
803,1,0,1.0,1,0.0,1.0,,2
804,1,0,0.0,1,1.0,,,1
805,1,1,,1,0.0,1.0,,2
806,1,1,1.0,1,0.0,1.0,,2
807,1,1,1.0,1,1.0,1.0,1.0,1
808,1,0,,1,1.0,0.0,,1
809,1,0,0.0,1,1.0,1.0,,1
810,1,1,0.0,1,1.0,0.0,,1
811,1,1,1.0,1,1.0,1.0,,1
812,1,0,1.0,0,1.0,1.0,,1
813,1,1,0.0,0,,1.0,,2
814,1,0,1.0,1,1.0,0.0,1.0,2
815,1,1,1.0,1,1.0,0.0,,2
816,1,0,1.0,1,0.0,0.0,,2
817,1,0,0.0,1,1.0,1.0,1.0,2
818,1,1,0.0,1,1.0,0.0,,1
819,1,1,1.0,1,1.0,0.0,,1
820,1,1,1.0,1,1.0,1.0,,2
821,1,1,1.0,1,0.0,1.0,,1
822,1,0,,1,1.0,1.0,,2
823,1,1,0.0,1,1.0,1.0,,1
824,1,0,1.0,0,,0.0,,2
825,1,1,0.0,1,1.0,,,1
826,1,1,,1,1.0,,,1
827,1,0,1.0,1,1.0,,,2
828,1,0,0.0,0,1.0,1.0,,1
829,1,0,1.0,1,1.0,0.0,,2
830,1,0,0.0,1,1.0,0.0,0.0,2
831,1,1,1.0,0,0.0,1.0,1.0,2
832,1,0,1.0,1,1.0,1.0,,2
833,1,0,1.0,1,1.0,1.0,,1
834,1,1,1.0,1,1.0,1.0,,2
835,1,1,0.0,0,1.0,0.0,,2
836,1,1,,1,1.0,0.0,0.0,2
837,1,1,1.0,0,,1.0,,2
838,1,1,,1,1.0,1.0,,1
839,1,0,0.0,1,1.0,0.0,0.0,1
840,1,1,1.0,1,0.0,0.0,,2
841,1,0,0.0,1,,1.0,1.0,1
842,1,1,1.0,1,0.0,1.0,,1
843,1,1,0.0,1,,0.0,,1
844,1,0,1.0,1,1.0,,,2
845,1,0,1.0,1,1.0,0.0,,2
846,1,0,,1,0.0,1.0,,2
847,1,1,0.0,1,1.0,1.0,1.0,2
848,1,0,1.0,0,,,1.0,2
849,1,0,1.0,1,1.0,1.0,,2
850,1,1,1.0,1,1.0,1.0,,1
851,1,1,,1,1.0,1.0,,2
852,1,1,1.0,1,0.0,0.0,,2
853,1,1,0.0,1,0.0,1.0,,2
854,1,0,0.0,1,0.0,0.0,,2
855,1,1,1.0,1,0.0,1.0,,1
856,1,1,1.0,1,1.0,1.0,,2
857,1,1,,1,0.0,1.0,1.0,2
858,1,1,0.0,1,,0.0,1.0,1
859,1,1,0.0,1,1.0,0.0,,2
860,1,0,0.0,0,1.0,0.0,,1
861,1,0,0.0,0,0.0,1.0,1.0,2
862,1,0,1.0,1,1.0,0.0,,1
863,1,1,1.0,1,1.0,1.0,1.0,2
864,1,1,,1,1.0,1.0,,1
865,1,0,1.0,1,1.0,1.0,,2
866,1,0,1.0,1,,0.0,,2
867,1,1,,1,0.0,1.0,,2
868,1,0,,1,1.0,0.0,,2
869,1,1,1.0,1,0.0,1.0,,2
870,1,1,1.0,1,0.0,1.0,,2
871,1,0,1.0,0,1.0,1.0,,1
872,1,1,0.0,1,0.0,0.0,,2
873,1,1,1.0,1,,0.0,1.0,2
874,1,1,1.0,1,1.0,,1.0,1
875,1,0,1.0,1,1.0,0.0,,2
876,1,1,,1,0.0,,,2
877,1,1,1.0,1,1.0,0.0,,2
878,1,0,1.0,1,0.0,1.0,,2
879,1,1,1.0,1,1.0,1.0,,2
880,1,1,1.0,1,,1.0,,2
881,1,1,1.0,0,1.0,1.0,,2
882,1,1,0.0,1,1.0,1.0,,2
883,1,1,1.0,1,1.0,,,1
884,1,0,0.0,0,1.0,0.0,0.0,2
885,1,1,0.0,1,1.0,1.0,1.0,2
886,1,0,1.0,1,1.0,1.0,,1
887,1,0,,1,1.0,1.0,1.0,1
888,1,0,1.0,1,1.0,1.0,,2
889,1,1,,1,1.0,0.0,1.0,2
890,1,1,0.0,1,,0.0,,2
891,1,0,,1,1.0,1.0,,1
892,1,0,0.0,1,1.0,1.0,,2
893,1,0,1.0,1,1.0,,,2
894,1,0,0.0,1,0.0,1.0,,1
895,1,0,0.0,1,1.0,1.0,,2
896,1,1,0.0,0,0.0,1.0,,2
897,1,1,0.0,1,,,,2
898,1,1,1.0,1,1.0,,,2
899,1,1,1.0,0,0.0,1.0,1.0,2
900,1,1,,0,1.0,1.0,,2
901,1,1,,1,0.0,1.0,,2
902,1,1,0.0,1,0.0,,,2
903,1,1,0.0,1,0.0,1.0,,2
904,1,1,1.0,1,0.0,1.0,,2
905,1,1,0.0,1,0.0,1.0,,2
906,1,0,1.0,1,,1.0,,1
907,1,1,0.0,1,1.0,0.0,,2
908,1,0,0.0,1,1.0,0.0,,2
909,1,1,0.0,1,1.0,0.0,,1
910,1,0,0.0,1,1.0,0.0,,1
911,1,0,0.0,1,1.0,0.0,,1
912,1,0,,1,1.0,1.0,,2
913,1,0,,1,1.0,0.0,,2
914,1,0,0.0,1,1.0,1.0,,2
915,1,1,,1,1.0,1.0,,1
916,1,1,1.0,1,0.0,1.0,,2
917,1,1,1.0,1,,0.0,,2
918,1,0,0.0,1,0.0,1.0,,2
919,1,1,0.0,1,,0.0,,1
920,1,1,1.0,1,,1.0,,1
921,1,1,1.0,1,0.0,0.0,,2
922,1,1,0.0,1,0.0,0.0,,1
923,1,1,0.0,1,,,,2
924,1,0,1.0,1,,1.0,,2
925,1,0,1.0,1,0.0,1.0,,2
926,1,1,1.0,1,0.0,1.0,,2
927,1,1,0.0,0,1.0,0.0,1.0,2
928,1,1,0.0,0,1.0,0.0,,2
929,1,1,0.0,1,1.0,,,1
930,1,1,1.0,1,0.0,1.0,,2
931,1,1,0.0,1,0.0,1.0,1.0,2
932,1,1,1.0,1,0.0,1.0,,1
933,1,1,1.0,1,1.0,1.0,1.0,2
934,1,0,1.0,1,1.0,0.0,,2
935,1,0,1.0,1,1.0,1.0,,2
936,1,1,1.0,1,1.0,1.0,1.0,2
937,1,1,1.0,1,0.0,1.0,,2
938,1,0,,1,0.0,1.0,,1
939,1,1,1.0,1,1.0,1.0,,2
940,1,1,1.0,1,1.0,1.0,1.0,2
941,1,0,,1,0.0,1.0,,2
942,1,1,1.0,1,1.0,1.0,1.0,2
943,1,0,,1,1.0,1.0,1.0,2
944,1,0,0.0,1,,0.0,,1
945,1,1,,1,1.0,0.0,1.0,1
946,1,1,,1,0.0,1.0,,2
947,1,0,0.0,1,0.0,1.0,1.0,1
948,1,0,0.0,1,1.0,1.0,,2
949,1,1,0.0,1,1.0,0.0,,1
950,1,1,0.0,1,1.0,1.0,1.0,2
951,1,1,0.0,1,1.0,0.0,,2
952,1,1,0.0,1,1.0,0.0,,2
953,1,1,1.0,1,1.0,1.0,1.0,2
954,1,0,,0,0.0,0.0,,2
955,1,0,,1,1.0,1.0,,1
956,1,1,1.0,1,1.0,1.0,,2
957,1,1,1.0,1,1.0,,,2
958,1,0,,1,1.0,1.0,,2
959,1,1,1.0,1,1.0,1.0,,2
960,1,1,0.0,1,1.0,1.0,,2
961,1,0,1.0,1,1.0,1.0,,2
962,1,0,0.0,1,1.0,1.0,,2
963,1,0,,1,1.0,1.0,1.0,1
964,1,1,1.0,1,1.0,0.0,,1
965,1,0,0.0,1,,1.0,,2
966,1,1,0.0,1,1.0,1.0,0.0,2
967,1,0,1.0,1,1.0,1.0,,1
968,1,1,,1,1.0,1.0,,2
969,1,1,0.0,1,1.0,1.0,0.0,2
970,1,0,1.0,1,0.0,1.0,,2
971,1,1,1.0,1,0.0,1.0,,2
972,1,1,1.0,1,,1.0,,2
973,1,0,0.0,1,1.0,1.0,,2
974,1,0,0.0,1,0.0,0.0,1.0,2
975,1,1,1.0,1,1.0,0.0,0.0,1
976,1,1,1.0,1,,0.0,,2
977,1,1,1.0,1,1.0,0.0,1.0,2
978,1,0,0.0,1,1.0,1.0,,1
979,1,1,1.0,1,0.0,1.0,,2
980,1,1,0.0,1,0.0,1.0,1.0,1
981,1,0,1.0,1,1.0,1.0,1.0,2
982,1,1,1.0,1,1.0,1.0,0.0,2
983,1,1,,1,1.0,1.0,,2
984,1,1,0.0,1,0.0,1.0,,1
985,1,1,0.0,1,1.0,0.0,1.0,1
986,1,0,0.0,0,1.0,0.0,,2
987,1,1,,1,,1.0,,2
988,1,1,,1,1.0,1.0,,2
989,1,0,,1,,0.0,,2
990,1,1,1.0,0,1.0,1.0,,2
991,1,1,1.0,1,1.0,1.0,,2
992,1,1,,1,,1.0,,2
993,1,1,,1,1.0,1.0,,2
994,1,1,0.0,0,1.0,1.0,,1
995,1,0,0.0,1,1.0,0.0,,2
996,1,1,1.0,1,0.0,1.0,,2
997,1,0,0.0,1,,1.0,,2
998,1,1,1.0,1,0.0,1.0,,1
999,1,1,0.0,1,0.0,0.0,,2
1000,1,0,0.0,1,0.0,0.0,,1
1001,1,1,,1,0.0,1.0,1.0,1
1002,1,0,,1,0.0,1.0,,1
1003,1,1,1.0,1,1.0,1.0,1.0,2
1004,1,1,0.0,1,1.0,1.0,,2
1005,1,0,0.0,1,,1.0,,2
1006,1,1,1.0,1,1.0,1.0,,2
1007,1,0,1.0,1,0.0,0.0,,2
1008,1,1,0.0,1,1.0,0.0,,1
1009,1,0,0.0,1,0.0,1.0,,2
1010,1,1,0.0,1,1.0,1.0,1.0,2
1011,1,0,,0,,0.0,,2
1012,1,0,,1,1.0,1.0,,2
1013,1,0,0.0,0,1.0,1.0,,2
1014,1,1,1.0,1,0.0,1.0,,2
1015,1,1,0.0,1,1.0,,,1
1016,1,1,1.0,1,0.0,1.0,,1
1017,1,1,0.0,1,0.0,0.0,,2
1018,1,0,1.0,1,0.0,1.0,,2
1019,1,1,1.0,1,1.0,1.0,,2
1020,1,1,1.0,1,0.0,1.0,,1
1021,1,1,0.0,0,1.0,,,2
1022,1,1,1.0,0,1.0,0.0,,1
1023,1,1,,1,,1.0,,2
1024,1,1,1.0,1,0.0,1.0,,2
1025,1,1,1.0,1,1.0,0.0,1.0,2
1026,1,0,1.0,1,1.0,1.0,,1
1027,1,1,1.0,1,0.0,0.0,,2
1028,1,1,0.0,1,0.0,1.0,,2
1029,1,1,1.0,1,1.0,0.0,1.0,1
1030,1,1,1.0,1,0.0,1.0,,2
1031,1,1,1.0,1,,0.0,1.0,1
1032,1,0,1.0,1,1.0,0.0,,2
1033,1,1,1.0,1,1.0,0.0,,1
1034,1,0,0.0,0,1.0,0.0,,1
1035,1,1,1.0,1,0.0,0.0,,2
1036,1,0,1.0,0,1.0,,,2
1037,1,1,0.0,1,0.0,1.0,0.0,1
1038,1,0,1.0,1,0.0,1.0,,2
1039,1,0,0.0,1,0.0,1.0,,2
1040,1,0,1.0,0,0.0,1.0,,1
1041,1,1,1.0,1,1.0,0.0,,2
1042,1,1,0.0,1,,1.0,,2
1043,1,1,1.0,1,1.0,1.0,,1
1044,1,1,0.0,1,0.0,1.0,,2
1045,1,1,1.0,1,0.0,0.0,,2
1046,1,0,1.0,1,1.0,0.0,,2
1047,1,1,,1,1.0,1.0,,1
1048,1,1,1.0,1,1.0,1.0,,2
1049,1,0,0.0,1,1.0,1.0,1.0,2
1050,1,0,0.0,1,0.0,1.0,,2
1051,1,0,1.0,1,0.0,1.0,,2
1052,1,1,0.0,0,1.0,1.0,1.0,1
1053,1,0,0.0,1,,0.0,0.0,1
1054,1,1,,1,1.0,0.0,,1
1055,1,1,1.0,1,0.0,0.0,,1
1056,1,0,1.0,1,0.0,1.0,,2
1057,1,0,0.0,1,,0.0,,2
1058,1,0,1.0,1,0.0,0.0,,1
1059,1,1,,0,1.0,1.0,,2
1060,1,1,1.0,1,0.0,0.0,1.0,1
1061,1,1,1.0,1,1.0,1.0,1.0,2
1062,1,0,0.0,1,1.0,0.0,,2
1063,1,1,0.0,1,1.0,1.0,,2
1064,1,1,1.0,1,1.0,1.0,,2
1065,1,1,1.0,0,1.0,0.0,,1
1066,1,1,0.0,1,1.0,0.0,,1
1067,1,1,1.0,1,0.0,1.0,,2
1068,1,1,1.0,1,1.0,1.0,,2
1069,1,0,0.0,0,,,,1
1070,1,1,,1,1.0,0.0,,2
1071,1,0,1.0,0,,,,2
1072,1,1,1.0,0,1.0,1.0,,2
1073,1,1,0.0,1,1.0,1.0,1.0,2
1074,1,1,,1,0.0,1.0,,1
1075,1,0,0.0,0,1.0,1.0,,1
1076,1,1,1.0,1,1.0,1.0,,2
1077,1,1,1.0,1,1.0,1.0,,2
1078,1,1,1.0,1,1.0,1.0,,2
1079,1,1,0.0,1,1.0,1.0,,2
1080,1,1,0.0,1,1.0,1.0,,2
1081,1,0,1.0,1,1.0,0.0,,2
1082,1,0,1.0,1,,0.0,,2
1083,1,1,1.0,1,,1.0,,2
1084,1,1,1.0,0,0.0,1.0,,2
1085,1,1,0.0,1,,,,1
1086,1,1,0.0,1,1.0,0.0,,2
1087,1,1,1.0,1,0.0,,,2
1088,1,0,1.0,1,1.0,1.0,,1
1089,1,0,1.0,1,1.0,1.0,1.0,2
1090,1,1,0.0,1,1.0,1.0,,1
1091,1,1,1.0,0,1.0,1.0,,2
1092,1,1,0.0,1,1.0,,,2
1093,1,1,1.0,1,1.0,0.0,,2
1094,1,1,1.0,1,1.0,0.0,,1
1095,1,0,1.0,1,1.0,1.0,,1
1096,1,1,1.0,1,1.0,,,2
1097,1,1,,1,1.0,1.0,,2
1098,1,1,1.0,1,1.0,0.0,,2
1099,1,1,1.0,0,1.0,1.0,,2
1100,1,1,1.0,1,1.0,0.0,1.0,2
1101,1,1,,1,,0.0,,2
1102,1,0,,1,,0.0,,2
1103,1,1,1.0,1,0.0,,,2
1104,1,1,1.0,1,1.0,1.0,1.0,2
1105,1,1,0.0,1,1.0,1.0,,2
1106,1,1,1.0,1,,1.0,,2
1107,1,1,1.0,1,1.0,0.0,,2
1108,1,0,0.0,0,0.0,0.0,,2
1109,1,1,1.0,1,1.0,1.0,,2
1110,1,1,,1,1.0,0.0,1.0,2
1111,1,0,1.0,1,0.0,0.0,,1
1112,1,1,1.0,1,0.0,1.0,,1
1113,1,1,0.0,1,0.0,1.0,,1
1114,1,0,1.0,1,1.0,,,2
1115,1,1,1.0,1,1.0,,,2
1116,1,1,1.0,1,1.0,0.0,,2
1117,1,1,1.0,1,1.0,0.0,,1
1118,1,1,1.0,0,1.0,0.0,1.0,1
1119,1,1,0.0,1,0.0,1.0,1.0,1
1120,1,1,1.0,1,0.0,1.0,,2
1121,1,1,0.0,1,1.0,1.0,,2
1122,1,1,0.0,0,1.0,1.0,,2
1123,1,0,1.0,1,1.0,1.0,1.0,1
1124,1,1,1.0,1,1.0,,,1
1125,1,1,1.0,1,1.0,0.0,,2
1126,1,1,1.0,1,,1.0,,2
1127,1,1,1.0,1,1.0,1.0,,2
1128,1,1,0.0,1,1.0,,,1
1129,1,1,1.0,1,0.0,1.0,,2
1130,1,1,1.0,1,1.0,0.0,,1
1131,1,0,1.0,1,1.0,1.0,,2
1132,1,1,1.0,1,1.0,1.0,,2
1133,1,1,0.0,1,1.0,1.0,,2
1134,1,1,1.0,1,1.0,1.0,,1
1135,1,0,0.0,1,0.0,,,1
1136,1,1,0.0,1,0.0,0.0,,1
1137,1,1,,1,1.0,0.0,0.0,1
1138,1,1,1.0,1,,1.0,,2
1139,1,1,0.0,1,,1.0,,2
1140,1,1,1.0,1,,0.0,,2
1141,1,0,0.0,0,0.0,0.0,0.0,1
1142,1,0,1.0,1,0.0,1.0,,2
1143,1,1,0.0,1,1.0,1.0,,2
1144,1,1,1.0,1,1.0,1.0,,2
1145,1,1,1.0,1,0.0,1.0,1.0,1
1146,1,1,1.0,1,,,1.0,2
1147,1,0,0.0,0,,1.0,1.0,2
1148,1,0,0.0,0,1.0,0.0,,2
1149,1,0,,1,1.0,0.0,,1
1150,1,1,0.0,1,,1.0,0.0,1
1151,1,0,1.0,1,1.0,1.0,0.0,1
1152,1,1,0.0,1,1.0,1.0,,1
1153,1,1,1.0,1,1.0,1.0,,2
1154,1,1,0.0,1,0.0,1.0,,1
1155,1,1,1.0,0,1.0,1.0,,2
1156,1,0,1.0,1,1.0,1.0,,1
1157,1,1,,1,1.0,0.0,,1
1158,1,1,1.0,1,0.0,1.0,,2
1159,1,1,1.0,1,1.0,1.0,,1
1160,1,0,1.0,1,1.0,1.0,,2
1161,1,1,0.0,1,0.0,1.0,0.0,2
1162,1,1,,0,0.0,1.0,,2
1163,1,1,1.0,1,1.0,1.0,,1
1164,1,0,,1,0.0,1.0,,1
1165,1,1,0.0,1,0.0,0.0,,1
1166,1,1,0.0,1,1.0,1.0,,1
1167,1,0,,1,1.0,1.0,,2
1168,1,1,1.0,1,1.0,0.0,0.0,1
1169,1,1,1.0,1,,1.0,,2
1170,1,0,1.0,1,1.0,0.0,,2
1171,1,1,1.0,1,0.0,1.0,,2
1172,1,1,0.0,1,1.0,0.0,,2
1173,1,1,0.0,1,1.0,0.0,,1
1174,1,1,0.0,1,1.0,0.0,,1
1175,1,1,1.0,1,0.0,0.0,,2
1176,1,1,0.0,1,1.0,1.0,,2
1177,1,0,0.0,1,1.0,1.0,,1
1178,1,0,1.0,1,1.0,0.0,,1
1179,1,0,0.0,1,0.0,1.0,,1
1180,1,1,0.0,1,0.0,0.0,,1
1181,1,0,1.0,1,1.0,0.0,1.0,2
1182,1,1,1.0,1,0.0,1.0,,1
1183,1,0,0.0,1,1.0,1.0,,2
1184,1,1,0.0,1,1.0,0.0,,1
1185,1,1,,1,1.0,0.0,,1
1186,1,1,,1,1.0,0.0,,1
1187,1,1,0.0,1,1.0,0.0,,2
1188,1,1,0.0,1,,0.0,,1
1189,1,0,1.0,1,0.0,,,2
1190,1,0,,1,1.0,1.0,,2
1191,1,1,1.0,1,1.0,1.0,1.0,1
1192,1,1,1.0,0,,0.0,,2
1193,1,1,1.0,1,,1.0,,2
1194,1,1,1.0,1,1.0,1.0,,2
1195,1,0,0.0,1,1.0,1.0,,2
1196,1,0,,1,,1.0,,1
1197,1,0,1.0,0,0.0,0.0,,1
1198,1,0,1.0,1,1.0,0.0,,1
1199,1,1,1.0,0,1.0,1.0,,2
1200,1,1,1.0,1,1.0,1.0,,2
1201,1,0,1.0,1,1.0,1.0,1.0,2
1202,1,1,0.0,1,,0.0,1.0,2
1203,1,1,1.0,1,1.0,0.0,,2
1204,1,1,1.0,1,1.0,0.0,1.0,1
1205,1,0,1.0,1,1.0,1.0,,2
1206,1,1,1.0,1,1.0,0.0,,2
1207,1,1,1.0,1,1.0,0.0,,2
1208,1,1,,1,0.0,0.0,,2
1209,1,0,,1,1.0,0.0,,2
1210,1,0,1.0,1,,0.0,0.0,1
1211,1,1,1.0,1,1.0,0.0,,1
1212,1,1,0.0,1,1.0,1.0,,2
1213,1,0,0.0,1,,0.0,,2
1214,1,1,1.0,1,0.0,0.0,1.0,2
1215,1,1,1.0,1,0.0,0.0,,2
1216,1,0,1.0,1,,1.0,,1
1217,1,1,1.0,1,0.0,1.0,,1
1218,1,0,1.0,0,0.0,1.0,,2
1219,1,1,,1,1.0,0.0,,2
1220,1,0,1.0,1,0.0,1.0,,2
1221,1,1,1.0,0,,1.0,,2
1222,1,1,,1,0.0,1.0,,1
1223,1,1,1.0,1,0.0,0.0,,2
1224,1,1,1.0,1,1.0,0.0,,1
1225,1,1,1.0,1,0.0,1.0,,1
1226,1,0,1.0,1,0.0,1.0,,2
1227,1,1,1.0,1,0.0,1.0,,2
1228,1,0,,1,0.0,1.0,1.0,2
1229,1,0,0.0,1,0.0,1.0,,1
1230,1,1,1.0,1,1.0,0.0,,2
1231,1,0,1.0,0,1.0,0.0,1.0,2
1232,1,1,1.0,1,1.0,0.0,,2
1233,1,1,0.0,1,0.0,1.0,,2
1234,1,1,1.0,1,1.0,0.0,,1
1235,1,0,1.0,1,1.0,0.0,,2
1236,1,0,,0,,,,1
1237,1,0,0.0,1,,1.0,,2
1238,1,1,0.0,1,1.0,0.0,,2
1239,1,0,1.0,1,1.0,0.0,,2
1240,1,0,1.0,1,1.0,1.0,1.0,2
1241,1,1,0.0,1,1.0,0.0,1.0,2
1242,1,1,1.0,1,1.0,0.0,,1
1243,1,0,,1,0.0,1.0,,2
1244,1,1,1.0,1,0.0,1.0,,2
1245,1,0,1.0,1,0.0,1.0,,2
1246,1,1,0.0,1,1.0,0.0,,1
1247,1,1,0.0,1,1.0,1.0,,2
1248,1,0,0.0,1,1.0,1.0,,2
1249,1,0,1.0,1,1.0,0.0,,2
1250,1,1,1.0,1,1.0,1.0,,1
1251,1,1,1.0,1,1.0,0.0,,2
1252,1,1,1.0,1,1.0,0.0,1.0,2
1253,1,1,0.0,1,,,,2
1254,1,1,0.0,1,,,,2
1255,1,1,1.0,1,0.0,1.0,,2
1256,1,0,,1,1.0,,,2
1257,1,0,0.0,1,1.0,1.0,,2
1258,1,0,1.0,1,1.0,1.0,,1
1259,1,0,1.0,1,,1.0,,2
1260,1,0,1.0,1,1.0,1.0,,2
1261,1,1,1.0,1,1.0,1.0,,2
1262,1,0,,1,1.0,0.0,,1
1263,1,1,0.0,1,1.0,0.0,,1
1264,1,1,1.0,0,1.0,1.0,,1
1265,1,1,0.0,1,1.0,1.0,0.0,2
1266,1,1,1.0,1,1.0,1.0,,2
1267,1,0,,1,0.0,1.0,,2
1268,1,1,1.0,1,1.0,1.0,1.0,2
1269,1,1,1.0,1,1.0,0.0,,1
1270,1,1,1.0,1,1.0,1.0,,2
1271,1,0,0.0,1,1.0,0.0,,2
1272,1,1,0.0,1,1.0,0.0,,1
1273,1,1,1.0,1,1.0,0.0,1.0,2
1274,1,1,1.0,1,,0.0,1.0,1
1275,1,1,0.0,1,1.0,1.0,,1
1276,1,1,0.0,1,1.0,0.0,1.0,2
1277,1,1,,1,1.0,1.0,,1
1278,1,0,1.0,1,1.0,1.0,,2
1279,1,1,1.0,1,0.0,1.0,1.0,1
1280,1,0,1.0,1,1.0,,,2
1281,1,1,1.0,1,,0.0,,1
1282,1,1,1.0,1,0.0,1.0,,2
1283,1,1,1.0,1,1.0,1.0,1.0,2
1284,1,1,,1,1.0,0.0,,2
1285,1,0,1.0,1,,1.0,,2
1286,1,0,1.0,1,1.0,1.0,,1
1287,1,1,0.0,0,0.0,1.0,1.0,2
1288,1,1,1.0,1,0.0,1.0,,1
1289,1,0,1.0,1,1.0,1.0,,1
1290,1,0,1.0,1,0.0,1.0,1.0,2
1291,1,0,,1,,0.0,,2
1292,1,0,1.0,1,,0.0,,1
1293,1,1,,1,1.0,1.0,,1
1294,1,1,1.0,1,,1.0,1.0,2
1295,1,1,1.0,1,1.0,0.0,,2
1296,1,1,0.0,1,0.0,0.0,,1
1297,1,1,1.0,1,1.0,1.0,1.0,2
1298,1,1,1.0,1,1.0,1.0,,1
1299,1,0,1.0,1,0.0,1.0,,2
1300,1,1,1.0,1,1.0,0.0,,1
1301,1,1,0.0,1,1.0,0.0,,1
1302,1,0,,1,0.0,1.0,,1
1303,1,1,0.0,1,0.0,0.0,,2
1304,1,0,,1,1.0,1.0,,1
1305,1,1,1.0,1,0.0,1.0,,2
1306,1,1,1.0,1,0.0,1.0,,2
1307,1,1,,1,1.0,1.0,,1
1308,1,1,0.0,1,1.0,1.0,,1
1309,1,1,1.0,1,1.0,1.0,,2
1310,1,0,1.0,1,0.0,1.0,,2
1311,1,1,0.0,1,1.0,0.0,,2
1312,1,0,0.0,1,1.0,0.0,,2
1313,1,1,0.0,0,1.0,1.0,,2
1314,1,0,,1,0.0,1.0,,2
1315,1,1,,1,0.0,1.0,,1
1316,1,1,1.0,1,1.0,0.0,,1
1317,1,0,1.0,1,1.0,1.0,,2
1318,1,1,1.0,1,0.0,0.0,,2
1319,1,1,1.0,1,1.0,1.0,1.0,2
1320,1,1,1.0,1,1.0,0.0,,1
1321,1,1,1.0,0,1.0,0.0,,1
1322,1,0,1.0,1,0.0,1.0,,1
1323,1,1,,1,1.0,,,2
1324,1,0,1.0,0,0.0,1.0,1.0,2
1325,1,0,0.0,1,1.0,0.0,,2
1326,1,1,1.0,1,1.0,1.0,,2
1327,1,0,1.0,1,1.0,0.0,,1
1328,1,0,1.0,1,1.0,0.0,,2
1329,1,1,1.0,0,0.0,1.0,,2
1330,1,0,1.0,1,,1.0,,1
1331,1,1,,1,1.0,,0.0,2
1332,1,1,0.0,1,1.0,,,1
1333,1,1,1.0,1,0.0,1.0,,1
1334,1,1,1.0,1,1.0,0.0,,2
1335,1,0,0.0,1,1.0,0.0,,2
1336,1,0,1.0,1,0.0,1.0,,2
1337,1,0,1.0,1,1.0,1.0,,2
1338,1,1,1.0,1,1.0,0.0,,2
1339,1,1,0.0,1,0.0,1.0,1.0,1
1340,1,1,0.0,1,0.0,1.0,,2
1341,1,1,1.0,0,1.0,1.0,,1
1342,1,0,1.0,1,1.0,1.0,,1
1343,1,1,,0,1.0,1.0,,2
1344,1,0,0.0,1,1.0,1.0,,1
1345,1,1,0.0,1,,0.0,,2
1346,1,1,1.0,1,1.0,0.0,,2
1347,1,1,1.0,1,1.0,0.0,,2
1348,1,0,,1,1.0,1.0,,1
1349,1,0,0.0,1,1.0,0.0,0.0,2
1350,1,0,1.0,1,1.0,1.0,,2
1351,1,1,1.0,1,0.0,1.0,,1
1352,1,0,1.0,1,0.0,1.0,,2
1353,1,1,0.0,1,1.0,1.0,1.0,2
1354,1,0,0.0,1,1.0,0.0,,2
1355,1,0,0.0,1,,1.0,,2
1356,1,0,1.0,1,1.0,1.0,,1
1357,1,1,1.0,0,1.0,1.0,,2
1358,1,1,0.0,1,1.0,1.0,,1
1359,1,1,1.0,1,1.0,1.0,,2
1360,1,1,,0,1.0,0.0,,2
1361,1,0,,1,0.0,1.0,,2
1362,1,1,1.0,1,,0.0,,1
1363,1,1,0.0,1,,1.0,,2
1364,1,1,1.0,1,1.0,0.0,,1
1365,1,1,0.0,0,1.0,1.0,,1
1366,1,1,1.0,1,1.0,0.0,1.0,2
1367,1,1,0.0,1,1.0,,,2
1368,1,0,0.0,0,1.0,1.0,,1
1369,1,0,1.0,1,1.0,1.0,,1
1370,1,1,1.0,1,1.0,0.0,,2
1371,1,1,0.0,1,1.0,0.0,,1
1372,1,0,1.0,1,1.0,0.0,,2
1373,1,1,1.0,1,1.0,1.0,,2
1374,1,1,0.0,1,1.0,0.0,,1
1375,1,0,1.0,0,1.0,0.0,,2
1376,1,0,,1,0.0,1.0,,2
1377,1,1,1.0,1,1.0,0.0,,1
1378,1,0,1.0,1,1.0,1.0,,2
1379,1,1,1.0,1,1.0,1.0,,2
1380,1,0,0.0,1,0.0,1.0,,1
1381,1,0,1.0,1,0.0,0.0,,1
1382,1,1,0.0,1,1.0,1.0,,1
1383,1,0,1.0,1,0.0,0.0,0.0,2
1384,1,0,1.0,1,0.0,0.0,,2
1385,1,1,0.0,1,1.0,1.0,0.0,2
1386,1,1,0.0,1,1.0,1.0,,2
1387,1,0,0.0,1,1.0,1.0,,2
1388,1,1,0.0,1,1.0,0.0,,2
1389,1,0,1.0,1,0.0,1.0,,2
1390,1,1,1.0,1,1.0,0.0,,2
1391,1,1,1.0,1,1.0,1.0,,2
1392,1,1,1.0,1,0.0,1.0,,2
1393,1,0,0.0,1,1.0,1.0,,2
1394,1,0,0.0,1,1.0,1.0,,2
1395,1,1,1.0,1,1.0,1.0,,2
1396,1,1,1.0,1,0.0,1.0,,2
1397,1,0,0.0,1,1.0,1.0,,2
1398,1,1,,1,1.0,,,2
1399,1,0,1.0,1,1.0,1.0,1.0,2
1400,1,1,0.0,1,0.0,0.0,,1
1401,1,1,0.0,1,1.0,1.0,1.0,2
1402,1,1,1.0,1,1.0,0.0,,2
1403,1,1,0.0,1,0.0,1.0,,1
1404,1,0,1.0,1,0.0,1.0,,2
1405,1,0,1.0,1,1.0,,,2
1406,1,1,0.0,1,1.0,0.0,,2
1407,1,1,1.0,1,1.0,1.0,,2
1408,1,1,1.0,1,0.0,1.0,,1
1409,1,1,0.0,0,0.0,0.0,,2
1410,1,1,0.0,0,1.0,1.0,,2
1411,1,1,0.0,1,1.0,1.0,,2
1412,1,1,1.0,1,1.0,,,1
1413,1,1,1.0,1,1.0,1.0,,2
1414,1,1,1.0,1,1.0,1.0,,2
1415,1,0,1.0,1,1.0,1.0,,1
1416,1,1,1.0,1,0.0,1.0,,2
1417,1,0,,1,1.0,0.0,,2
1418,1,1,0.0,1,0.0,1.0,,2
1419,1,1,1.0,0,,1.0,1.0,2
1420,1,1,1.0,1,1.0,1.0,,2
1421,1,1,1.0,1,1.0,1.0,,1
1422,1,1,0.0,1,1.0,1.0,,2
1423,1,0,1.0,1,0.0,1.0,,2
1424,1,0,,1,1.0,0.0,0.0,1
1425,1,1,0.0,1,1.0,1.0,,2
1426,1,1,1.0,1,0.0,0.0,,1
1427,1,1,0.0,1,1.0,1.0,,1
1428,1,1,0.0,1,1.0,0.0,0.0,2
1429,1,0,0.0,1,1.0,0.0,,2
1430,1,1,1.0,1,1.0,1.0,,2
1431,1,1,1.0,1,0.0,0.0,,1
1432,1,0,0.0,0,1.0,1.0,1.0,2
1433,1,1,0.0,1,1.0,0.0,,1
1434,1,0,1.0,1,1.0,0.0,,2
1435,1,1,1.0,1,1.0,0.0,,2
1436,1,0,1.0,1,1.0,1.0,,1
1437,1,0,,0,1.0,,,1
1438,1,0,,1,0.0,1.0,,2
1439,1,1,1.0,1,1.0,0.0,,2
1440,1,1,0.0,1,,1.0,1.0,2
1441,1,1,1.0,1,,1.0,,2
1442,1,0,1.0,1,1.0,1.0,,2
1443,1,1,,1,,0.0,,1
1444,1,1,1.0,1,,0.0,,2
1445,1,1,1.0,1,0.0,0.0,,2
1446,1,1,0.0,1,0.0,0.0,,2
1447,1,0,0.0,1,0.0,1.0,,2
1448,1,0,1.0,1,,1.0,,1
1449,1,1,0.0,1,1.0,1.0,,1
1450,1,1,1.0,1,1.0,1.0,,2
1451,1,0,1.0,1,0.0,1.0,,2
1452,1,1,1.0,1,1.0,0.0,,2
1453,1,1,0.0,1,1.0,0.0,,2
1454,1,1,,1,1.0,0.0,,1
1455,1,1,0.0,1,,0.0,,2
1456,1,0,0.0,1,1.0,1.0,,1
1457,1,1,1.0,1,0.0,1.0,,1
1458,1,1,1.0,1,0.0,1.0,,2
1459,1,1,1.0,1,1.0,0.0,,2
1460,1,0,0.0,1,0.0,0.0,,1
1461,1,1,1.0,1,0.0,0.0,,2
1462,1,1,0.0,1,,,,1
1463,1,0,0.0,0,1.0,0.0,,2
1464,1,1,,1,1.0,0.0,,1
1465,1,1,1.0,1,1.0,0.0,,1
1466,1,0,1.0,1,1.0,0.0,1.0,2
1467,1,0,1.0,1,1.0,0.0,,2
1468,1,0,1.0,1,1.0,1.0,,1
1469,1,1,0.0,0,0.0,0.0,,2
1470,1,0,1.0,1,1.0,1.0,,2
1471,1,0,1.0,1,1.0,1.0,,2
1472,1,0,1.0,1,1.0,0.0,,1
1473,1,1,,1,1.0,1.0,,1
1474,1,0,0.0,1,1.0,1.0,,2
1475,1,1,0.0,0,0.0,0.0,,1
1476,1,0,,1,0.0,0.0,1.0,1
1477,1,0,0.0,1,0.0,0.0,,1
1478,1,1,1.0,1,1.0,0.0,1.0,2
1479,1,1,1.0,0,1.0,0.0,,2
1480,1,1,0.0,1,,1.0,,1
1481,1,1,1.0,1,1.0,0.0,,1
1482,1,1,1.0,1,1.0,,,2
1483,1,0,0.0,1,1.0,1.0,,2
1484,1,1,,1,1.0,0.0,,2
1485,1,0,1.0,0,1.0,1.0,,2
1486,1,0,,1,1.0,0.0,,1
1487,1,1,1.0,1,1.0,0.0,,1
1488,1,1,,1,0.0,0.0,,1
1489,1,1,,1,,0.0,,1
1490,1,0,1.0,1,,0.0,1.0,2
1491,1,0,0.0,1,0.0,1.0,,1
1492,1,1,0.0,1,1.0,1.0,,2
1493,1,0,1.0,1,1.0,1.0,1.0,2
1494,1,1,1.0,0,,1.0,,2
1495,1,1,1.0,1,1.0,0.0,,1
1496,1,1,,1,1.0,0.0,,1
1497,1,1,0.0,0,1.0,0.0,,1
1498,1,0,0.0,1,1.0,,,1
1499,1,0,1.0,1,0.0,1.0,1.0,1
1500,1,1,1.0,1,0.0,1.0,,1
1501,1,0,1.0,1,,0.0,,1
1502,1,1,1.0,1,1.0,1.0,,2
1503,1,1,1.0,1,1.0,1.0,,2
1504,1,1,1.0,1,1.0,0.0,,2
1505,1,0,0.0,1,1.0,0.0,,1
1506,1,0,1.0,0,1.0,0.0,,2
1507,1,1,0.0,1,0.0,1.0,,2
1508,1,1,0.0,1,,0.0,,2
1509,1,1,,1,0.0,1.0,0.0,1
1510,1,0,1.0,0,1.0,0.0,,2
1511,1,1,0.0,1,1.0,,,1
1512,1,1,0.0,1,1.0,0.0,0.0,1
1513,1,0,0.0,1,0.0,1.0,,2
1514,1,1,1.0,1,0.0,1.0,1.0,1
1515,1,0,1.0,1,1.0,1.0,,1
1516,1,1,1.0,1,1.0,1.0,,1
1517,1,1,0.0,1,1.0,1.0,,2
1518,1,1,1.0,1,1.0,1.0,,2
1519,1,1,,1,1.0,1.0,,1
1520,1,1,1.0,1,1.0,1.0,,2
1521,1,1,0.0,1,1.0,1.0,0.0,2
1522,1,1,1.0,1,0.0,1.0,,1
1523,1,1,1.0,1,1.0,0.0,,2
1524,1,0,1.0,1,1.0,1.0,,2
1525,1,0,1.0,1,1.0,0.0,,2
1526,1,0,0.0,0,0.0,0.0,1.0,1
1527,1,1,1.0,1,0.0,0.0,,1
1528,1,1,1.0,1,1.0,0.0,,2
1529,1,1,1.0,1,0.0,0.0,1.0,2
1530,1,1,1.0,1,1.0,0.0,,1
1531,1,1,0.0,1,0.0,1.0,,1
1532,1,1,,1,0.0,,,2
1533,1,0,1.0,0,,0.0,,2
1534,1,0,1.0,1,0.0,1.0,,2
1535,1,1,1.0,0,0.0,1.0,,1
1536,1,1,1.0,0,1.0,1.0,,2
1537,1,1,0.0,1,1.0,1.0,,1
1538,1,0,0.0,1,1.0,0.0,,1
1539,1,1,1.0,1,1.0,,,2
1540,1,1,1.0,1,1.0,1.0,,2
1541,1,0,0.0,1,0.0,1.0,,2
1542,1,1,0.0,1,1.0,1.0,1.0,2
1543,1,1,1.0,1,1.0,0.0,1.0,1
1544,0,0,,1,1.0,0.0,1.0,2
1545,0,0,1.0,1,1.0,0.0,1.0,2
1546,0,1,,1,1.0,0.0,1.0,2
1547,0,0,1.0,1,1.0,1.0,,2
1548,0,0,,1,1.0,1.0,,2
1549,0,1,,1,1.0,1.0,,1
1550,0,1,,1,1.0,1.0,,2
1551,0,0,0.0,0,0.0,1.0,,2
1552,0,0,1.0,1,0.0,1.0,1.0,2
1553,0,0,1.0,1,0.0,0.0,,2
1554,0,1,,0,1.0,0.0,1.0,2
1555,0,0,,0,,0.0,0.0,2
1556,0,0,,1,1.0,0.0,,2
1557,0,0,,0,1.0,0.0,,1
1558,0,0,1.0,1,1.0,1.0,,1
1559,0,1,,1,1.0,1.0,,2
1560,0,1,,1,1.0,1.0,1.0,2
1561,0,0,,1,1.0,1.0,,1
1562,0,1,0.0,1,1.0,1.0,,2
1563,0,0,,1,0.0,1.0,,2
1564,0,0,1.0,0,0.0,1.0,,1
1565,0,0,,1,1.0,0.0,,2
1566,0,0,,0,1.0,0.0,,1
1567,0,0,,1,1.0,0.0,1.0,2
1568,0,1,1.0,1,,1.0,,2
1569,0,1,,1,1.0,1.0,1.0,2
1570,0,0,,1,1.0,1.0,,1
1571,0,0,0.0,1,1.0,1.0,,2
1572,0,0,1.0,1,0.0,1.0,,2
1573,0,0,,1,1.0,1.0,,2
1574,0,0,0.0,1,1.0,1.0,,2
1575,0,0,1.0,1,1.0,0.0,,1
1576,0,0,,1,1.0,1.0,,2
1577,0,1,,1,1.0,1.0,,2
1578,0,1,,1,1.0,1.0,,2
1579,0,0,1.0,1,,1.0,,2
1580,0,0,,0,1.0,,,2
1581,0,0,,0,1.0,1.0,,1
1582,0,0,1.0,1,1.0,0.0,,1
1583,0,0,0.0,1,1.0,0.0,,2
1584,0,1,,1,1.0,1.0,1.0,2
1585,0,1,0.0,1,0.0,1.0,,2
1586,0,1,,1,1.0,0.0,,2
1587,0,1,,1,0.0,1.0,,2
1588,0,0,1.0,1,0.0,1.0,,2
1589,0,0,,1,0.0,0.0,,2
1590,0,1,0.0,1,1.0,,,2
1591,0,0,,1,1.0,1.0,,2
1592,0,1,,1,1.0,1.0,,2
1593,0,0,0.0,1,1.0,0.0,,1
1594,0,1,,0,,1.0,,2
1595,0,0,1.0,1,1.0,1.0,,2
1596,0,1,0.0,1,0.0,1.0,,2
1597,0,0,,1,0.0,1.0,,1
1598,0,1,,1,0.0,1.0,,1
1599,0,0,,1,1.0,0.0,,2
1600,0,0,,1,1.0,1.0,,2
1601,0,1,,1,0.0,1.0,,2
1602,0,0,0.0,1,1.0,1.0,,1
1603,0,1,,1,1.0,1.0,,2
1604,0,1,1.0,1,1.0,1.0,,2
1605,0,0,,1,,1.0,,2
1606,0,0,,1,1.0,1.0,1.0,2
1607,0,0,0.0,1,0.0,1.0,1.0,1
1608,0,0,,0,1.0,1.0,,2
1609,0,1,,1,0.0,0.0,,2
1610,0,0,1.0,1,1.0,1.0,,1
1611,0,0,0.0,1,1.0,1.0,0.0,2
1612,0,1,,1,1.0,1.0,,1
1613,0,1,0.0,1,1.0,1.0,,1
1614,0,0,,1,,0.0,,1
1615,0,0,,0,0.0,1.0,,1
1616,0,1,,1,,0.0,,1
1617,0,0,,1,1.0,0.0,,2
1618,0,1,,1,1.0,1.0,,1
1619,0,1,1.0,1,0.0,1.0,,1
1620,0,1,1.0,1,0.0,1.0,1.0,2
1621,0,0,,1,1.0,1.0,1.0,2
1622,0,1,,1,0.0,1.0,,2
1623,0,1,1.0,1,0.0,1.0,,2
1624,0,1,1.0,1,0.0,1.0,1.0,2
1625,0,0,1.0,1,1.0,1.0,,2
1626,0,0,,1,1.0,1.0,,2
1627,0,1,1.0,1,0.0,1.0,1.0,1
1628,0,0,1.0,0,1.0,0.0,1.0,2
1629,0,0,,1,0.0,1.0,,2
1630,0,1,,1,1.0,1.0,,2
1631,0,1,1.0,1,1.0,1.0,,2
1632,0,1,1.0,1,,0.0,,2
1633,0,0,,1,1.0,1.0,,2
1634,0,0,,1,1.0,1.0,,2
1635,0,1,,1,1.0,1.0,,2
1636,0,0,,1,1.0,1.0,1.0,1
1637,0,1,,1,,0.0,,2
1638,0,0,0.0,1,1.0,0.0,,2
1639,0,0,1.0,1,1.0,1.0,,2
1640,0,0,,1,0.0,1.0,1.0,2
1641,0,0,,1,,1.0,,1
1642,0,0,,1,0.0,1.0,1.0,2
1643,0,0,,1,0.0,1.0,,1
1644,0,0,,1,0.0,1.0,,1
1645,0,0,,1,0.0,1.0,,1
1646,0,0,0.0,1,1.0,1.0,,1
1647,0,1,,1,1.0,,,2
1648,0,1,,1,1.0,0.0,1.0,1
1649,0,0,,0,1.0,0.0,,2
1650,0,0,1.0,0,1.0,0.0,,1
1651,0,1,,1,1.0,0.0,,1
1652,0,0,,1,0.0,1.0,,2
1653,0,1,,1,1.0,1.0,,1
1654,0,1,,1,1.0,1.0,,2
1655,0,0,,1,1.0,1.0,,2
1656,0,1,,1,1.0,1.0,,2
1657,0,0,1.0,1,1.0,1.0,,1
1658,0,1,,1,1.0,1.0,,2
1659,0,0,1.0,1,1.0,1.0,,1
1660,0,0,,1,,0.0,,2
1661,0,0,,0,1.0,1.0,1.0,2
1662,0,0,0.0,1,1.0,1.0,,2
1663,0,0,1.0,1,1.0,1.0,,2
1664,0,0,1.0,1,1.0,,,2
1665,0,0,,1,1.0,1.0,,2
1666,0,1,0.0,1,0.0,1.0,,1
1667,0,0,,0,0.0,1.0,,2
1668,0,0,1.0,1,1.0,1.0,,2
1669,0,0,1.0,1,0.0,1.0,0.0,2
1670,0,1,,1,0.0,0.0,,2
1671,0,0,,1,0.0,1.0,,2
1672,0,0,0.0,1,1.0,1.0,,1
1673,0,1,,1,1.0,1.0,1.0,2
1674,0,1,,1,1.0,1.0,,1
1675,0,0,,1,1.0,0.0,1.0,1
1676,0,0,1.0,1,1.0,0.0,,1
1677,0,1,,0,,1.0,1.0,2
1678,0,0,,1,0.0,1.0,,2
1679,0,1,,1,0.0,0.0,,1
1680,0,1,,1,0.0,0.0,1.0,2
1681,0,1,,0,1.0,1.0,,2
1682,0,1,,1,,1.0,1.0,2
1683,0,1,,1,1.0,0.0,,2
1684,0,1,,1,1.0,1.0,,2
1685,0,1,,1,1.0,1.0,,2
1686,0,0,0.0,1,1.0,1.0,,2
1687,0,0,1.0,1,0.0,1.0,,2
1688,0,1,,1,0.0,1.0,,2
1689,0,1,,0,1.0,0.0,,2
1690,0,0,,0,1.0,0.0,,2
1691,0,0,1.0,1,1.0,0.0,,2
1692,0,1,,0,1.0,1.0,,2
1693,0,0,0.0,1,0.0,1.0,,2
1694,0,0,0.0,1,0.0,1.0,1.0,2
1695,0,0,0.0,1,1.0,1.0,1.0,2
1696,0,0,1.0,1,1.0,1.0,,1
1697,0,1,,1,0.0,0.0,1.0,2
1698,0,0,1.0,1,1.0,1.0,,2
1699,0,1,1.0,1,1.0,1.0,1.0,2
1700,0,1,,1,0.0,1.0,,1
1701,0,0,,1,1.0,1.0,,2
1702,0,0,,1,0.0,1.0,,2
1703,0,1,,1,1.0,1.0,,1
1704,0,1,,1,0.0,0.0,,2
1705,0,1,,1,1.0,0.0,1.0,2
1706,0,0,,1,1.0,0.0,,2
1707,0,0,1.0,1,1.0,0.0,,2
1708,0,0,,1,1.0,0.0,,2
1709,0,0,0.0,1,0.0,1.0,,2
1710,0,1,,1,0.0,1.0,,2
1711,0,1,,1,1.0,1.0,1.0,1
1712,0,1,0.0,1,1.0,,,2
1713,0,1,,1,1.0,0.0,,2
1714,0,1,,1,0.0,,,2
1715,0,0,0.0,0,1.0,1.0,,1
1716,0,0,1.0,1,1.0,0.0,,2
1717,0,0,0.0,1,1.0,1.0,,2
1718,0,0,1.0,1,1.0,0.0,,2
1719,0,0,,1,0.0,1.0,1.0,2
1720,0,1,,0,0.0,1.0,1.0,1
1721,0,1,,1,1.0,0.0,,2
1722,0,1,,1,1.0,,,1
1723,0,1,,1,1.0,0.0,,1
1724,0,0,,1,0.0,1.0,,1
1725,0,1,,1,0.0,1.0,,2
1726,0,1,,1,1.0,0.0,1.0,1
1727,0,0,1.0,1,1.0,1.0,,2
1728,0,1,,1,0.0,1.0,,2
1729,0,0,1.0,1,0.0,1.0,,2
1730,0,1,,1,1.0,0.0,,2
1731,0,0,,1,0.0,1.0,0.0,1
1732,0,0,0.0,1,1.0,1.0,,2
1733,0,1,,1,1.0,1.0,,2
1734,0,0,1.0,0,1.0,0.0,,2
1735,0,0,1.0,1,1.0,1.0,,2
1736,0,1,,1,1.0,1.0,,2
1737,0,0,,1,1.0,1.0,,2
1738,0,1,,0,,1.0,0.0,2
1739,0,0,,1,1.0,1.0,,1
1740,0,1,,1,,,,2
1741,0,0,1.0,1,1.0,1.0,,1
1742,0,0,,1,1.0,1.0,,2
1743,0,0,1.0,1,1.0,0.0,,2
1744,0,0,,1,1.0,0.0,,2
1745,0,1,,1,1.0,1.0,,2
1746,0,0,,1,1.0,1.0,,2
1747,0,0,1.0,1,1.0,0.0,,1
1748,0,0,1.0,1,0.0,1.0,,2
1749,0,1,0.0,1,,0.0,,2
1750,0,0,1.0,1,0.0,0.0,,1
1751,0,0,0.0,1,1.0,1.0,,2
1752,0,0,0.0,1,1.0,1.0,,1
1753,0,1,,1,1.0,1.0,,2
1754,0,0,,1,1.0,1.0,,2
1755,0,1,,1,1.0,1.0,1.0,1
1756,0,0,1.0,1,1.0,0.0,,2
1757,0,0,,1,1.0,0.0,,2
1758,0,0,,1,1.0,0.0,,2
1759,0,1,,0,0.0,0.0,,2
1760,0,1,,1,1.0,0.0,,1
1761,0,0,0.0,1,1.0,1.0,,2
1762,0,0,,1,1.0,1.0,,2
1763,0,1,0.0,1,1.0,1.0,,2
1764,0,0,0.0,1,1.0,1.0,,2
1765,0,0,,1,1.0,1.0,,1
1766,0,1,,1,0.0,1.0,,2
1767,0,0,,1,0.0,1.0,,2
1768,0,1,,1,1.0,0.0,1.0,2
1769,0,0,0.0,0,0.0,1.0,,2
1770,0,0,1.0,1,1.0,1.0,,2
1771,0,1,1.0,0,1.0,0.0,1.0,2
1772,0,1,,1,1.0,0.0,,1
1773,0,0,,1,1.0,1.0,,2
1774,0,0,0.0,1,1.0,1.0,,2
1775,0,0,,1,0.0,1.0,,1
1776,0,1,,1,0.0,1.0,,1
1777,0,0,,1,1.0,1.0,,2
1778,0,0,,1,1.0,0.0,,2
1779,0,0,,0,1.0,0.0,1.0,2
1780,0,0,,0,1.0,0.0,1.0,2
1781,0,0,,1,0.0,1.0,,2
1782,0,0,1.0,1,0.0,1.0,,2
1783,0,0,,1,1.0,1.0,,2
1784,0,1,,1,1.0,0.0,,2
1785,0,1,,1,1.0,0.0,,2
1786,0,0,1.0,1,,1.0,,2
1787,0,0,,0,1.0,1.0,,2
1788,0,0,1.0,0,1.0,1.0,,2
1789,0,0,,1,1.0,1.0,,2
1790,0,1,,0,1.0,0.0,,2
1791,0,0,0.0,1,1.0,1.0,1.0,2
1792,0,0,0.0,1,0.0,1.0,1.0,2
1793,0,1,,1,1.0,0.0,,2
1794,0,0,1.0,1,1.0,1.0,1.0,2
1795,0,0,,1,1.0,0.0,,2
1796,0,0,0.0,1,0.0,0.0,1.0,2
1797,0,1,,1,0.0,1.0,,2
1798,0,0,,1,1.0,0.0,,1
1799,0,0,,1,,0.0,,1
1800,0,0,,1,0.0,1.0,1.0,1
1801,0,1,,0,0.0,1.0,,2
1802,0,0,,1,1.0,0.0,1.0,2
1803,0,0,1.0,1,0.0,1.0,,2
1804,0,0,1.0,1,1.0,1.0,0.0,1
1805,0,1,,1,1.0,0.0,,2
1806,0,0,,1,1.0,,,2
1807,0,0,1.0,0,0.0,1.0,,2
1808,0,1,1.0,1,0.0,1.0,,2
1809,0,0,,1,0.0,1.0,1.0,2
1810,0,0,0.0,1,,1.0,,2
1811,0,0,,1,0.0,1.0,,2
1812,0,0,,1,1.0,1.0,0.0,1
1813,0,0,,0,0.0,1.0,,2
1814,0,0,1.0,0,0.0,1.0,,2
1815,0,1,,1,0.0,1.0,1.0,2
1816,0,1,1.0,1,1.0,1.0,,2
1817,0,0,,1,1.0,1.0,,2
1818,0,0,,1,0.0,0.0,1.0,2
1819,0,0,0.0,1,1.0,1.0,,2
1820,0,1,,0,1.0,0.0,,1
1821,0,1,,1,1.0,,,2
1822,0,0,0.0,1,1.0,1.0,,1
1823,0,0,,1,0.0,0.0,,2
1824,0,0,,1,0.0,1.0,,2
1825,0,0,,1,0.0,1.0,,2
1826,0,0,1.0,1,1.0,0.0,1.0,2
1827,0,0,,1,1.0,1.0,,2
1828,0,0,,1,1.0,0.0,,2
1829,0,0,0.0,1,0.0,1.0,1.0,2
1830,0,0,1.0,1,1.0,0.0,,2
1831,0,0,,1,1.0,1.0,0.0,2
1832,0,1,1.0,1,1.0,0.0,1.0,2
1833,0,0,1.0,1,1.0,0.0,,2
1834,0,1,,1,1.0,0.0,,2
1835,0,1,,1,0.0,0.0,1.0,2
1836,0,0,,1,0.0,0.0,,2
1837,0,1,,1,1.0,0.0,,2
1838,0,0,1.0,1,1.0,1.0,,2
1839,0,0,,1,1.0,1.0,,1
1840,0,1,,1,1.0,0.0,,2
1841,0,0,,1,1.0,0.0,,1
1842,0,0,,1,1.0,0.0,,2
1843,0,1,1.0,1,1.0,0.0,,2
1844,0,1,,1,1.0,1.0,1.0,2
1845,0,0,,1,0.0,1.0,,2
1846,0,0,,1,0.0,1.0,1.0,2
1847,0,1,0.0,1,0.0,1.0,,1
1848,0,0,,1,,0.0,1.0,2
1849,0,0,,1,,0.0,,1
1850,0,1,,1,,0.0,,1
1851,0,1,,1,1.0,1.0,1.0,2
1852,0,0,1.0,1,,0.0,,2
1853,0,1,,1,0.0,1.0,,2
1854,0,0,,1,1.0,1.0,,1
1855,0,1,,1,0.0,1.0,,2
1856,0,1,,1,1.0,1.0,,1
1857,0,1,,1,0.0,1.0,,2
1858,0,1,,0,,0.0,1.0,2
1859,0,1,,1,,1.0,,2
1860,0,1,0.0,1,,1.0,,2
1861,0,1,,0,1.0,1.0,,2
1862,0,1,,1,0.0,1.0,,1
1863,0,1,,1,1.0,1.0,,2
1864,0,0,,1,,1.0,,2
1865,0,1,,1,,1.0,,1
1866,0,1,,1,1.0,1.0,1.0,2
1867,0,0,0.0,1,1.0,1.0,,1
1868,0,0,1.0,1,1.0,1.0,,2
1869,0,0,1.0,1,0.0,1.0,1.0,2
1870,0,1,,1,1.0,1.0,,2
1871,0,1,,1,0.0,0.0,,2
1872,0,1,,1,1.0,1.0,,2
1873,0,0,,1,,1.0,1.0,2
1874,0,0,,1,,1.0,,2
1875,0,1,,1,1.0,1.0,,2
1876,0,0,,1,0.0,0.0,,2
1877,0,0,,1,0.0,1.0,,2
1878,0,1,,1,0.0,0.0,,1
1879,0,1,,0,0.0,1.0,1.0,1
1880,0,0,,1,0.0,1.0,,2
1881,0,1,,1,0.0,1.0,,2
1882,0,1,,1,1.0,0.0,,2
1883,0,1,,1,0.0,1.0,1.0,2
1884,0,1,,1,0.0,1.0,,2
1885,0,0,0.0,1,1.0,0.0,,2
1886,0,0,1.0,1,1.0,0.0,0.0,1
1887,0,1,,1,1.0,1.0,,2
1888,0,1,1.0,1,1.0,0.0,,2
1889,0,1,,1,1.0,1.0,1.0,2
1890,0,0,1.0,1,1.0,0.0,,1
1891,0,0,,0,1.0,0.0,,1
1892,0,1,,0,1.0,0.0,,1
1893,0,1,1.0,1,1.0,1.0,,2
1894,0,0,,1,1.0,0.0,,2
1895,0,0,,0,1.0,0.0,,2
1896,0,0,,1,1.0,1.0,,2
1897,0,0,,1,1.0,0.0,,1
1898,0,0,,1,,0.0,,2
1899,0,0,,1,1.0,1.0,1.0,1
1900,0,1,,1,1.0,1.0,,2
1901,0,0,1.0,1,1.0,1.0,,1
1902,0,1,,1,,1.0,,2
1903,0,0,1.0,1,0.0,1.0,1.0,2
1904,0,1,,1,1.0,0.0,,1
1905,0,0,,1,1.0,0.0,,2
1906,0,1,,1,1.0,0.0,,2
1907,0,0,0.0,1,1.0,,1.0,2
1908,0,0,1.0,1,0.0,1.0,,2
1909,0,0,,1,1.0,1.0,,2
1910,0,0,,0,1.0,0.0,,2
1911,0,0,0.0,1,1.0,0.0,,1
1912,0,0,,1,,1.0,1.0,2
1913,0,0,1.0,1,,1.0,1.0,2
1914,0,1,1.0,1,,1.0,,2
1915,0,1,,1,0.0,0.0,,1
1916,0,1,,1,0.0,0.0,,2
1917,0,0,0.0,1,1.0,1.0,,1
1918,0,1,,0,1.0,0.0,,2
1919,0,0,,1,1.0,0.0,,2
1920,0,0,,1,1.0,0.0,,2
1921,0,1,,1,0.0,1.0,,2
1922,0,1,1.0,1,1.0,0.0,,2
1923,0,1,,0,1.0,1.0,,2
1924,0,0,,1,1.0,1.0,,1
1925,0,0,,1,,0.0,1.0,2
1926,0,0,,1,0.0,1.0,,2
1927,0,0,,1,1.0,1.0,,2
1928,0,1,0.0,1,0.0,1.0,,2
1929,0,0,,1,,0.0,,1
1930,0,1,,1,1.0,0.0,,1
1931,0,0,,1,,0.0,,2
1932,0,1,,1,1.0,0.0,1.0,2
1933,0,0,,1,1.0,0.0,,2
1934,0,1,1.0,1,,1.0,,2
1935,0,0,0.0,1,,1.0,,2
1936,0,0,,1,1.0,1.0,1.0,2
1937,0,0,0.0,1,,1.0,,2
1938,0,0,,1,,1.0,1.0,2
1939,0,0,,1,0.0,1.0,,1
1940,0,0,,1,0.0,,,2
1941,0,1,,1,0.0,,,2
1942,0,0,,1,1.0,0.0,0.0,2
1943,0,1,0.0,1,0.0,1.0,,2
1944,0,0,1.0,1,0.0,1.0,,1
1945,0,1,,0,1.0,0.0,,1
1946,0,1,,1,1.0,1.0,,2
1947,0,1,,1,1.0,1.0,1.0,2
1948,0,1,,0,,1.0,,2
1949,0,1,,1,,1.0,,2
1950,0,0,,1,0.0,1.0,,2
1951,0,0,,0,0.0,1.0,,2
1952,0,1,,1,1.0,0.0,,1
1953,0,1,,1,1.0,1.0,,2
1954,0,1,,1,1.0,0.0,,2
1955,0,0,,1,0.0,1.0,,2
1956,0,0,1.0,1,1.0,1.0,,2
1957,0,1,,1,1.0,1.0,,2
1958,0,0,,1,1.0,1.0,1.0,1
1959,0,0,,1,1.0,1.0,,2
1960,0,1,,1,,1.0,,2
1961,0,1,,1,,1.0,0.0,2
1962,0,0,,0,,1.0,,2
1963,0,0,0.0,0,,1.0,,2
1964,0,0,0.0,1,1.0,,,2
1965,0,1,,1,1.0,0.0,,2
1966,0,0,,1,1.0,0.0,,2
1967,0,0,,1,1.0,0.0,,2
1968,0,1,1.0,1,0.0,,,2
1969,0,0,1.0,1,1.0,1.0,,2
1970,0,1,,1,1.0,1.0,,2
1971,0,0,,1,0.0,0.0,,2
1972,0,1,1.0,0,1.0,1.0,1.0,2
1973,0,1,,0,1.0,0.0,,1
1974,0,1,,0,0.0,1.0,,2
1975,0,0,,1,0.0,1.0,,2
1976,0,0,,1,1.0,1.0,,2
1977,0,1,0.0,1,1.0,1.0,,2
1978,0,1,1.0,1,0.0,1.0,,2
1979,0,0,,1,1.0,0.0,,2
1980,0,0,,1,1.0,1.0,,1
1981,0,0,,1,1.0,1.0,,1
1982,0,0,,1,0.0,0.0,,2
1983,0,1,1.0,1,0.0,0.0,,2
1984,0,1,1.0,1,1.0,,1.0,2
1985,0,0,,1,0.0,1.0,,2
1986,0,0,,1,1.0,1.0,,2
1987,0,0,1.0,1,1.0,0.0,,2
1988,0,1,,1,1.0,0.0,1.0,2
1989,0,0,,1,1.0,0.0,,2
1990,0,0,,0,1.0,,1.0,2
1991,0,0,,1,1.0,,,1
1992,0,0,1.0,1,0.0,1.0,1.0,2
1993,0,0,,1,0.0,,,2
1994,0,0,1.0,1,0.0,,,2
1995,0,0,,1,0.0,,,1
1996,0,0,1.0,0,0.0,,,2
1997,0,0,0.0,0,,0.0,,2
1998,0,0,1.0,0,1.0,1.0,,2
1999,0,1,1.0,1,1.0,1.0,1.0,2
2000,0,1,,1,1.0,,,2
2001,0,0,,1,1.0,0.0,1.0,1
2002,0,1,,1,1.0,0.0,,1
2003,0,0,0.0,1,1.0,1.0,,2
2004,0,1,,1,1.0,1.0,,1
2005,0,0,,1,1.0,1.0,,1
2006,0,1,,0,0.0,1.0,,1
2007,0,0,,1,0.0,1.0,1.0,1
2008,0,1,,1,,0.0,,2
2009,0,0,,1,,0.0,,2
2010,0,0,0.0,1,1.0,0.0,,1
2011,0,0,,0,1.0,0.0,,2
2012,0,0,0.0,0,1.0,1.0,,1
2013,0,0,1.0,1,0.0,1.0,,2
2014,0,1,,1,1.0,1.0,,1
2015,0,0,,1,1.0,1.0,,2
2016,0,0,1.0,0,1.0,0.0,,2
2017,0,0,,1,,1.0,,2
2018,0,0,,1,,0.0,,2
2019,0,1,,0,1.0,1.0,,2
2020,0,0,,1,0.0,1.0,,2
2021,0,0,,1,1.0,1.0,,1
2022,0,0,0.0,1,1.0,1.0,,2
2023,0,1,,1,1.0,1.0,,1
2024,0,0,1.0,0,0.0,1.0,,2
2025,0,0,,1,0.0,1.0,,2
2026,0,0,0.0,1,1.0,1.0,,2
2027,0,0,1.0,1,,0.0,,1
2028,0,0,,0,,0.0,,1
2029,0,0,0.0,0,1.0,,,2
2030,0,0,1.0,1,1.0,0.0,,1
2031,0,1,1.0,1,1.0,0.0,1.0,2
2032,0,1,0.0,1,1.0,0.0,0.0,2
2033,0,1,,1,0.0,0.0,,2
2034,0,0,,1,0.0,1.0,,2
2035,0,0,0.0,1,1.0,1.0,,2
2036,0,1,,1,1.0,1.0,,2
2037,0,1,1.0,1,0.0,1.0,1.0,2
2038,0,0,,0,0.0,1.0,,2
2039,0,0,,0,1.0,1.0,,2
2040,0,1,,1,1.0,1.0,1.0,2
2041,0,0,,1,1.0,1.0,,1
2042,0,0,,1,0.0,1.0,,1
2043,0,0,,1,1.0,0.0,,2
2044,0,1,,1,0.0,1.0,,2
2045,0,0,,1,0.0,1.0,,2
2046,0,0,,1,0.0,,,2
2047,0,1,,1,1.0,0.0,,1
2048,0,1,1.0,1,1.0,1.0,,2
2049,0,0,0.0,1,1.0,1.0,,2
2050,0,1,,1,1.0,0.0,,2
2051,0,1,,1,1.0,1.0,,2
2052,0,1,,1,1.0,1.0,1.0,2
2053,0,0,1.0,1,1.0,0.0,,1
2054,0,0,,1,0.0,1.0,,1
2055,0,1,,0,0.0,1.0,,2
2056,0,1,,1,1.0,0.0,,1
2057,0,1,,1,1.0,0.0,,1
2058,0,1,,1,1.0,0.0,,2
2059,0,0,,1,1.0,1.0,,1
2060,0,0,1.0,1,0.0,0.0,,2
2061,0,0,,1,0.0,0.0,,1
2062,0,1,,1,1.0,0.0,1.0,2
2063,0,0,,1,0.0,1.0,,2
2064,0,1,,1,0.0,1.0,,2
2065,0,1,,1,0.0,1.0,,2
2066,0,1,1.0,1,0.0,1.0,,2
2067,0,0,0.0,1,0.0,1.0,,2
2068,0,1,,1,0.0,1.0,,2
2069,0,1,0.0,1,1.0,1.0,,2
2070,0,1,0.0,1,1.0,1.0,1.0,2
2071,0,0,,1,0.0,0.0,1.0,2
2072,0,0,1.0,1,0.0,1.0,1.0,2
2073,0,0,1.0,0,1.0,0.0,,1
2074,0,0,,1,1.0,1.0,1.0,1
2075,0,1,,1,0.0,1.0,,2
2076,0,0,0.0,1,0.0,1.0,,2
2077,0,1,,0,,1.0,,2
2078,0,0,,0,1.0,0.0,,1
2079,0,0,1.0,1,1.0,1.0,1.0,2
2080,0,1,1.0,1,1.0,1.0,,1
2081,0,0,0.0,1,,0.0,,2
2082,0,1,,1,0.0,1.0,,2
2083,0,1,,1,0.0,1.0,,2
2084,0,0,1.0,1,1.0,0.0,,2
2085,0,0,1.0,1,1.0,1.0,,1
2086,0,1,0.0,0,0.0,1.0,,2
2087,0,1,,0,1.0,0.0,1.0,2
2088,0,0,,0,1.0,0.0,,2
2089,0,1,,1,1.0,1.0,,2
2090,0,1,,0,0.0,1.0,,1
2091,0,0,,1,1.0,0.0,0.0,1
2092,0,0,,1,0.0,1.0,,2
2093,0,0,1.0,1,0.0,1.0,,2
2094,0,0,,0,0.0,1.0,,2
2095,0,0,1.0,1,1.0,1.0,,2
2096,0,0,1.0,1,0.0,1.0,1.0,2
2097,0,1,,1,1.0,1.0,,2
2098,0,0,,1,0.0,0.0,,1
2099,0,0,,1,1.0,1.0,1.0,2
2100,0,1,0.0,1,0.0,1.0,,2
2101,0,1,1.0,1,1.0,1.0,,1
2102,0,1,,1,1.0,0.0,1.0,2
2103,0,0,,1,1.0,0.0,,1
2104,0,1,1.0,1,0.0,1.0,,2
2105,0,0,,1,1.0,,,2
2106,0,1,,0,1.0,,,2
2107,0,1,,1,1.0,1.0,,2
2108,0,0,,1,1.0,1.0,,2
2109,0,1,0.0,1,1.0,0.0,1.0,1
2110,0,0,0.0,1,1.0,1.0,1.0,2
2111,0,0,,0,0.0,1.0,,1
2112,0,0,,1,1.0,0.0,0.0,2
2113,0,0,,1,1.0,1.0,,2
2114,0,0,,1,1.0,1.0,,2
2115,0,0,1.0,1,1.0,1.0,,2
2116,0,1,,1,1.0,0.0,1.0,2
2117,0,0,,1,1.0,1.0,,2
2118,0,0,,1,1.0,1.0,,2
2119,0,1,,1,0.0,1.0,,2
2120,0,1,,1,0.0,1.0,,2
2121,0,1,,1,0.0,1.0,,2
2122,0,1,,0,0.0,0.0,,1
2123,0,0,1.0,1,1.0,1.0,1.0,2
2124,0,0,,1,1.0,1.0,1.0,1
2125,0,1,,1,,0.0,,2
2126,0,0,1.0,1,,0.0,,2
2127,0,1,0.0,1,1.0,1.0,,1
2128,0,1,,1,1.0,0.0,,2
2129,0,1,,1,1.0,1.0,,1
2130,0,0,,1,,1.0,,2
2131,0,1,1.0,1,,1.0,,2
2132,0,0,,1,,1.0,,2
2133,0,1,,1,0.0,1.0,,2
2134,0,1,,1,0.0,0.0,,2
2135,0,1,0.0,1,1.0,1.0,,1
2136,0,1,0.0,1,1.0,1.0,1.0,2
2137,0,0,,1,,0.0,,2
2138,0,1,,1,1.0,0.0,,2
2139,0,1,,1,1.0,1.0,,2
2140,0,1,,1,1.0,1.0,1.0,2
2141,0,1,,1,1.0,1.0,,2
2142,0,0,,1,1.0,0.0,1.0,1
2143,0,0,,1,1.0,0.0,,1
2144,0,1,,1,1.0,1.0,,2
2145,0,1,,1,0.0,1.0,,1
2146,0,0,,1,0.0,1.0,,2
2147,0,1,1.0,1,0.0,1.0,,2
2148,0,1,,1,0.0,1.0,,2
2149,0,0,,1,0.0,0.0,1.0,1
2150,0,0,,1,1.0,1.0,,2
2151,0,1,,1,1.0,0.0,,2
2152,0,0,,1,1.0,0.0,,1
2153,0,1,,1,0.0,1.0,,2
2154,0,0,0.0,1,,1.0,,1
2155,0,1,,1,1.0,1.0,,2
2156,0,1,,0,0.0,1.0,,1
2157,0,1,,1,0.0,1.0,,2
2158,0,1,,1,0.0,0.0,,2
2159,0,0,,1,,,,2
2160,0,0,,1,1.0,1.0,,2
2161,0,0,,1,,1.0,,2
2162,0,0,1.0,1,1.0,0.0,,1
2163,0,0,,1,1.0,1.0,,2
2164,0,0,,1,1.0,1.0,,2
2165,0,1,,1,0.0,1.0,1.0,2
2166,0,1,1.0,1,,1.0,,2
2167,0,0,,1,0.0,0.0,1.0,2
2168,0,1,0.0,1,0.0,0.0,,2
2169,0,1,1.0,1,1.0,0.0,,2
2170,0,0,1.0,1,1.0,1.0,,1
2171,0,1,0.0,1,,0.0,,2
2172,0,0,0.0,1,,0.0,,2
2173,0,1,,1,,0.0,1.0,2
2174,0,1,,1,1.0,0.0,,2
2175,0,1,,1,0.0,1.0,1.0,2
2176,0,0,,1,0.0,1.0,,2
2177,0,1,,1,1.0,1.0,,2
2178,0,1,1.0,1,1.0,1.0,,1
2179,0,0,0.0,1,1.0,1.0,1.0,2
2180,0,1,1.0,1,1.0,1.0,1.0,2
2181,0,0,0.0,1,1.0,1.0,0.0,2
2182,0,0,,1,,1.0,,2
2183,0,0,,1,1.0,,,2
2184,0,0,,1,1.0,0.0,,1
2185,0,1,,1,1.0,1.0,0.0,2
2186,0,0,,1,0.0,,1.0,1
2187,0,1,,1,0.0,1.0,,2
2188,0,0,1.0,0,0.0,1.0,,2
2189,0,0,,1,0.0,1.0,,1
2190,0,1,,1,,1.0,,2
2191,0,0,0.0,1,0.0,0.0,,2
2192,0,0,,1,0.0,0.0,,1
2193,0,0,,1,0.0,0.0,,2
2194,0,0,,1,1.0,1.0,,2
2195,0,0,,1,0.0,1.0,,2
2196,0,1,,1,1.0,1.0,,2
2197,0,0,,0,1.0,1.0,,2
2198,0,0,,0,1.0,0.0,,2
2199,0,0,1.0,0,0.0,1.0,1.0,1
2200,0,0,0.0,1,1.0,1.0,,1
2201,0,1,,1,,1.0,,2
2202,0,0,0.0,1,1.0,0.0,,1
2203,0,1,1.0,1,0.0,1.0,,2
2204,0,1,,1,1.0,1.0,,2
2205,0,0,0.0,1,1.0,1.0,,2
2206,0,0,1.0,1,1.0,1.0,1.0,2
2207,0,1,,1,1.0,1.0,,2
2208,0,1,,1,1.0,,,1
2209,0,0,0.0,1,0.0,1.0,,1
2210,0,1,1.0,1,0.0,,1.0,2
2211,0,0,,1,1.0,0.0,,1
2212,0,1,,1,1.0,1.0,,1
2213,0,1,,1,1.0,,,2
2214,0,1,,1,1.0,,,2
2215,0,0,,0,1.0,1.0,,2
2216,0,0,1.0,1,1.0,1.0,,2
2217,0,1,,1,0.0,1.0,,1
2218,0,1,1.0,1,1.0,0.0,1.0,1
2219,0,0,,1,0.0,1.0,1.0,2
2220,0,1,1.0,1,1.0,1.0,,1
2221,0,1,0.0,1,0.0,1.0,,2
2222,0,1,,1,0.0,0.0,,2
2223,0,0,0.0,0,1.0,1.0,,2
2224,0,1,0.0,1,1.0,1.0,,1
2225,0,0,1.0,1,0.0,0.0,1.0,1
2226,0,0,1.0,1,1.0,1.0,,2
2227,0,0,0.0,1,,1.0,,2
2228,0,0,,1,,1.0,,2
2229,0,0,1.0,1,,1.0,,1
2230,0,1,,1,1.0,1.0,,2
2231,0,1,,1,0.0,0.0,,2
2232,0,0,1.0,1,0.0,0.0,0.0,2
2233,0,1,,1,1.0,1.0,1.0,2
2234,0,1,,1,,0.0,,2
2235,0,1,,1,1.0,0.0,,1
2236,0,1,,1,,1.0,,1
2237,0,0,,1,,1.0,,2
2238,0,0,0.0,1,,1.0,,1
2239,0,0,,1,1.0,0.0,,2
2240,0,1,,1,1.0,1.0,,1
2241,0,1,,1,,1.0,1.0,2
2242,0,0,,1,,1.0,,2
2243,0,1,,1,0.0,1.0,,1
2244,0,0,,1,1.0,0.0,,2
2245,0,0,,1,1.0,0.0,,2
2246,0,0,0.0,1,1.0,0.0,,2
2247,0,0,,1,1.0,1.0,,2
2248,0,1,,0,1.0,1.0,,2
2249,0,0,1.0,1,,1.0,,2
2250,0,1,,0,1.0,0.0,,1
2251,0,0,,1,1.0,0.0,,2
2252,0,1,,1,,1.0,,2
2253,0,1,1.0,1,0.0,0.0,,1
2254,0,0,,1,1.0,0.0,,1
2255,0,0,,1,1.0,0.0,,2
2256,0,1,,1,1.0,1.0,1.0,2
2257,0,0,,1,1.0,1.0,,1
2258,0,0,,1,0.0,0.0,,2
2259,0,0,,1,0.0,0.0,0.0,2
2260,0,0,1.0,0,1.0,1.0,,2
2261,0,0,,1,1.0,1.0,,2
2262,0,1,,1,1.0,1.0,,2
2263,0,0,1.0,1,1.0,0.0,,1
2264,0,1,,1,,1.0,,1
2265,0,1,,1,1.0,0.0,,2
2266,0,0,0.0,1,1.0,0.0,,2
2267,0,0,,1,1.0,1.0,,2
2268,0,1,,1,1.0,1.0,,2
2269,0,1,,0,,0.0,,1
2270,0,0,,1,1.0,,,2
2271,0,1,,1,1.0,,,1
2272,0,1,,0,0.0,1.0,,2
2273,0,0,,1,1.0,1.0,,1
2274,0,0,1.0,1,1.0,1.0,,1
2275,0,0,0.0,1,1.0,1.0,,2
2276,0,1,1.0,1,1.0,1.0,1.0,2
2277,0,1,,1,1.0,1.0,1.0,2
2278,0,0,1.0,1,1.0,0.0,,1
2279,0,1,,1,,0.0,,2
2280,0,1,,1,1.0,,,1
2281,0,1,,1,1.0,0.0,,2
2282,0,1,,1,0.0,1.0,1.0,2
2283,0,1,,1,,0.0,,2
2284,0,0,,1,,0.0,,2
2285,0,0,,1,1.0,1.0,,2
2286,0,0,,1,1.0,1.0,,2
2287,0,1,,1,1.0,1.0,1.0,2
2288,0,1,,1,1.0,1.0,,1
2289,0,0,0.0,1,0.0,1.0,,2
2290,0,1,,1,0.0,1.0,,2
2291,0,0,0.0,1,1.0,0.0,,2
2292,0,1,,1,1.0,0.0,,2
2293,0,0,,1,1.0,1.0,,2
2294,0,0,,1,1.0,,,1
2295,0,1,,1,1.0,0.0,,1
2296,0,0,1.0,1,1.0,0.0,,2
2297,0,1,0.0,1,1.0,1.0,,1
2298,0,0,0.0,1,1.0,1.0,,1
2299,0,1,0.0,1,1.0,1.0,,2
2300,0,0,0.0,1,1.0,1.0,,2
2301,0,0,1.0,1,1.0,0.0,,2
2302,0,1,,1,0.0,1.0,,2
2303,0,0,,0,0.0,0.0,,2
2304,0,1,,1,,0.0,1.0,1
2305,0,1,,1,1.0,1.0,,1
2306,0,0,,0,1.0,1.0,,2
2307,0,0,,1,1.0,1.0,,1
2308,0,0,1.0,1,1.0,1.0,1.0,1
2309,0,1,,1,1.0,1.0,,2
2310,0,0,,1,1.0,0.0,,1
2311,0,0,,1,1.0,0.0,,2
2312,0,0,1.0,1,1.0,1.0,,2
2313,0,0,,1,1.0,1.0,,2
2314,0,1,,1,0.0,0.0,,2
2315,0,0,1.0,1,0.0,1.0,1.0,2
2316,0,1,0.0,1,1.0,1.0,1.0,2
2317,0,1,0.0,1,,1.0,,2
2318,0,0,1.0,1,0.0,1.0,1.0,2
2319,0,0,,1,,1.0,,1
2320,0,0,,0,1.0,,1.0,2
2321,0,0,,1,,1.0,,2
2322,0,1,,1,,1.0,,2
2323,0,0,,1,,1.0,,2
2324,0,0,,1,1.0,1.0,,2
2325,0,1,,1,1.0,1.0,,2
2326,0,1,,0,1.0,1.0,,2
2327,0,1,,1,0.0,1.0,,2
2328,0,0,0.0,1,1.0,1.0,,2
2329,0,1,,1,1.0,0.0,,2
2330,0,0,,0,1.0,1.0,,2
2331,0,1,1.0,1,0.0,1.0,1.0,2
2332,0,1,,1,0.0,1.0,,2
2333,0,0,0.0,1,1.0,,,2
2334,0,0,,1,1.0,1.0,,2
2335,0,0,0.0,1,0.0,0.0,,1
2336,0,0,1.0,1,0.0,1.0,,2
2337,0,0,,1,0.0,1.0,,2
2338,0,0,,1,,1.0,,2
2339,0,0,,1,,1.0,,2
2340,0,1,,1,0.0,0.0,1.0,2
2341,0,1,,1,0.0,1.0,,1
2342,0,1,1.0,1,0.0,1.0,,2
2343,0,1,,1,1.0,1.0,,1
2344,0,0,,1,1.0,0.0,,1
2345,0,0,,1,1.0,0.0,,1
2346,0,1,,1,1.0,0.0,1.0,2
2347,0,1,,1,1.0,1.0,,2
2348,0,1,,1,1.0,1.0,,2
2349,0,1,,0,1.0,0.0,,2
2350,0,0,,1,1.0,0.0,1.0,1
2351,0,1,,1,1.0,1.0,,1
2352,0,0,,0,1.0,1.0,,2
2353,0,0,,1,1.0,1.0,,2
2354,0,1,,1,1.0,1.0,,2
2355,0,1,,1,0.0,1.0,,2
2356,0,0,,1,1.0,0.0,,2
2357,0,1,,1,0.0,,1.0,2
2358,0,0,,1,1.0,0.0,,2
2359,0,0,,1,0.0,1.0,,2
2360,0,0,1.0,0,1.0,1.0,,1
2361,0,0,,1,1.0,0.0,,2
2362,0,0,,1,1.0,1.0,1.0,2
2363,0,1,,1,1.0,0.0,,1
2364,0,1,1.0,1,1.0,0.0,,1
2365,0,0,,1,1.0,1.0,,2
2366,0,1,,1,0.0,1.0,,1
2367,0,1,,1,1.0,0.0,1.0,1
2368,0,1,,1,1.0,0.0,1.0,2
2369,0,0,1.0,1,1.0,1.0,,2
2370,0,0,,1,1.0,1.0,,1
2371,0,0,0.0,1,0.0,1.0,,2
2372,0,0,1.0,1,0.0,1.0,,1
2373,0,0,,0,0.0,1.0,,2
2374,0,0,1.0,1,1.0,1.0,,2
2375,0,0,1.0,0,1.0,0.0,,1
2376,0,0,0.0,1,1.0,1.0,,2
2377,0,1,0.0,1,1.0,1.0,,2
2378,0,0,,1,1.0,1.0,,2
2379,0,1,1.0,1,1.0,1.0,,2
2380,0,0,,1,1.0,1.0,,2
2381,0,1,0.0,0,0.0,1.0,,1
2382,0,1,,1,1.0,1.0,,2
2383,0,1,,1,1.0,1.0,,2
2384,0,1,1.0,1,1.0,0.0,,1
2385,0,0,,1,0.0,0.0,,1
2386,0,1,,1,,0.0,,2
2387,0,0,0.0,1,1.0,0.0,,1
2388,0,0,,1,1.0,1.0,1.0,1
2389,0,1,1.0,1,0.0,1.0,,2
2390,0,0,,1,1.0,1.0,,1
2391,0,0,,1,1.0,0.0,,2
2392,0,1,,0,1.0,1.0,,2
2393,0,1,,1,0.0,0.0,,2
2394,0,1,,1,1.0,1.0,,2
2395,0,0,,1,,1.0,,2
2396,0,0,,1,1.0,1.0,,2
2397,0,0,,1,1.0,1.0,,2
2398,0,1,0.0,1,1.0,1.0,,2
2399,0,0,,1,,1.0,1.0,2
2400,0,1,1.0,1,1.0,1.0,,1
2401,0,1,0.0,1,0.0,1.0,,2
2402,0,0,,1,1.0,0.0,,1
2403,0,0,0.0,1,1.0,1.0,,2
2404,0,1,,1,0.0,1.0,,2
2405,0,1,,1,0.0,1.0,1.0,2
2406,0,0,,1,0.0,,1.0,1
2407,0,0,,1,0.0,1.0,,1
2408,0,1,,1,1.0,0.0,,2
2409,0,1,,1,1.0,1.0,1.0,1
2410,0,1,,1,1.0,1.0,,2
2411,0,1,,1,0.0,0.0,,1
2412,0,1,,0,,,,2
2413,0,1,,1,,,,2
2414,0,0,,1,1.0,1.0,,2
2415,0,1,1.0,1,1.0,1.0,,2
2416,0,0,,1,0.0,0.0,,1
2417,0,0,,1,1.0,1.0,,2
2418,0,0,1.0,1,1.0,0.0,,2
2419,0,0,,1,1.0,1.0,,2
2420,0,0,0.0,0,0.0,1.0,1.0,2
2421,0,1,,1,0.0,1.0,,2
2422,0,0,,1,1.0,,,1
2423,0,0,,1,0.0,1.0,,1
2424,0,1,,1,0.0,,,2
2425,0,1,,1,1.0,1.0,,2
2426,0,0,1.0,1,0.0,1.0,,1
2427,0,0,,0,0.0,1.0,,1
2428,0,0,1.0,1,,1.0,1.0,2
2429,0,1,,1,1.0,1.0,1.0,1
2430,0,0,,1,1.0,1.0,,2
2431,0,0,,0,1.0,1.0,,2
2432,0,0,0.0,1,,0.0,,2
2433,0,1,1.0,1,,0.0,1.0,1
2434,0,0,,1,,0.0,,1
2435,0,0,,0,1.0,1.0,,1
2436,0,0,1.0,1,,1.0,,1
2437,0,0,1.0,0,,1.0,1.0,2
2438,0,0,,1,,1.0,1.0,2
2439,0,0,,0,,1.0,,1
2440,0,0,,1,,1.0,1.0,2
2441,0,0,,1,,1.0,1.0,2
2442,0,0,,1,,1.0,,2
2443,0,1,,1,1.0,1.0,,2
2444,0,0,1.0,1,1.0,1.0,,1
2445,0,1,,1,1.0,1.0,,1
2446,0,0,,1,1.0,1.0,,2
2447,0,0,0.0,1,1.0,1.0,,1
2448,0,0,1.0,1,0.0,1.0,,2
2449,0,0,0.0,1,0.0,1.0,,2
2450,0,0,1.0,1,1.0,0.0,,1
2451,0,1,,1,1.0,,,2
2452,0,1,,1,0.0,1.0,,2
2453,0,0,1.0,1,1.0,0.0,,2
2454,0,1,,1,0.0,1.0,1.0,2
2455,0,0,,1,0.0,1.0,,2
2456,0,0,,1,1.0,1.0,,2
2457,0,1,1.0,1,0.0,0.0,,1
2458,0,1,1.0,1,0.0,1.0,,2
2459,0,1,,1,0.0,1.0,,2
2460,0,0,0.0,1,1.0,1.0,1.0,1
2461,0,0,,1,1.0,0.0,,1
2462,0,1,,1,1.0,1.0,,2
2463,0,0,,0,1.0,0.0,,2
2464,0,0,,1,0.0,1.0,,2
2465,0,0,,1,1.0,1.0,,2
2466,0,1,,1,1.0,,1.0,2
2467,0,0,,1,0.0,0.0,1.0,2
2468,0,1,,1,1.0,1.0,,2
2469,0,0,,1,1.0,1.0,,2
2470,0,0,,1,1.0,1.0,,2
2471,0,0,0.0,1,0.0,1.0,,1
2472,0,1,,1,0.0,,1.0,2
2473,0,0,,1,0.0,,,2
2474,0,1,,1,,1.0,,2
2475,0,1,,1,0.0,1.0,,2
2476,0,0,,1,,1.0,,2
2477,0,1,0.0,1,1.0,1.0,,2
2478,0,0,,0,1.0,1.0,,2
2479,0,1,,1,1.0,1.0,,1
2480,0,0,0.0,1,1.0,1.0,,2
2481,0,1,,1,1.0,1.0,,1
2482,0,1,1.0,1,1.0,0.0,1.0,1
2483,0,1,,0,1.0,0.0,1.0,2
2484,0,0,1.0,1,1.0,1.0,,2
2485,0,0,,1,1.0,1.0,,1
2486,0,0,1.0,1,1.0,1.0,,1
2487,0,1,,0,,1.0,1.0,2
2488,0,1,1.0,1,1.0,1.0,,2
2489,0,1,1.0,1,0.0,1.0,,2
2490,0,1,,0,,0.0,1.0,1
2491,0,1,,1,1.0,1.0,,2
2492,0,0,,1,1.0,1.0,,2
2493,0,0,,0,,0.0,,2
2494,0,0,1.0,1,,0.0,,1
2495,0,1,,1,1.0,,,1
2496,0,0,,1,1.0,0.0,,1
2497,0,1,0.0,1,1.0,,0.0,1
2498,0,0,0.0,1,1.0,1.0,,1
2499,0,0,0.0,1,1.0,1.0,,2
2500,0,0,,0,0.0,0.0,,2
2501,0,1,,1,0.0,0.0,0.0,2
2502,0,1,,1,1.0,1.0,,2
2503,0,0,,1,1.0,1.0,,2
2504,0,1,,1,,0.0,,2
2505,0,0,,1,,0.0,1.0,2
2506,0,0,,0,0.0,1.0,,2
2507,0,0,,1,1.0,,,1
2508,0,1,,1,0.0,1.0,1.0,2
2509,0,1,,1,0.0,0.0,,1
2510,0,0,0.0,1,0.0,0.0,,2
2511,0,0,,1,1.0,0.0,,2
2512,0,0,,1,1.0,0.0,,2
2513,0,0,,1,1.0,0.0,,2
2514,0,0,1.0,1,1.0,1.0,,2
2515,0,0,,1,0.0,1.0,,2
2516,0,1,,0,1.0,1.0,,2
2517,0,0,,1,1.0,0.0,,1
2518,0,1,,1,0.0,0.0,1.0,2
2519,0,1,0.0,1,1.0,1.0,,1
2520,0,1,,0,1.0,0.0,1.0,2
2521,0,0,,1,0.0,1.0,,2
2522,0,0,,1,1.0,0.0,,1
2523,0,0,0.0,1,1.0,1.0,1.0,2
2524,0,0,0.0,1,1.0,1.0,0.0,2
2525,0,0,1.0,1,1.0,1.0,,2
2526,0,0,,1,1.0,1.0,,2
2527,0,1,,1,0.0,0.0,,2
2528,0,1,,1,1.0,1.0,,1
2529,0,0,,1,1.0,0.0,,2
2530,0,0,0.0,1,1.0,1.0,,1
2531,0,1,,1,1.0,1.0,,1
2532,0,0,,1,1.0,1.0,,2
2533,0,0,,1,1.0,0.0,1.0,1
2534,0,0,,1,1.0,1.0,,2
2535,0,1,,1,,1.0,1.0,2
2536,0,1,,1,1.0,0.0,,2
2537,0,1,,1,0.0,1.0,,2
2538,0,0,1.0,1,1.0,0.0,1.0,2
2539,0,1,,1,1.0,1.0,,1
2540,0,1,1.0,1,1.0,1.0,,2
2541,0,0,0.0,1,0.0,1.0,,1
2542,0,1,,1,0.0,1.0,1.0,2
2543,0,1,,1,0.0,1.0,,2
2544,0,1,,1,1.0,1.0,1.0,2
2545,0,1,,1,0.0,0.0,,2
2546,0,0,1.0,1,1.0,1.0,,2
2547,0,0,,1,1.0,1.0,1.0,2
2548,0,0,,1,1.0,1.0,,2
2549,0,1,,1,,1.0,,2
2550,0,0,,1,1.0,0.0,,2
2551,0,0,0.0,0,1.0,0.0,,2
2552,0,1,,1,1.0,1.0,,2
2553,0,0,1.0,1,1.0,0.0,,2
2554,0,1,,1,0.0,1.0,0.0,2
2555,0,0,,1,0.0,0.0,,2
2556,0,0,,1,1.0,1.0,,2
2557,0,0,,1,1.0,0.0,,2
2558,0,1,,1,0.0,1.0,1.0,2
2559,0,1,,1,0.0,1.0,1.0,2
2560,0,1,,1,1.0,1.0,,2
2561,0,0,,1,1.0,0.0,,2
2562,0,1,,0,0.0,1.0,,2
2563,0,1,,1,1.0,0.0,,2
2564,0,0,,1,1.0,1.0,,2
2565,0,1,1.0,1,1.0,1.0,,2
2566,0,1,,1,1.0,1.0,1.0,1
2567,0,0,,1,1.0,1.0,0.0,2
2568,0,0,,1,1.0,1.0,,2
2569,0,0,1.0,1,0.0,1.0,,2
2570,0,1,1.0,1,1.0,0.0,1.0,2
2571,0,1,,1,1.0,0.0,,1
2572,0,0,0.0,1,1.0,0.0,,2
2573,0,1,,1,,0.0,,1
2574,0,0,1.0,0,,0.0,,1
2575,0,1,0.0,1,0.0,1.0,1.0,1
2576,0,0,1.0,1,0.0,1.0,1.0,2
2577,0,0,,1,0.0,1.0,,1
2578,0,1,,0,1.0,1.0,,2
2579,0,0,,1,1.0,0.0,,2
2580,0,1,,1,1.0,,,2
2581,0,0,,1,0.0,1.0,1.0,2
2582,0,0,0.0,1,0.0,1.0,,2
2583,0,0,,0,0.0,1.0,,2
2584,0,0,1.0,0,1.0,0.0,,2
2585,0,1,,1,0.0,0.0,,2
2586,0,1,,0,1.0,0.0,,2
2587,0,0,1.0,1,1.0,0.0,,2
2588,0,1,,1,1.0,1.0,,2
2589,0,1,1.0,0,0.0,1.0,1.0,2
2590,0,1,1.0,1,0.0,1.0,,2
2591,0,0,,1,0.0,1.0,,2
2592,0,1,1.0,0,1.0,0.0,,1
2593,0,1,1.0,1,,0.0,,2
2594,0,0,,1,1.0,1.0,,1
2595,0,1,,0,1.0,1.0,,2
2596,0,0,,1,0.0,1.0,,2
2597,0,1,,1,1.0,1.0,,2
2598,0,0,1.0,1,1.0,0.0,1.0,1
2599,0,1,,1,1.0,1.0,1.0,2
2600,0,1,0.0,1,0.0,1.0,,2
2601,0,1,1.0,1,1.0,1.0,,2
2602,0,0,,1,1.0,,1.0,2
2603,0,1,,1,1.0,,,1
2604,0,0,,1,0.0,0.0,,2
2605,0,1,1.0,1,0.0,0.0,,2
2606,0,0,,1,0.0,0.0,,2
2607,0,0,0.0,1,1.0,0.0,,2
2608,0,0,,1,1.0,1.0,,2
2609,0,0,,1,1.0,1.0,,2
2610,0,1,,1,,1.0,,2
2611,0,1,1.0,1,0.0,1.0,,2
2612,0,1,,0,1.0,1.0,1.0,2
2613,0,0,1.0,1,1.0,0.0,,2
2614,0,0,,1,0.0,0.0,,1
2615,0,1,,1,1.0,1.0,,2
2616,0,1,1.0,1,1.0,1.0,,2
2617,0,0,,1,,1.0,,2
2618,0,1,,1,0.0,1.0,,2
2619,0,0,,1,1.0,1.0,,2
2620,0,1,,1,1.0,1.0,,2
2621,0,0,1.0,1,1.0,1.0,,2
2622,0,0,1.0,1,1.0,1.0,,1
2623,0,0,,0,1.0,,1.0,1
2624,0,0,1.0,1,0.0,1.0,1.0,2
2625,0,1,,1,0.0,1.0,,2
2626,0,1,,1,1.0,1.0,,1
2627,0,1,1.0,1,1.0,0.0,,2
2628,0,1,,0,1.0,1.0,,1
2629,0,0,0.0,1,0.0,1.0,1.0,2
2630,0,0,0.0,1,0.0,1.0,,2
2631,0,0,0.0,0,1.0,0.0,,1
2632,0,1,,1,0.0,1.0,,2
2633,0,1,,1,1.0,1.0,,1
2634,0,1,,1,1.0,1.0,,1
2635,0,0,,1,1.0,0.0,,2
2636,0,0,,1,0.0,1.0,,1
2637,0,0,1.0,1,1.0,1.0,,2
2638,0,1,,1,,1.0,,2
2639,0,1,,1,0.0,0.0,1.0,1
2640,0,1,,1,0.0,0.0,,1
2641,0,0,1.0,1,1.0,0.0,,2
2642,0,0,0.0,1,0.0,1.0,,1
2643,0,0,1.0,1,1.0,0.0,,2
2644,0,1,0.0,1,1.0,0.0,,1
2645,0,1,0.0,1,,0.0,,2
2646,0,1,,1,1.0,0.0,1.0,1
2647,0,0,,1,1.0,0.0,,1
2648,0,1,1.0,1,0.0,0.0,1.0,2
2649,0,1,,1,0.0,0.0,,1
2650,0,0,,1,0.0,1.0,1.0,2
2651,0,0,0.0,1,0.0,1.0,,2
2652,0,1,1.0,1,0.0,1.0,,2
2653,0,0,,1,1.0,0.0,,1
2654,0,1,,1,1.0,1.0,,2
2655,0,1,,1,0.0,1.0,,2
2656,0,1,0.0,1,0.0,1.0,,2
2657,0,0,1.0,0,1.0,1.0,,1
2658,0,0,,0,1.0,1.0,,1
2659,0,0,,1,1.0,0.0,,2
2660,0,0,,1,1.0,1.0,,2
2661,0,0,,1,1.0,1.0,1.0,2
2662,0,1,,1,0.0,1.0,,1
2663,0,0,,0,1.0,1.0,,2
2664,0,0,,1,1.0,0.0,,2
2665,0,0,1.0,1,,1.0,,1
2666,0,0,,0,1.0,1.0,,2
2667,0,1,1.0,1,1.0,1.0,,1
2668,0,1,,1,1.0,,,2
2669,0,1,1.0,1,1.0,,,2
2670,0,0,,1,0.0,1.0,,1
2671,0,1,1.0,0,1.0,1.0,,2
2672,0,1,,1,,1.0,1.0,2
2673,0,0,,1,1.0,1.0,,1
2674,0,0,0.0,1,0.0,1.0,,2
2675,0,0,,1,,0.0,,1
2676,0,1,,1,1.0,1.0,,2
2677,0,0,0.0,1,1.0,0.0,,1
2678,0,0,,1,1.0,0.0,,1
2679,0,1,,1,1.0,0.0,0.0,1
2680,0,0,,1,1.0,0.0,,1
2681,0,1,,1,1.0,0.0,1.0,1
2682,0,1,,1,0.0,1.0,,2
2683,0,0,1.0,1,0.0,0.0,,2
2684,0,1,,1,0.0,0.0,1.0,2
2685,0,1,1.0,1,1.0,1.0,1.0,2
2686,0,0,0.0,1,1.0,1.0,,2
2687,0,1,,1,1.0,1.0,,2
2688,0,1,,1,1.0,1.0,,2
2689,0,1,,1,1.0,1.0,,1
2690,0,0,,1,1.0,1.0,,2
2691,0,1,,1,,1.0,1.0,2
2692,0,1,,1,0.0,1.0,,2
2693,0,1,,1,0.0,1.0,,1
2694,0,0,,1,1.0,1.0,,2
2695,0,0,1.0,1,1.0,1.0,,2
2696,0,0,,1,0.0,1.0,,2
2697,0,1,,1,0.0,1.0,,2
2698,0,1,,1,1.0,,,2
2699,0,0,1.0,1,1.0,1.0,,2
2700,0,1,1.0,1,1.0,0.0,,1
2701,0,0,,1,1.0,0.0,,2
2702,0,1,1.0,1,1.0,0.0,,2
2703,0,0,,1,0.0,1.0,,2
2704,0,0,,1,0.0,1.0,,2
2705,0,1,,0,0.0,1.0,1.0,2
2706,0,1,,1,,,1.0,2
2707,0,0,1.0,1,1.0,1.0,,2
2708,0,0,,1,1.0,1.0,,2
2709,0,0,0.0,1,1.0,0.0,,2
2710,0,0,,1,1.0,1.0,,2
2711,0,0,1.0,1,1.0,1.0,,2
2712,0,1,,1,1.0,1.0,,2
2713,0,1,,1,,1.0,,1
2714,0,1,1.0,1,1.0,0.0,,1
2715,0,0,1.0,0,0.0,1.0,1.0,2
2716,0,0,1.0,1,1.0,1.0,,1
2717,0,1,,1,0.0,1.0,,2
2718,0,1,,1,1.0,1.0,1.0,2
2719,0,0,1.0,1,1.0,0.0,,1
2720,0,1,,1,1.0,1.0,,1
2721,0,0,,1,,1.0,,1
2722,0,0,,1,1.0,1.0,,2
2723,0,0,,1,0.0,1.0,,2
2724,0,0,0.0,1,1.0,0.0,,1
2725,0,1,,1,1.0,0.0,,2
2726,0,1,1.0,1,1.0,1.0,,2
2727,0,0,1.0,0,1.0,1.0,,2
2728,0,0,0.0,1,1.0,1.0,,2
2729,0,0,,1,1.0,1.0,,2
2730,0,0,,1,,0.0,,1
2731,0,0,,0,,0.0,,1
2732,0,0,,0,0.0,1.0,,2
2733,0,1,,0,0.0,1.0,,1
2734,0,0,,1,1.0,1.0,,2
2735,0,1,,0,1.0,1.0,,2
2736,0,1,,1,1.0,1.0,1.0,2
2737,0,0,,1,0.0,1.0,,1
2738,0,1,,1,1.0,1.0,,2
2739,0,0,,1,0.0,0.0,,2
2740,0,0,0.0,1,,1.0,,2
2741,0,0,,1,1.0,0.0,,2
2742,0,1,1.0,1,1.0,0.0,,2
2743,0,0,,1,0.0,1.0,,2
2744,0,0,,1,1.0,0.0,,2
2745,0,1,,1,1.0,0.0,1.0,2
2746,0,0,1.0,1,1.0,1.0,,2
2747,0,1,,1,1.0,1.0,,2
2748,0,0,,1,1.0,0.0,,2
2749,0,1,,0,1.0,1.0,1.0,2
2750,0,0,,1,1.0,1.0,,2
2751,0,1,,0,1.0,0.0,1.0,2
2752,0,0,,1,1.0,0.0,,2
2753,0,0,,0,0.0,1.0,,2
2754,0,0,0.0,1,1.0,0.0,,1
2755,0,0,1.0,1,,1.0,,2
2756,0,1,,1,0.0,1.0,,2
2757,0,1,,1,1.0,1.0,,1
2758,0,1,,1,0.0,1.0,,2
2759,0,0,,1,1.0,0.0,,2
2760,0,1,,1,1.0,1.0,,1
2761,0,1,,0,1.0,1.0,,2
2762,0,1,,1,1.0,1.0,,2
2763,0,0,,1,1.0,1.0,1.0,2
2764,0,0,,1,1.0,1.0,,2
2765,0,1,,1,0.0,1.0,,2
2766,0,1,1.0,0,1.0,1.0,,2
2767,0,1,,1,1.0,1.0,,1
2768,0,0,,1,0.0,1.0,,1
2769,0,0,0.0,1,1.0,,,1
2770,0,0,0.0,1,1.0,1.0,,2
2771,0,1,1.0,1,0.0,0.0,,1
2772,0,0,,1,0.0,1.0,1.0,2
2773,0,0,0.0,1,0.0,0.0,,1
2774,0,0,,1,0.0,1.0,,2
2775,0,0,1.0,1,1.0,1.0,,2
2776,0,1,,1,0.0,1.0,,2
2777,0,0,,0,1.0,1.0,,2
2778,0,1,,1,0.0,,,2
2779,0,0,,1,0.0,,,1
2780,0,1,,1,,1.0,,2
2781,0,0,1.0,1,1.0,0.0,1.0,1
2782,0,0,,1,0.0,1.0,,2
2783,0,0,,1,1.0,1.0,1.0,2
2784,0,0,,1,1.0,1.0,1.0,2
2785,0,0,,1,1.0,1.0,,2
2786,0,1,,1,1.0,1.0,,1
2787,0,1,0.0,1,1.0,,,1
2788,0,0,,1,,,,1
2789,0,0,,1,1.0,0.0,,2
2790,0,1,1.0,1,1.0,1.0,1.0,2
2791,0,1,,1,0.0,1.0,,2
2792,0,0,,1,1.0,1.0,,2
2793,0,0,1.0,1,,1.0,,2
2794,0,0,,0,,1.0,1.0,2
2795,0,0,,1,,1.0,,2
2796,0,1,,1,1.0,1.0,,1
2797,0,0,,1,1.0,1.0,,2
2798,0,0,,1,1.0,0.0,,2
2799,0,0,,0,1.0,0.0,,1
2800,0,0,,1,1.0,1.0,,2
2801,0,0,,0,1.0,1.0,,1
2802,0,0,1.0,1,1.0,1.0,,1
2803,0,1,,1,0.0,0.0,,2
2804,0,0,1.0,1,0.0,1.0,,2
2805,0,1,,1,1.0,0.0,,2
2806,0,1,,1,1.0,1.0,,1
2807,0,0,1.0,1,1.0,1.0,,2
2808,0,1,,0,0.0,1.0,1.0,2
2809,0,1,,1,1.0,1.0,1.0,2
2810,0,0,,0,,1.0,1.0,2
2811,0,1,,1,,1.0,,2
2812,0,1,,1,,1.0,,2
2813,0,0,,1,1.0,0.0,,1
2814,0,0,1.0,0,0.0,,,2
2815,0,1,0.0,1,0.0,1.0,,1
2816,0,1,,1,0.0,1.0,,1
2817,0,0,,1,0.0,1.0,,2
2818,0,0,,1,0.0,1.0,,2
2819,0,0,,1,0.0,1.0,,1
2820,0,1,,1,0.0,1.0,,2
2821,0,1,,1,1.0,1.0,,2
2822,0,0,,1,0.0,0.0,,2
2823,0,1,,1,0.0,0.0,,2
2824,0,0,,1,1.0,1.0,,2
2825,0,0,,1,1.0,1.0,,1
2826,0,0,,1,1.0,1.0,1.0,2
2827,0,1,1.0,1,0.0,1.0,,2
2828,0,0,,1,0.0,1.0,,2
2829,0,0,0.0,1,1.0,1.0,,1
2830,0,0,0.0,1,1.0,1.0,,1
2831,0,1,1.0,0,1.0,1.0,,2
2832,0,1,,1,1.0,,,2
2833,0,1,0.0,1,1.0,0.0,,1
2834,0,1,,1,1.0,0.0,,2
2835,0,0,,1,1.0,0.0,,1
2836,0,0,,1,1.0,1.0,,2
2837,0,0,1.0,1,,1.0,1.0,2
2838,0,0,,1,1.0,0.0,,2
2839,0,0,1.0,1,,1.0,1.0,2
2840,0,1,,1,,0.0,,2
2841,0,0,,1,1.0,1.0,,2
2842,0,1,,1,1.0,1.0,,2
2843,0,0,0.0,1,1.0,1.0,,2
2844,0,0,1.0,1,1.0,,,2
2845,0,1,,1,1.0,,,2
2846,0,1,,1,1.0,0.0,,1
2847,0,0,,0,1.0,0.0,,2
2848,0,1,1.0,0,0.0,1.0,,2
2849,0,1,1.0,1,1.0,0.0,,1
2850,0,0,,1,0.0,1.0,,1
2851,0,1,,1,0.0,1.0,,2
2852,0,0,0.0,1,1.0,1.0,,2
2853,0,0,0.0,1,1.0,1.0,,2
2854,0,0,1.0,1,1.0,0.0,,2
2855,0,0,0.0,1,1.0,1.0,,2
2856,0,1,,1,1.0,1.0,,1
2857,0,0,1.0,0,0.0,0.0,,2
2858,0,0,1.0,1,0.0,1.0,,2
2859,0,0,1.0,1,1.0,1.0,1.0,2
2860,0,1,1.0,1,1.0,1.0,,2
2861,0,1,,1,,1.0,1.0,2
2862,0,1,,1,0.0,0.0,,2
2863,0,1,,1,0.0,0.0,1.0,2
2864,0,0,,1,1.0,1.0,,2
2865,0,0,0.0,1,1.0,1.0,,2
2866,0,0,1.0,1,1.0,1.0,,2
2867,0,1,,1,1.0,0.0,,1
2868,0,1,,1,0.0,1.0,,2
2869,0,0,,1,0.0,0.0,,2
2870,0,1,,0,,1.0,1.0,2
2871,0,1,,1,1.0,1.0,,2
2872,0,0,,1,1.0,0.0,,1
2873,0,0,,1,1.0,1.0,1.0,2
2874,0,0,,0,0.0,0.0,,2
2875,0,0,1.0,1,0.0,0.0,,2
2876,0,0,,1,0.0,1.0,,1
2877,0,1,,1,1.0,0.0,,1
2878,0,1,,1,1.0,1.0,,1
2879,0,1,1.0,1,,1.0,1.0,2
2880,0,0,,1,,1.0,,2
2881,0,1,,1,,0.0,0.0,2
2882,0,1,1.0,1,0.0,1.0,1.0,2
2883,0,1,,1,0.0,1.0,,1
2884,0,1,,1,,0.0,,2
2885,0,1,,1,,0.0,,1
2886,0,0,1.0,1,,0.0,,2
2887,0,1,,1,,0.0,0.0,2
2888,0,1,0.0,1,0.0,1.0,,1
2889,0,0,,1,0.0,1.0,,2
2890,0,0,,1,1.0,0.0,,2
2891,0,0,1.0,1,0.0,1.0,,2
2892,0,0,0.0,1,1.0,1.0,,2
2893,0,1,,1,0.0,1.0,1.0,2
2894,0,1,0.0,1,1.0,0.0,,2
2895,0,0,,1,1.0,0.0,,1
2896,0,0,1.0,1,1.0,0.0,1.0,2
2897,0,0,,0,1.0,0.0,,2
2898,0,0,1.0,1,0.0,1.0,,2
2899,0,1,,1,1.0,1.0,,2
2900,0,0,0.0,1,1.0,1.0,,1
2901,0,0,,0,1.0,1.0,,2
2902,0,0,1.0,1,1.0,0.0,,2
2903,0,1,,1,1.0,0.0,,2
2904,0,1,1.0,1,1.0,0.0,,2
2905,0,1,,1,1.0,1.0,,2
2906,0,1,0.0,1,1.0,0.0,,2
2907,0,0,,1,,1.0,,2
2908,0,0,,1,1.0,1.0,,2
2909,0,1,,1,1.0,0.0,,2
2910,0,1,,1,1.0,1.0,,1
2911,0,1,,1,1.0,1.0,1.0,2
2912,0,1,,1,0.0,0.0,,2
2913,0,1,,1,0.0,0.0,,2
2914,0,0,1.0,1,0.0,1.0,,1
2915,0,0,,1,1.0,1.0,,2
2916,0,1,,1,1.0,1.0,,2
2917,0,1,1.0,1,0.0,1.0,,2
2918,0,1,,1,1.0,1.0,,2
2919,0,0,,1,1.0,1.0,,2
2920,0,0,1.0,1,0.0,1.0,,2
2921,0,0,,1,1.0,0.0,0.0,1
2922,0,0,,1,0.0,1.0,,1
2923,0,1,0.0,1,0.0,1.0,,2
2924,0,0,,1,,0.0,0.0,1
2925,0,0,,1,0.0,0.0,,2
2926,0,0,,1,0.0,0.0,,2
2927,0,0,1.0,1,0.0,1.0,,1
2928,0,0,,1,1.0,0.0,0.0,1
2929,0,1,0.0,1,1.0,1.0,,2
2930,0,1,,1,0.0,0.0,1.0,2
2931,0,1,,1,0.0,0.0,1.0,2
2932,0,0,,0,1.0,1.0,,2
2933,0,0,,1,1.0,0.0,1.0,2
2934,0,1,,1,1.0,1.0,,2
2935,0,0,0.0,1,0.0,1.0,,2
2936,0,0,1.0,1,0.0,1.0,,2
2937,0,1,,1,1.0,1.0,,2
2938,0,0,,1,1.0,1.0,,2
2939,0,0,,1,0.0,1.0,,2
2940,0,0,1.0,1,0.0,1.0,,2
2941,0,1,,0,0.0,0.0,,1
2942,0,1,,1,1.0,0.0,,1
2943,0,0,0.0,1,,0.0,1.0,1
2944,0,1,,1,1.0,1.0,,2
2945,0,1,,1,1.0,0.0,,2
2946,0,1,1.0,1,1.0,0.0,1.0,2
2947,0,0,1.0,1,1.0,,,2
2948,0,0,1.0,0,1.0,0.0,,2
2949,0,0,,1,0.0,0.0,,1
2950,0,0,1.0,1,0.0,0.0,,2
2951,0,1,,1,0.0,1.0,,1
2952,0,1,,1,1.0,0.0,1.0,1
2953,0,1,0.0,1,0.0,1.0,1.0,2
2954,0,0,,1,1.0,1.0,0.0,2
2955,0,0,1.0,1,1.0,0.0,,1
2956,0,0,,1,1.0,0.0,1.0,2
2957,0,0,,0,0.0,0.0,,2
2958,0,0,1.0,1,1.0,1.0,,2
2959,0,1,,1,0.0,1.0,,1
2960,0,0,,1,1.0,1.0,,2
2961,0,0,0.0,1,1.0,1.0,1.0,2
2962,0,1,,1,1.0,0.0,,1
2963,0,0,,1,1.0,1.0,,2
2964,0,1,,1,0.0,1.0,,2
2965,0,0,1.0,1,1.0,0.0,,1
2966,0,1,,1,1.0,1.0,,1
2967,0,1,,1,1.0,0.0,,2
2968,0,1,,1,1.0,0.0,,2
2969,0,1,,1,1.0,1.0,1.0,2
2970,0,1,,1,,1.0,,2
2971,0,0,,1,,1.0,,1
2972,0,0,,0,0.0,1.0,0.0,2
2973,0,0,,1,1.0,1.0,1.0,2
2974,0,0,,1,1.0,1.0,,2
2975,0,1,,1,1.0,0.0,,2
2976,0,1,,1,0.0,1.0,,2
2977,0,0,,1,1.0,1.0,,1
2978,0,1,,1,,0.0,,2
2979,0,0,1.0,1,1.0,1.0,,2
2980,0,1,1.0,1,1.0,1.0,,2
2981,0,0,,1,1.0,0.0,1.0,2
2982,0,1,1.0,1,1.0,0.0,1.0,2
2983,0,0,,1,1.0,1.0,,2
2984,0,0,0.0,1,1.0,1.0,,2
2985,0,0,,1,1.0,1.0,,1
2986,0,0,0.0,1,1.0,1.0,,2
2987,0,0,,1,0.0,1.0,,2
2988,0,1,,1,0.0,1.0,,2
2989,0,1,,1,0.0,1.0,,2
2990,0,0,,1,0.0,1.0,,2
2991,0,1,1.0,1,1.0,1.0,,2
2992,0,0,0.0,1,1.0,1.0,,1
2993,0,1,,1,,,,2
2994,0,0,,1,,,,1
2995,0,1,,1,1.0,1.0,,2
2996,0,1,,0,1.0,0.0,1.0,2
2997,0,1,,1,0.0,1.0,,2
2998,0,1,,1,0.0,1.0,1.0,2
2999,0,1,1.0,1,0.0,1.0,,2
3000,0,1,1.0,1,0.0,1.0,1.0,2
3001,0,1,,1,0.0,1.0,,1
3002,0,1,,0,0.0,1.0,1.0,2
3003,0,1,0.0,1,1.0,1.0,1.0,2
3004,0,0,,0,1.0,1.0,,2
3005,0,0,,1,1.0,1.0,,1
3006,0,1,,1,1.0,1.0,,1
3007,0,0,0.0,1,1.0,0.0,,1
3008,0,1,,1,0.0,1.0,,2
3009,0,0,0.0,1,1.0,1.0,,2
3010,0,0,,0,0.0,0.0,,2
3011,0,1,,1,0.0,0.0,,2
3012,0,1,1.0,1,1.0,1.0,,2
3013,0,0,0.0,1,1.0,1.0,,2
3014,0,1,0.0,1,1.0,1.0,,2
3015,0,1,,0,1.0,1.0,1.0,2
3016,0,1,,1,1.0,1.0,,2
3017,0,1,,1,1.0,0.0,,2
3018,0,1,1.0,1,1.0,1.0,1.0,2
3019,0,1,1.0,1,1.0,1.0,,2
3020,0,1,,1,1.0,0.0,,2
3021,0,0,,1,1.0,0.0,,1
3022,0,0,,1,1.0,0.0,,2
3023,0,0,1.0,1,1.0,1.0,,2
3024,0,0,,1,,1.0,,1
3025,0,0,,1,1.0,1.0,,1
3026,0,0,1.0,1,1.0,1.0,,2
3027,0,1,1.0,0,1.0,1.0,,2
3028,0,0,1.0,1,1.0,1.0,1.0,1
3029,0,1,,1,0.0,1.0,,1
3030,0,0,0.0,1,1.0,1.0,1.0,2
3031,0,1,,1,1.0,1.0,,2
3032,0,1,,0,1.0,1.0,,2
3033,0,0,,1,1.0,1.0,,2
3034,0,0,,1,,0.0,1.0,1
3035,0,0,,1,1.0,1.0,,2
3036,0,0,1.0,1,1.0,1.0,1.0,2
3037,0,0,,1,1.0,1.0,,2
3038,0,1,,0,1.0,1.0,0.0,2
3039,0,1,,1,1.0,1.0,,2
3040,0,0,,1,1.0,1.0,,2
3041,0,1,0.0,1,,1.0,1.0,2
3042,0,1,,1,1.0,1.0,1.0,2
3043,0,1,,1,1.0,1.0,1.0,1
3044,0,0,1.0,1,1.0,1.0,,2
3045,0,0,0.0,1,1.0,1.0,,2
3046,0,0,,1,1.0,1.0,,1
3047,0,0,,1,1.0,0.0,,2
3048,0,0,,1,1.0,1.0,,1
3049,0,0,0.0,1,1.0,0.0,,2
3050,0,0,,1,1.0,1.0,,2
3051,0,0,,1,1.0,0.0,1.0,2
3052,0,0,1.0,1,,1.0,,2
3053,0,0,,1,,1.0,,2
3054,0,0,,1,,1.0,,2
3055,0,1,,1,,1.0,,2
3056,0,1,1.0,1,,1.0,,2
3057,0,1,,1,1.0,1.0,,2
3058,0,1,,1,1.0,,,2
3059,0,0,0.0,1,1.0,,,1
3060,0,1,,1,,,,2
3061,0,0,,1,1.0,0.0,1.0,2
3062,0,1,,1,1.0,0.0,,2
3063,0,1,,1,1.0,1.0,1.0,1
3064,0,1,,1,,0.0,,2
3065,0,0,1.0,1,,0.0,,2
3066,0,1,,0,,0.0,,2
3067,0,0,,1,1.0,1.0,,2
3068,0,0,,1,1.0,0.0,,2
3069,0,1,,1,,1.0,1.0,2
3070,0,1,,1,,0.0,,2
3071,0,0,1.0,1,1.0,1.0,1.0,2
3072,0,0,1.0,1,,0.0,1.0,2
3073,0,0,,1,1.0,,,1
3074,0,1,,1,0.0,0.0,,2
3075,0,0,0.0,1,1.0,,,2
3076,0,0,,1,0.0,1.0,,1
3077,0,0,,1,1.0,0.0,1.0,2
3078,0,1,,1,1.0,0.0,,2
3079,0,0,,1,1.0,0.0,,2
3080,0,0,,1,1.0,0.0,,1
3081,0,1,,1,1.0,0.0,,1
3082,0,1,,1,0.0,1.0,,2
3083,0,1,1.0,1,1.0,1.0,,1
3084,0,0,,1,1.0,1.0,1.0,1
3085,0,0,,1,,0.0,,2
3086,0,1,,1,1.0,1.0,,2
3087,0,1,,1,1.0,0.0,,1
3088,0,0,,1,1.0,1.0,,2
3089,0,0,1.0,1,1.0,1.0,1.0,2
3090,0,1,,1,1.0,0.0,,2
3091,0,1,,1,0.0,1.0,,2
3092,0,0,,1,1.0,1.0,,2
3093,0,1,,1,1.0,1.0,1.0,2
3094,0,0,,1,1.0,1.0,,2
3095,0,1,,1,0.0,1.0,1.0,2
3096,0,0,1.0,1,0.0,1.0,,2
3097,0,0,,1,0.0,0.0,,1
3098,0,1,0.0,1,0.0,0.0,,2
3099,0,1,,1,0.0,,,2
3100,0,0,,1,1.0,1.0,,2
3101,0,0,0.0,1,,1.0,,1
3102,0,0,0.0,0,,1.0,,2
3103,0,1,,1,1.0,,,2
3104,0,0,1.0,1,0.0,1.0,1.0,1
3105,0,0,1.0,1,1.0,1.0,,1
3106,0,1,0.0,1,1.0,1.0,,2
3107,0,0,0.0,0,1.0,1.0,,1
3108,0,0,,1,1.0,1.0,,2
3109,0,0,,1,1.0,1.0,,2
3110,0,1,,1,1.0,,,2
3111,0,0,1.0,1,1.0,,,2
3112,0,1,,1,0.0,1.0,,1
3113,0,1,,1,1.0,1.0,,2
3114,0,0,,1,1.0,0.0,,1
3115,0,0,1.0,0,,,,1
3116,0,0,,1,0.0,1.0,1.0,2
3117,0,1,,1,0.0,1.0,,2
3118,0,0,,1,,1.0,,2
3119,0,0,,1,1.0,1.0,,2
3120,0,0,,1,0.0,1.0,1.0,1
3121,0,1,,1,1.0,1.0,,1
3122,0,0,,1,1.0,1.0,1.0,2
3123,0,0,,1,,1.0,1.0,1
3124,0,1,1.0,1,0.0,1.0,,2
3125,0,0,1.0,0,1.0,1.0,,2
3126,0,1,,0,1.0,1.0,1.0,2
3127,0,0,1.0,0,0.0,1.0,,1
3128,0,1,,1,1.0,1.0,1.0,2
3129,0,1,,1,0.0,0.0,,2
3130,0,1,,1,1.0,1.0,,2
3131,0,1,,1,1.0,0.0,,2
3132,0,0,,1,,1.0,,2
3133,0,0,,1,0.0,1.0,,1
3134,0,0,,1,0.0,1.0,,2
3135,0,1,1.0,1,0.0,1.0,,2
3136,0,0,1.0,1,,1.0,1.0,2
3137,0,0,,1,,1.0,1.0,2
3138,0,1,,0,1.0,1.0,,2
3139,0,1,,1,1.0,1.0,,2
3140,0,1,,1,0.0,1.0,,1
3141,0,1,0.0,1,0.0,1.0,,2
3142,0,0,0.0,1,,0.0,,2
3143,0,1,,1,1.0,1.0,,2
3144,0,0,,1,0.0,1.0,1.0,2
3145,0,0,,1,1.0,1.0,,2
3146,0,0,0.0,0,,1.0,,2
3147,0,1,,1,,0.0,,1
3148,0,0,,1,1.0,0.0,,1
3149,0,1,,1,1.0,1.0,,2
3150,0,1,,0,0.0,1.0,,2
3151,0,1,,1,1.0,0.0,,1
3152,0,1,0.0,1,0.0,1.0,1.0,2
3153,0,0,,1,,0.0,,2
3154,0,1,,1,0.0,,1.0,2
3155,0,0,,0,1.0,0.0,,1
3156,0,0,1.0,1,1.0,0.0,,1
3157,0,0,,0,1.0,1.0,,1
3158,0,1,0.0,1,0.0,1.0,0.0,2
3159,0,0,1.0,1,0.0,1.0,,1
3160,0,0,,1,0.0,1.0,,1
3161,0,1,,1,1.0,1.0,,2
3162,0,1,,1,0.0,0.0,,2
3163,0,0,,1,0.0,1.0,,2
3164,0,0,,1,1.0,0.0,,2
3165,0,0,1.0,1,1.0,0.0,,2
3166,0,0,1.0,1,0.0,0.0,,2
3167,0,0,1.0,1,1.0,1.0,,2
3168,0,0,,1,1.0,0.0,,2
3169,0,0,,0,1.0,,,2
3170,0,1,,1,1.0,,,2
3171,0,0,,1,1.0,0.0,,2
3172,0,0,1.0,1,1.0,0.0,,2
3173,0,1,,1,0.0,0.0,,1
3174,0,0,,1,1.0,1.0,1.0,2
3175,0,1,,1,1.0,0.0,1.0,1
3176,0,0,0.0,1,1.0,1.0,1.0,2
3177,0,0,,1,1.0,1.0,,2
3178,0,0,,1,1.0,1.0,,2
3179,0,1,1.0,1,1.0,1.0,,2
3180,0,0,,1,1.0,0.0,,2
3181,0,0,,1,0.0,1.0,,2
3182,0,0,0.0,1,1.0,1.0,0.0,2
3183,0,0,,1,,1.0,,1
3184,0,0,0.0,1,0.0,1.0,,2
3185,0,1,,0,0.0,1.0,1.0,2
3186,0,1,,1,1.0,1.0,,1
3187,0,1,,1,,1.0,,2
3188,0,0,,0,1.0,0.0,1.0,2
3189,0,1,,0,1.0,0.0,,1
3190,0,1,1.0,1,0.0,1.0,,2
3191,0,1,1.0,1,,1.0,1.0,2
3192,0,1,,0,,1.0,1.0,2
3193,0,0,,1,0.0,1.0,,2
3194,0,1,,1,1.0,0.0,1.0,2
3195,0,0,,1,,0.0,,2
3196,0,0,,1,1.0,1.0,,1
3197,0,0,1.0,1,0.0,1.0,,2
3198,0,1,0.0,1,0.0,1.0,,2
3199,0,0,1.0,1,0.0,1.0,,2
3200,0,1,,1,1.0,1.0,,2
3201,0,1,,1,0.0,0.0,,1
3202,0,0,1.0,1,1.0,1.0,,2
3203,0,0,,1,0.0,1.0,,2
3204,0,0,,1,1.0,1.0,1.0,2
3205,0,0,,1,1.0,1.0,,2
3206,0,0,1.0,1,0.0,1.0,,2
3207,0,0,0.0,1,0.0,1.0,,1
3208,0,0,1.0,1,,1.0,,2
3209,0,0,0.0,1,0.0,1.0,,2
3210,0,0,,1,1.0,0.0,,1
3211,0,1,,1,,1.0,,2
3212,0,0,,0,1.0,1.0,1.0,1
3213,0,1,1.0,1,,1.0,,2
3214,0,0,0.0,1,,1.0,,2
3215,0,0,1.0,1,0.0,1.0,1.0,1
3216,0,0,,1,1.0,1.0,,2
3217,0,0,,1,1.0,1.0,,2
3218,0,0,,1,1.0,0.0,,1
3219,0,0,1.0,0,1.0,0.0,,1
3220,0,1,,1,1.0,0.0,,2
3221,0,0,0.0,1,1.0,1.0,,2
3222,0,0,,1,,0.0,,2
3223,0,0,0.0,1,1.0,0.0,,1
3224,0,0,,1,1.0,1.0,,2
3225,0,1,,1,0.0,1.0,,2
3226,0,0,,1,,0.0,,2
3227,0,1,,0,,0.0,1.0,2
3228,0,1,1.0,1,0.0,1.0,,2
3229,0,1,,1,0.0,1.0,1.0,2
3230,0,1,,1,1.0,1.0,,2
3231,0,1,,1,1.0,1.0,,1
3232,0,1,,1,0.0,1.0,,1
3233,0,0,,1,,0.0,1.0,2
3234,0,0,0.0,0,,1.0,,2
3235,0,1,1.0,1,,1.0,,2
3236,0,1,0.0,1,1.0,1.0,1.0,1
3237,0,0,,1,1.0,1.0,,2
3238,0,0,,1,1.0,1.0,0.0,2
3239,0,1,,1,1.0,,,2
3240,0,1,,0,,1.0,,2
3241,0,1,,1,,0.0,1.0,2
3242,0,0,1.0,1,,0.0,,2
3243,0,1,,1,1.0,1.0,,2
3244,0,0,,1,1.0,1.0,,1
3245,0,1,,1,1.0,0.0,,2
3246,0,0,0.0,1,0.0,1.0,,2
3247,0,0,,1,0.0,1.0,1.0,2
3248,0,1,0.0,1,0.0,1.0,,2
3249,0,0,1.0,1,1.0,1.0,,1
3250,0,0,,0,1.0,0.0,1.0,2
3251,0,1,,1,1.0,0.0,1.0,1
3252,0,1,1.0,0,0.0,1.0,,2
3253,0,0,,1,1.0,0.0,,1
3254,0,0,1.0,1,0.0,0.0,1.0,2
3255,0,1,0.0,1,1.0,1.0,,2
3256,0,0,,1,1.0,1.0,,2
3257,0,0,1.0,1,1.0,0.0,,2
3258,0,0,1.0,1,1.0,1.0,,2
3259,0,0,,1,0.0,1.0,1.0,2
3260,0,1,1.0,1,0.0,1.0,,2
3261,0,1,1.0,1,1.0,0.0,,1
3262,0,0,1.0,1,1.0,0.0,,2
3263,0,0,1.0,1,1.0,0.0,,2
3264,0,0,,0,1.0,1.0,,2
3265,0,0,,1,,0.0,,1
3266,0,1,,1,1.0,0.0,,2
3267,0,0,1.0,1,1.0,1.0,,2
3268,0,1,0.0,1,1.0,1.0,,1
3269,0,1,,1,1.0,1.0,,1
3270,0,1,,1,1.0,0.0,1.0,2
3271,0,1,0.0,1,1.0,1.0,,1
3272,0,1,,1,1.0,0.0,,2
3273,0,1,,1,0.0,1.0,,2
3274,0,1,0.0,1,1.0,1.0,,2
3275,0,0,,1,1.0,0.0,,2
3276,0,1,,1,1.0,1.0,,1
3277,0,0,,1,1.0,1.0,,1
3278,0,1,,1,1.0,1.0,,2
3279,0,0,,0,1.0,0.0,,1
3280,0,1,,1,1.0,1.0,,2
3281,0,0,,1,1.0,1.0,,2
3282,0,0,0.0,0,1.0,1.0,,2
3283,0,0,,1,0.0,1.0,,1
3284,0,0,1.0,0,1.0,0.0,1.0,2
3285,0,1,,1,1.0,1.0,,2
3286,0,1,,1,1.0,0.0,,1
3287,0,0,1.0,1,,1.0,,2
3288,0,0,,1,,0.0,,1
3289,0,0,0.0,1,0.0,1.0,,2
3290,0,0,,1,0.0,1.0,0.0,2
3291,0,0,1.0,1,1.0,0.0,,2
3292,0,1,1.0,0,1.0,,,2
3293,0,0,,0,1.0,,,1
3294,0,0,1.0,0,1.0,1.0,1.0,1
3295,0,0,,0,,0.0,,2
3296,0,0,0.0,1,0.0,1.0,1.0,2
3297,0,1,,0,1.0,1.0,1.0,2
3298,0,0,,1,1.0,1.0,,2
3299,0,0,,1,0.0,1.0,,1
3300,0,0,,1,0.0,1.0,1.0,2
3301,0,0,,1,1.0,,,1
3302,0,1,,1,1.0,,,2
3303,0,0,,1,0.0,0.0,,2
3304,0,0,,1,1.0,,,1
3305,0,1,,1,1.0,1.0,1.0,2
3306,0,0,1.0,1,1.0,1.0,1.0,2
3307,0,1,0.0,1,0.0,1.0,,2
3308,0,1,,1,1.0,1.0,,2
3309,0,1,,0,1.0,1.0,,2
3310,0,0,,1,1.0,0.0,,2
3311,0,1,,1,1.0,0.0,,2
3312,0,0,,1,1.0,0.0,,2
3313,0,1,0.0,1,1.0,0.0,,2
3314,0,0,1.0,1,1.0,0.0,,2
3315,0,1,,1,1.0,0.0,,2
3316,0,0,,1,1.0,1.0,,2
3317,0,1,,1,,0.0,1.0,2
3318,0,0,,1,1.0,1.0,,2
3319,0,1,,1,1.0,1.0,,2
3320,0,0,,1,0.0,1.0,,1
3321,0,1,0.0,1,0.0,1.0,,2
3322,0,1,,1,1.0,0.0,,2
3323,0,0,,1,0.0,1.0,,2
3324,0,1,,1,1.0,1.0,1.0,1
3325,0,0,,1,0.0,0.0,,2
3326,0,1,1.0,1,0.0,0.0,,2
3327,0,0,,0,1.0,0.0,,2
3328,0,1,,0,0.0,0.0,,2
3329,0,1,,1,1.0,0.0,0.0,1
3330,0,0,,1,0.0,1.0,,2
3331,0,1,1.0,1,0.0,1.0,1.0,2
3332,0,1,1.0,1,,1.0,1.0,1
3333,0,0,,1,0.0,1.0,,2
3334,0,0,,1,1.0,0.0,,2
3335,0,1,0.0,1,0.0,1.0,,1
3336,0,0,,0,,1.0,,2
3337,0,0,0.0,1,1.0,0.0,,2
3338,0,1,,0,1.0,0.0,,2
3339,0,0,1.0,1,1.0,0.0,,2
3340,0,0,,1,0.0,0.0,,1
3341,0,1,,1,0.0,1.0,,2
3342,0,1,,1,0.0,1.0,,2
3343,0,0,,1,1.0,,,1
3344,0,0,,1,0.0,0.0,,1
3345,0,0,,1,0.0,0.0,1.0,1
3346,0,1,0.0,1,0.0,0.0,,1
3347,0,0,0.0,1,1.0,1.0,1.0,1
3348,0,0,0.0,1,1.0,1.0,,2
3349,0,1,,1,0.0,1.0,1.0,1
3350,0,0,0.0,1,0.0,1.0,,2
3351,0,1,,1,1.0,1.0,,2
3352,0,1,,0,0.0,0.0,,2
3353,0,0,1.0,1,0.0,1.0,,2
3354,0,0,1.0,1,1.0,0.0,,2
3355,0,1,,1,1.0,1.0,,2
3356,0,0,,1,1.0,1.0,,1
3357,0,0,,1,0.0,1.0,,2
3358,0,1,,1,0.0,1.0,,2
3359,0,0,,1,0.0,1.0,1.0,2
3360,0,1,,1,,1.0,,2
3361,0,0,,1,1.0,0.0,,2
3362,0,0,,1,1.0,0.0,,2
3363,0,1,,1,,1.0,,2
3364,0,0,0.0,1,1.0,1.0,1.0,2
3365,0,0,1.0,1,1.0,1.0,,2
3366,0,0,1.0,1,1.0,0.0,,2
3367,0,0,,1,,1.0,,2
3368,0,0,,1,0.0,1.0,,2
3369,0,1,,0,1.0,1.0,,2
3370,0,0,1.0,1,0.0,1.0,1.0,2
3371,0,0,0.0,1,0.0,1.0,,2
3372,0,1,,1,1.0,1.0,,2
3373,0,0,,1,,1.0,1.0,1
3374,0,0,,0,1.0,0.0,,2
3375,0,0,,1,1.0,1.0,,2
3376,0,0,,1,1.0,0.0,,1
3377,0,1,,1,1.0,0.0,,2
3378,0,0,,1,1.0,0.0,,1
3379,0,1,,1,1.0,0.0,,2
3380,0,1,,1,1.0,0.0,,2
3381,0,0,1.0,1,1.0,,,1
3382,0,0,,1,0.0,0.0,,2
3383,0,1,,1,0.0,,,2
3384,0,0,1.0,1,1.0,1.0,,2
3385,0,0,1.0,1,1.0,1.0,1.0,2
3386,0,1,,1,1.0,1.0,,2
3387,0,0,,0,,,,2
3388,0,1,,0,1.0,1.0,,2
3389,0,0,1.0,1,1.0,,,2
3390,0,1,,1,1.0,1.0,,1
3391,0,0,,1,1.0,1.0,,2
3392,0,0,,1,1.0,1.0,,2
3393,0,0,1.0,1,0.0,,,2
3394,0,1,0.0,1,0.0,,,2
3395,0,0,,1,1.0,1.0,,1
3396,0,0,1.0,1,1.0,1.0,0.0,2
3397,0,1,1.0,1,0.0,1.0,,2
3398,0,0,,1,1.0,0.0,,1
3399,0,0,,1,0.0,1.0,,2
3400,0,0,,1,1.0,1.0,,2
3401,0,0,,1,1.0,1.0,,2
3402,0,1,,1,,,1.0,2
3403,0,1,,1,1.0,1.0,1.0,2
3404,0,0,,1,0.0,0.0,,2
3405,0,0,0.0,0,0.0,1.0,1.0,2
3406,0,1,,1,1.0,1.0,,2
3407,0,1,1.0,1,0.0,1.0,,2
3408,0,1,,1,,0.0,,2
3409,0,0,,1,1.0,1.0,1.0,2
3410,0,1,,1,1.0,0.0,,1
3411,0,0,1.0,1,,1.0,,2
3412,0,0,,1,1.0,0.0,1.0,2
3413,0,0,,1,0.0,,,2
3414,0,1,,1,0.0,,,2
3415,0,1,,1,0.0,,,2
3416,0,1,,1,0.0,1.0,1.0,1
3417,0,0,0.0,1,1.0,1.0,,2
3418,0,1,,1,1.0,1.0,,1
3419,0,0,0.0,1,1.0,0.0,,1
3420,0,0,,1,1.0,0.0,,2
3421,0,0,0.0,1,1.0,,,2
3422,0,0,,1,0.0,0.0,,2
3423,0,0,,1,1.0,1.0,1.0,2
3424,0,1,,1,1.0,1.0,,2
3425,0,0,,1,1.0,0.0,,1
3426,0,0,1.0,1,1.0,0.0,,2
3427,0,0,0.0,1,0.0,0.0,,2
3428,0,0,,1,,0.0,1.0,2
3429,0,0,,1,1.0,1.0,,2
3430,0,1,,1,1.0,1.0,,2
3431,0,1,,1,1.0,0.0,,1
3432,0,1,0.0,1,0.0,1.0,,1
3433,0,1,,1,,0.0,,2
3434,0,0,0.0,1,1.0,1.0,,1
3435,0,0,,1,1.0,1.0,1.0,1
3436,0,1,,1,1.0,1.0,1.0,2
3437,0,1,,1,1.0,1.0,,2
3438,0,0,0.0,1,1.0,1.0,,2
3439,0,0,,1,1.0,1.0,,2
3440,0,1,,1,0.0,1.0,,2
3441,0,1,1.0,1,0.0,1.0,1.0,2
3442,0,1,,1,0.0,1.0,,2
3443,0,1,,1,0.0,1.0,,2
3444,0,1,,1,0.0,1.0,,2
3445,0,0,,1,0.0,1.0,,2
3446,0,1,,1,1.0,1.0,,2
3447,0,1,,1,1.0,1.0,,2
3448,0,0,,1,1.0,1.0,,2
3449,0,1,,1,1.0,1.0,,2
3450,0,0,,1,1.0,1.0,,2
3451,0,0,,1,1.0,0.0,,2
3452,0,0,,1,0.0,1.0,,1
3453,0,0,,1,0.0,1.0,,2
3454,0,0,1.0,1,1.0,1.0,,2
3455,0,0,,1,1.0,,,2
3456,0,1,,1,1.0,1.0,,1
3457,0,0,1.0,1,1.0,1.0,,1
3458,0,1,,1,1.0,1.0,,1
3459,0,1,,1,1.0,1.0,1.0,1
3460,0,1,,1,1.0,1.0,,2
3461,0,0,,1,1.0,1.0,1.0,2
3462,0,1,,1,0.0,1.0,,1
3463,0,0,1.0,1,0.0,1.0,,2
3464,0,0,,1,1.0,0.0,,2
3465,0,0,0.0,1,,1.0,,1
3466,0,0,,1,1.0,0.0,,2
3467,0,0,,1,,1.0,,2
3468,0,0,,1,1.0,1.0,,2
3469,0,1,1.0,1,0.0,1.0,,1
3470,0,0,,1,1.0,1.0,,2
3471,0,0,,1,1.0,1.0,,2
3472,0,0,,1,1.0,0.0,,2
3473,0,0,1.0,1,1.0,1.0,1.0,1
3474,0,0,0.0,1,0.0,1.0,1.0,2
3475,0,0,1.0,1,0.0,,,2
3476,0,0,0.0,1,0.0,,1.0,2
3477,0,1,,1,1.0,1.0,,2
3478,0,0,1.0,0,1.0,1.0,,1
3479,0,0,,0,0.0,0.0,,2
3480,0,1,,1,0.0,1.0,,2
3481,0,0,1.0,1,,1.0,1.0,2
3482,0,0,,1,,1.0,,1
3483,0,0,,1,1.0,1.0,,2
3484,0,0,,1,1.0,1.0,,2
3485,0,0,,1,1.0,1.0,1.0,2
3486,0,1,0.0,1,1.0,1.0,,2
3487,0,1,0.0,1,1.0,1.0,,1
3488,0,0,,1,1.0,,,1
3489,0,1,,1,1.0,0.0,,2
3490,0,1,,1,0.0,0.0,,2
3491,0,0,1.0,1,1.0,1.0,,2
3492,0,1,,1,1.0,1.0,,2
3493,0,0,,1,,1.0,,2
3494,0,1,1.0,1,0.0,1.0,,1
3495,0,1,0.0,1,0.0,1.0,,2
3496,0,1,,1,1.0,0.0,,2
3497,0,1,,1,1.0,0.0,,2
3498,0,0,,1,,1.0,,1
3499,0,1,1.0,1,0.0,1.0,,1
3500,0,1,,1,0.0,0.0,,2
3501,0,0,,1,1.0,0.0,1.0,2
3502,0,0,0.0,1,0.0,1.0,,2
3503,0,1,,1,0.0,0.0,,2
3504,0,0,,1,0.0,1.0,,2
3505,0,1,,0,1.0,1.0,,1
3506,0,1,,0,1.0,1.0,,1
3507,0,0,,1,0.0,1.0,,2
3508,0,0,,1,1.0,0.0,,2
3509,0,0,,1,1.0,0.0,,1
3510,0,0,0.0,0,0.0,0.0,,2
3511,0,1,,1,0.0,0.0,,1
3512,0,0,,1,1.0,0.0,,2
3513,0,0,,1,1.0,1.0,,2
3514,0,1,,1,1.0,1.0,,1
3515,0,1,,0,1.0,1.0,1.0,2
3516,0,1,1.0,1,1.0,1.0,,2
3517,0,1,,1,1.0,1.0,,1
3518,0,0,,1,1.0,1.0,,1
3519,0,1,,1,0.0,1.0,1.0,1
3520,0,1,,1,1.0,0.0,0.0,2
3521,0,0,,1,1.0,0.0,,1
3522,0,0,,1,1.0,0.0,,1
3523,0,0,1.0,1,0.0,1.0,,1
3524,0,0,,1,1.0,0.0,1.0,2
3525,0,1,,1,0.0,1.0,,2
3526,0,0,0.0,1,1.0,1.0,,2
3527,0,0,1.0,1,1.0,0.0,,1
3528,0,1,,1,1.0,1.0,1.0,2
3529,0,1,,1,0.0,0.0,,2
3530,0,1,,1,,1.0,,2
3531,0,0,,1,0.0,1.0,,1
3532,0,1,1.0,1,0.0,1.0,,2
3533,0,0,1.0,1,0.0,1.0,,2
3534,0,0,0.0,1,,1.0,,2
3535,0,0,0.0,1,1.0,1.0,,2
3536,0,0,,1,1.0,1.0,,1
3537,0,1,,1,0.0,0.0,,1
3538,0,0,1.0,1,1.0,0.0,1.0,2
3539,0,0,1.0,1,1.0,0.0,,2
3540,0,1,,1,0.0,,,1
3541,0,1,,1,1.0,1.0,,2
3542,0,0,,1,,1.0,,2
3543,0,0,,1,1.0,0.0,,1
3544,0,0,,1,1.0,1.0,,2
3545,0,0,,1,,1.0,,1
3546,0,1,,1,1.0,0.0,,1
3547,0,0,1.0,1,1.0,0.0,0.0,1
3548,0,1,,1,1.0,1.0,,1
3549,0,0,,1,,1.0,,2
3550,0,0,,1,1.0,0.0,,2
3551,0,1,,1,1.0,1.0,,2
3552,0,0,,1,1.0,1.0,,2
3553,0,0,,1,1.0,0.0,1.0,2
3554,0,0,,1,1.0,0.0,1.0,2
3555,0,0,,1,1.0,0.0,,2
3556,0,1,0.0,1,1.0,0.0,,2
3557,0,1,,1,1.0,0.0,1.0,2
3558,0,1,,1,1.0,1.0,1.0,2
3559,0,0,0.0,1,1.0,1.0,,1
3560,0,0,0.0,1,1.0,,,1
3561,0,0,,1,1.0,1.0,,2
3562,0,1,,1,1.0,1.0,,2
3563,0,0,1.0,0,1.0,1.0,,1
3564,0,1,,1,1.0,1.0,,2
3565,0,1,,0,1.0,0.0,,2
3566,0,1,,1,1.0,1.0,,1
3567,0,0,,1,1.0,1.0,,2
3568,0,1,,1,1.0,1.0,1.0,2
3569,0,1,,1,1.0,1.0,,2
3570,0,0,,0,0.0,0.0,1.0,2
3571,0,0,,1,,0.0,,2
3572,0,0,1.0,1,,0.0,,2
3573,0,0,,1,1.0,1.0,,2
3574,0,0,1.0,1,1.0,1.0,,2
3575,0,0,,1,0.0,,1.0,2
3576,0,1,1.0,1,1.0,1.0,,2
3577,0,0,,1,1.0,1.0,0.0,1
3578,0,1,,1,,1.0,,2
3579,0,1,,0,1.0,1.0,,2
3580,0,1,,1,1.0,1.0,,2
3581,0,1,,1,1.0,1.0,1.0,2
3582,0,0,,1,1.0,0.0,,2
3583,0,0,0.0,1,0.0,1.0,,2
3584,0,1,,1,1.0,1.0,,1
3585,0,0,1.0,1,1.0,,,1
3586,0,0,,1,0.0,1.0,,1
3587,0,0,,1,0.0,1.0,1.0,1
3588,0,1,,1,0.0,0.0,,2
3589,0,1,,1,1.0,1.0,,1
3590,0,1,1.0,1,1.0,1.0,,2
3591,0,1,1.0,1,1.0,1.0,,2
3592,0,1,,1,0.0,0.0,1.0,1
3593,0,0,1.0,1,0.0,1.0,1.0,2
3594,0,1,,1,1.0,1.0,,1
3595,0,1,,0,1.0,1.0,,1
3596,0,0,,1,1.0,0.0,,2
3597,0,0,1.0,0,1.0,1.0,,1
3598,0,0,,1,1.0,1.0,,1
3599,0,0,,0,1.0,,,2
3600,0,0,,1,0.0,1.0,,1
3601,0,0,,0,0.0,1.0,1.0,2
3602,0,0,,1,1.0,1.0,,2
3603,0,1,,1,0.0,0.0,,2
3604,0,0,1.0,1,1.0,0.0,,2
3605,0,0,1.0,1,1.0,0.0,,2
3606,0,0,,1,1.0,0.0,,2
3607,0,1,,0,1.0,1.0,1.0,2
3608,0,1,,1,1.0,1.0,,1
3609,0,0,,1,1.0,0.0,,1
3610,0,1,,1,,1.0,,2
3611,0,0,,1,1.0,1.0,,1
3612,0,1,,1,0.0,1.0,,2
3613,0,1,,1,0.0,1.0,,2
3614,0,1,0.0,1,0.0,1.0,,2
3615,0,0,,1,0.0,1.0,,2
3616,0,0,1.0,1,1.0,1.0,1.0,2
3617,0,1,0.0,1,1.0,1.0,,2
3618,0,1,1.0,1,1.0,1.0,1.0,2
3619,0,0,0.0,1,1.0,,,2
3620,0,1,,1,1.0,0.0,,1
3621,0,1,,1,,1.0,1.0,2
3622,0,0,1.0,1,,1.0,,2
3623,0,0,0.0,1,0.0,1.0,,1
3624,0,0,,1,,0.0,,2
3625,0,1,,0,,0.0,,2
3626,0,1,0.0,1,,1.0,,1
3627,0,1,,0,1.0,0.0,1.0,2
3628,0,0,1.0,1,1.0,0.0,,1
3629,0,1,,1,0.0,1.0,,2
3630,0,0,1.0,1,1.0,0.0,1.0,2
3631,0,1,,1,0.0,1.0,1.0,2
3632,0,0,,1,0.0,1.0,,2
3633,0,1,,1,0.0,1.0,,1
3634,0,1,,1,1.0,1.0,,1
3635,0,0,,1,0.0,0.0,,1
3636,0,0,1.0,1,0.0,1.0,,1
3637,0,1,,0,0.0,1.0,1.0,2
3638,0,1,,1,1.0,1.0,,2
3639,0,1,1.0,1,1.0,1.0,,2
3640,0,1,,1,1.0,1.0,,2
3641,0,1,,1,1.0,1.0,,1
3642,0,1,,0,1.0,1.0,,2
3643,0,0,,1,1.0,0.0,,2
3644,0,0,,1,1.0,0.0,,1
3645,0,1,,1,1.0,1.0,,2
3646,0,1,,1,1.0,1.0,,2
3647,0,0,0.0,1,1.0,0.0,1.0,1
3648,0,0,,1,0.0,1.0,,1
3649,0,1,,1,0.0,1.0,,2
3650,0,0,,0,1.0,1.0,,2
3651,0,0,,1,1.0,1.0,,2
3652,0,1,,1,,0.0,,2
3653,0,1,1.0,1,1.0,1.0,,2
3654,0,0,,0,1.0,,,2
3655,0,1,,1,,1.0,,2
3656,0,0,,1,1.0,0.0,,1
3657,0,0,0.0,1,0.0,,,2
3658,0,0,,0,1.0,0.0,,2
3659,0,1,,1,1.0,1.0,,2
3660,0,1,,1,0.0,1.0,,2
3661,0,0,0.0,1,,0.0,1.0,2
3662,0,1,,1,0.0,1.0,,1
3663,0,1,,1,1.0,1.0,,2
3664,0,0,,1,1.0,1.0,1.0,2
3665,0,0,1.0,1,0.0,1.0,,1
3666,0,1,,1,0.0,1.0,,1
3667,0,0,,0,1.0,0.0,,2
3668,0,1,0.0,1,1.0,1.0,,2
3669,0,0,,1,1.0,1.0,,2
3670,0,1,,0,1.0,1.0,,2
3671,0,0,1.0,1,0.0,1.0,,1
3672,0,1,,1,0.0,0.0,,1
3673,0,1,,1,0.0,1.0,,1
3674,0,1,,1,0.0,1.0,1.0,2
3675,0,0,,1,0.0,1.0,,2
3676,0,1,,1,0.0,1.0,1.0,1
3677,0,0,,1,0.0,1.0,,1
3678,0,0,,1,0.0,1.0,1.0,2
3679,0,0,,1,1.0,1.0,,1
3680,0,0,1.0,1,0.0,1.0,,2
3681,0,1,,1,1.0,0.0,1.0,2
3682,0,0,,1,1.0,0.0,,1
3683,0,0,,1,1.0,1.0,1.0,2
3684,0,0,1.0,1,1.0,1.0,,2
3685,0,1,1.0,1,,1.0,,2
3686,0,1,0.0,1,1.0,1.0,,2
3687,0,1,,1,0.0,1.0,,2
3688,0,0,,1,,1.0,1.0,1
3689,0,1,,1,1.0,0.0,,1
3690,0,0,0.0,1,1.0,1.0,,2
3691,0,0,,0,1.0,0.0,,2
3692,0,1,0.0,0,1.0,1.0,1.0,2
3693,0,0,,1,1.0,1.0,,2
3694,0,0,,0,,1.0,,2
3695,0,0,0.0,1,1.0,1.0,,1
3696,0,0,0.0,1,1.0,1.0,,2
3697,0,1,,0,1.0,1.0,,2
3698,0,1,,1,0.0,1.0,1.0,2
3699,0,1,,0,0.0,1.0,1.0,1
3700,0,0,,1,,0.0,,1
3701,0,0,,0,0.0,1.0,,1
3702,0,0,1.0,1,1.0,1.0,,2
3703,0,0,1.0,1,1.0,0.0,,2
3704,0,1,,0,0.0,1.0,1.0,2
3705,0,0,,1,,1.0,,1
3706,0,1,,1,1.0,0.0,,1
3707,0,0,1.0,1,1.0,1.0,,2
3708,0,1,,1,,1.0,1.0,2
3709,0,0,,1,1.0,1.0,,1
3710,0,0,1.0,1,0.0,1.0,,2
3711,0,1,,1,0.0,1.0,,2
3712,0,0,,1,0.0,1.0,1.0,2
3713,0,1,0.0,1,1.0,1.0,,2
3714,0,0,,1,1.0,1.0,,2
3715,0,0,,1,1.0,1.0,,1
3716,0,1,,1,0.0,1.0,,2
3717,0,0,1.0,0,1.0,0.0,,2
3718,0,0,,1,0.0,1.0,1.0,1
3719,0,0,,1,0.0,1.0,,2
3720,0,0,,1,0.0,1.0,,2
3721,0,0,0.0,1,0.0,0.0,,1
3722,0,0,0.0,1,0.0,,,2
3723,0,0,,1,,0.0,1.0,1
3724,0,1,,1,1.0,1.0,,2
3725,0,0,,0,1.0,1.0,,2
3726,0,1,1.0,1,1.0,1.0,,2
3727,0,0,,1,1.0,0.0,1.0,2
3728,0,0,,1,1.0,0.0,,1
3729,0,0,,1,1.0,1.0,,2
3730,0,0,,0,1.0,1.0,,2
3731,0,1,,1,1.0,1.0,,1
3732,0,1,,1,,1.0,,2
3733,0,1,,1,1.0,0.0,,2
3734,0,1,,1,1.0,,,2
3735,0,0,1.0,1,1.0,1.0,,2
3736,0,1,,1,1.0,0.0,,2
3737,0,0,1.0,1,0.0,1.0,0.0,2
3738,0,0,,1,1.0,1.0,,1
3739,0,0,,1,0.0,1.0,,2
3740,0,1,,1,1.0,,,1
3741,0,0,,1,1.0,0.0,1.0,2
3742,0,0,,1,0.0,1.0,,1
3743,0,0,,1,0.0,1.0,,1
3744,0,0,,1,0.0,0.0,,1
3745,0,1,,1,0.0,0.0,,2
3746,0,0,,0,1.0,0.0,,1
3747,0,1,,1,0.0,1.0,,2
3748,0,1,,0,0.0,1.0,,2
3749,0,0,,1,1.0,1.0,,2
3750,0,0,1.0,1,0.0,1.0,,2
3751,0,0,0.0,1,1.0,1.0,,2
3752,0,1,,1,0.0,0.0,,2
3753,0,0,,0,,1.0,,2
3754,0,0,,0,1.0,0.0,,2
3755,0,1,,1,0.0,1.0,1.0,2
3756,0,0,,1,1.0,1.0,1.0,2
3757,0,0,1.0,1,0.0,1.0,,2
3758,0,1,,0,1.0,,,1
3759,0,1,,1,1.0,,1.0,2
3760,0,0,,1,1.0,,,2
3761,0,1,,1,1.0,1.0,,2
3762,0,1,,1,1.0,1.0,0.0,1
3763,0,1,,1,0.0,0.0,1.0,1
3764,0,1,,1,1.0,0.0,,1
3765,0,0,,1,,1.0,1.0,2
3766,0,0,,1,,1.0,,2
3767,0,1,,1,0.0,1.0,,2
3768,0,0,,1,,0.0,,2
3769,0,0,,1,0.0,0.0,,2
3770,0,1,,1,1.0,0.0,,2
3771,0,1,,1,,0.0,,2
3772,0,1,,1,,0.0,,2
3773,0,1,,1,1.0,0.0,,1
3774,0,1,,1,1.0,1.0,,2
3775,0,0,,1,1.0,1.0,,2
3776,0,1,,1,1.0,0.0,,1
3777,0,1,,0,0.0,1.0,,1
3778,0,0,,1,1.0,1.0,,1
3779,0,0,,1,0.0,0.0,,1
3780,0,1,,0,,1.0,1.0,2
3781,0,0,1.0,1,1.0,1.0,,1
3782,0,1,,1,,1.0,,1
3783,0,0,1.0,1,,0.0,,1
3784,0,0,1.0,1,,0.0,,2
3785,0,0,1.0,0,1.0,0.0,1.0,2
3786,0,1,,1,0.0,1.0,,2
3787,0,0,,1,1.0,1.0,,2
3788,0,1,,1,0.0,1.0,,2
3789,0,1,,1,0.0,1.0,,2
3790,0,1,,1,0.0,0.0,,2
3791,0,0,0.0,1,1.0,1.0,,2
3792,0,0,0.0,1,1.0,1.0,1.0,2
3793,0,0,,1,0.0,0.0,,1
3794,0,0,,1,1.0,0.0,,2
3795,0,1,,1,1.0,1.0,,2
3796,0,0,,1,0.0,1.0,,1
3797,0,0,,1,0.0,1.0,,2
3798,0,0,1.0,1,1.0,1.0,,2
3799,0,1,,1,,,1.0,2
3800,0,1,,1,1.0,0.0,,1
3801,0,1,,1,1.0,0.0,1.0,1
3802,0,0,,1,1.0,1.0,1.0,2
3803,0,1,,0,1.0,1.0,1.0,2
3804,0,0,0.0,1,1.0,1.0,,2
3805,0,0,1.0,1,1.0,1.0,,2
3806,0,0,,1,1.0,1.0,,2
3807,0,0,,1,1.0,1.0,,2
3808,0,1,,1,0.0,1.0,,2
3809,0,1,1.0,1,0.0,1.0,,2
3810,0,0,1.0,1,1.0,1.0,,2
3811,0,1,,1,1.0,0.0,,1
3812,0,1,,1,1.0,0.0,,2
3813,0,0,,1,1.0,1.0,1.0,1
3814,0,0,,0,1.0,,,2
3815,0,1,,1,1.0,1.0,,2
3816,0,1,,1,1.0,0.0,1.0,1
3817,0,1,,0,1.0,,,2
3818,0,1,,1,1.0,1.0,,2
3819,0,1,,1,1.0,1.0,1.0,2
3820,0,0,,1,1.0,1.0,,2
3821,0,1,,1,1.0,1.0,,2
3822,0,0,,1,1.0,0.0,,1
3823,0,0,,1,1.0,0.0,,2
3824,0,0,,1,1.0,0.0,,2
3825,0,0,1.0,0,1.0,,,1
3826,0,1,,1,1.0,,,2
3827,0,1,,1,1.0,1.0,1.0,2
