,NEW_STATUS,F0119,T0186,S1628,AGE_T_x,S0287,T0178,T0080,EARNALL,T0356,T0329,T0330,T0332,T0333,T0336,T0155,T0157,T0182,T0184,T0159,T0165,T0174,TOTEXPER_x
1,1,,1,1.0,1,0.0,,1.0,1.0,1,1,1,1,1,1,1,1,1,1,0,0,1,4
3,1,0.0,1,0.0,0,1.0,0.0,0.0,1.0,1,1,1,0,0,1,1,0,1,0,0,0,0,2
5,1,,1,1.0,0,0.0,,0.0,0.0,1,0,0,1,1,1,0,0,1,0,1,0,0,8
6,1,1.0,1,,0,0.0,0.0,0.0,,1,1,1,1,1,1,0,0,1,1,0,0,0,7
9,1,0.0,1,0.0,1,0.0,,1.0,1.0,1,0,0,0,0,0,1,1,1,1,1,1,1,3
26,1,0.0,0,0.0,0,1.0,0.0,0.0,0.0,1,0,0,1,1,1,0,0,1,1,1,0,0,13
28,1,0.0,1,,0,0.0,1.0,0.0,0.0,1,1,1,0,0,0,0,0,1,0,1,1,1,35
30,1,0.0,1,0.0,1,0.0,0.0,1.0,1.0,1,0,0,0,0,0,0,0,1,1,0,0,0,1
31,1,1.0,1,0.0,0,0.0,,1.0,0.0,1,1,1,0,0,1,1,0,1,1,1,1,1,31
33,1,1.0,1,0.0,1,1.0,0.0,1.0,1.0,1,0,0,1,0,1,1,0,1,1,1,1,1,7
34,1,0.0,1,1.0,0,1.0,,0.0,1.0,1,0,0,1,1,0,1,0,1,0,0,1,1,14
46,1,0.0,1,1.0,0,1.0,1.0,0.0,,1,0,1,0,1,1,1,0,1,1,1,1,1,33
49,1,,1,1.0,0,1.0,,0.0,,1,1,1,0,0,0,1,0,1,1,0,1,1,30
50,1,1.0,1,1.0,0,,1.0,1.0,1.0,1,1,1,0,0,1,1,0,1,1,1,0,0,26
52,1,1.0,1,1.0,0,1.0,,0.0,,1,1,0,0,1,0,1,0,1,0,0,0,0,34
55,1,0.0,1,1.0,0,0.0,1.0,0.0,0.0,1,0,0,0,0,0,1,0,1,1,1,0,1,35
56,1,1.0,1,1.0,1,1.0,0.0,0.0,0.0,1,1,1,1,0,1,0,0,1,0,0,0,1,13
58,1,0.0,1,1.0,1,1.0,,,1.0,1,0,0,1,0,1,0,0,1,1,1,1,1,4
59,1,,1,0.0,0,1.0,,0.0,,1,0,0,1,0,1,0,0,1,1,0,0,0,18
60,1,0.0,1,0.0,0,0.0,,0.0,,1,0,0,0,0,1,0,0,1,1,1,0,1,35
63,1,,1,0.0,0,0.0,0.0,0.0,0.0,1,0,1,1,0,0,1,0,1,0,1,0,1,33
65,1,,1,1.0,0,1.0,0.0,1.0,1.0,1,0,0,1,0,1,0,1,1,1,1,1,0,3
67,1,0.0,0,1.0,0,0.0,0.0,0.0,0.0,1,0,0,0,0,0,0,0,1,1,0,1,1,32
68,1,1.0,1,1.0,0,0.0,0.0,0.0,,1,0,0,0,0,0,1,1,1,1,1,1,1,26
69,1,0.0,1,1.0,0,1.0,,0.0,,1,1,1,1,0,0,0,0,1,1,0,1,1,31
77,1,1.0,1,0.0,0,1.0,0.0,0.0,,1,0,0,1,0,1,1,0,1,1,0,0,0,18
79,1,0.0,1,1.0,0,0.0,0.0,0.0,0.0,1,0,0,0,0,0,1,1,1,1,1,1,1,32
80,1,1.0,1,1.0,0,1.0,1.0,1.0,,1,1,0,0,0,0,1,0,1,0,1,1,1,40
81,1,0.0,1,1.0,0,1.0,0.0,0.0,0.0,1,0,0,0,0,1,0,0,1,1,0,1,1,32
86,1,0.0,1,1.0,0,1.0,0.0,0.0,1.0,1,0,0,0,0,0,1,0,1,0,1,0,1,33
90,1,0.0,1,1.0,0,1.0,0.0,0.0,,1,0,0,0,0,1,1,0,1,1,1,1,0,27
91,1,0.0,1,0.0,0,0.0,,0.0,,1,1,1,0,1,0,0,0,0,0,1,1,1,19
93,1,,0,0.0,0,0.0,,0.0,,1,1,0,0,0,0,1,0,1,1,1,0,1,37
95,1,,1,1.0,0,,0.0,0.0,,1,0,0,0,0,0,1,0,1,0,0,1,1,27
97,1,1.0,1,0.0,0,0.0,1.0,0.0,,1,1,1,1,1,0,1,1,1,1,1,0,1,31
99,1,,1,1.0,0,1.0,,1.0,1.0,1,0,0,0,0,0,1,1,1,1,1,1,1,26
106,1,,1,1.0,0,0.0,,1.0,0.0,1,0,0,0,0,1,0,0,1,1,1,0,1,30
108,1,0.0,1,1.0,0,1.0,0.0,1.0,1.0,1,1,1,0,0,0,0,0,1,1,1,0,1,7
110,1,0.0,1,1.0,0,1.0,1.0,1.0,,1,1,1,0,0,0,1,0,1,1,1,1,1,33
113,1,0.0,1,0.0,0,1.0,1.0,0.0,0.0,1,0,0,1,0,1,1,0,0,0,1,1,1,38
114,1,,1,0.0,1,1.0,0.0,1.0,1.0,1,0,0,0,0,1,0,0,1,0,0,0,1,3
117,1,0.0,1,1.0,0,0.0,0.0,0.0,0.0,1,0,0,1,0,1,0,0,1,1,1,0,1,35
118,1,1.0,1,1.0,0,0.0,0.0,0.0,,1,0,0,0,0,0,1,1,1,1,1,0,1,34
123,1,0.0,1,,0,1.0,0.0,0.0,0.0,1,0,0,0,0,0,1,0,1,1,0,0,0,36
126,1,1.0,1,1.0,0,1.0,,0.0,,1,0,0,1,0,1,1,0,1,1,0,1,1,37
127,1,1.0,1,1.0,0,1.0,,0.0,,1,1,1,1,1,1,1,0,1,1,1,1,1,33
129,1,0.0,1,1.0,0,1.0,0.0,1.0,,1,1,1,1,1,1,1,0,1,1,1,1,1,4
133,1,0.0,1,0.0,1,1.0,0.0,0.0,1.0,1,1,1,0,1,1,1,0,1,1,0,0,1,5
138,1,,1,0.0,0,0.0,1.0,0.0,,1,0,1,1,1,1,1,0,1,0,1,1,1,6
143,1,1.0,1,1.0,0,0.0,1.0,1.0,0.0,1,0,0,1,0,0,1,1,1,1,0,1,1,35
152,1,0.0,1,1.0,0,0.0,,0.0,0.0,1,1,1,0,0,0,1,0,1,0,0,1,0,29
156,1,1.0,1,0.0,0,1.0,0.0,1.0,1.0,1,0,0,0,0,0,0,0,1,1,0,0,0,3
157,1,0.0,1,0.0,0,0.0,,1.0,,1,1,1,1,1,0,1,0,1,1,1,0,0,30
158,1,1.0,0,,1,0.0,,0.0,1.0,1,1,1,0,0,0,1,0,1,0,1,1,1,11
163,1,,1,0.0,0,0.0,1.0,0.0,,1,1,1,1,1,1,1,0,1,0,0,0,0,30
167,1,0.0,1,,0,1.0,0.0,1.0,,1,0,0,1,0,0,0,0,1,1,0,0,0,30
169,1,1.0,1,1.0,0,0.0,0.0,0.0,1.0,1,0,0,0,0,0,1,0,1,1,1,1,1,20
170,1,0.0,1,,0,1.0,1.0,0.0,1.0,1,0,0,0,1,1,0,0,1,1,1,0,1,33
171,1,1.0,0,0.0,1,0.0,0.0,0.0,0.0,1,1,1,1,1,1,1,0,1,0,0,0,0,12
172,1,0.0,1,1.0,1,,0.0,0.0,1.0,1,1,1,1,0,0,0,0,1,0,1,1,1,1
173,1,0.0,1,1.0,0,0.0,,0.0,0.0,1,1,1,1,1,1,1,1,1,1,1,1,1,30
177,1,0.0,1,0.0,0,1.0,0.0,1.0,,1,0,0,0,0,1,0,0,1,1,1,1,1,33
178,1,,1,1.0,0,1.0,1.0,,1.0,1,0,0,0,0,1,1,1,1,1,1,1,1,2
180,1,1.0,1,1.0,0,0.0,1.0,0.0,0.0,1,1,1,1,1,0,1,0,1,1,1,0,1,33
181,1,0.0,1,1.0,0,0.0,0.0,0.0,,1,0,0,0,0,0,0,0,1,1,1,0,1,30
184,1,0.0,1,0.0,0,1.0,0.0,0.0,,1,1,1,1,1,1,1,0,1,1,0,1,1,34
188,1,0.0,1,1.0,0,0.0,,1.0,0.0,1,0,0,0,0,1,1,0,1,0,0,1,1,35
197,1,0.0,1,1.0,0,0.0,,0.0,0.0,1,1,1,0,0,0,1,0,1,1,1,1,1,31
198,1,0.0,1,1.0,0,0.0,0.0,0.0,0.0,1,1,0,0,0,0,0,0,0,1,1,0,1,27
200,1,1.0,1,1.0,0,1.0,,1.0,1.0,1,0,0,0,0,1,1,0,1,1,1,1,1,2
204,1,0.0,1,1.0,1,1.0,1.0,,0.0,1,0,0,1,1,1,1,0,1,1,1,0,1,1
212,1,,1,1.0,0,1.0,,0.0,0.0,1,1,0,0,1,0,1,0,1,1,1,0,0,38
214,1,0.0,1,1.0,1,1.0,,0.0,,1,1,1,1,0,0,0,0,1,1,1,0,1,10
218,1,0.0,1,1.0,1,1.0,1.0,1.0,1.0,1,0,0,1,0,1,0,0,1,1,0,0,0,1
219,1,,1,1.0,0,1.0,0.0,1.0,,1,0,0,0,0,1,1,1,1,1,1,1,1,40
221,1,,1,1.0,1,1.0,1.0,1.0,1.0,1,1,1,1,1,1,1,0,1,1,1,0,1,5
222,1,0.0,0,1.0,0,1.0,0.0,,1.0,1,1,1,1,1,1,0,0,1,0,0,0,0,4
223,1,0.0,0,0.0,1,0.0,,0.0,,1,0,0,0,0,0,1,0,0,0,0,0,1,10
224,1,0.0,1,1.0,0,0.0,,1.0,0.0,1,0,0,1,0,0,0,0,1,0,0,1,0,33
226,1,1.0,1,1.0,0,1.0,1.0,0.0,0.0,1,0,0,0,0,0,1,0,1,1,1,0,1,26
227,1,0.0,1,1.0,0,1.0,0.0,0.0,1.0,1,1,0,1,1,1,1,0,1,1,1,0,1,4
228,1,0.0,0,0.0,1,1.0,0.0,1.0,1.0,1,0,0,0,0,0,1,0,0,1,1,0,1,7
232,1,0.0,1,0.0,0,1.0,0.0,1.0,1.0,1,0,0,1,0,1,0,0,1,0,0,1,1,33
234,1,1.0,1,1.0,1,1.0,0.0,1.0,1.0,1,1,1,0,0,0,1,1,1,1,1,1,1,12
235,1,0.0,1,0.0,1,1.0,0.0,1.0,1.0,1,0,0,0,0,1,0,0,1,0,1,0,0,1
246,1,0.0,1,1.0,0,1.0,1.0,0.0,0.0,1,1,1,1,0,0,1,0,1,1,1,1,0,40
248,1,0.0,1,1.0,0,1.0,0.0,1.0,1.0,1,0,0,0,1,1,1,0,1,1,1,0,0,19
249,1,1.0,1,1.0,0,1.0,0.0,0.0,1.0,1,0,1,1,1,1,0,0,1,0,1,1,1,10
252,1,1.0,1,1.0,0,0.0,1.0,1.0,,1,1,1,0,1,0,0,1,1,1,1,0,0,30
258,1,0.0,1,1.0,1,0.0,,1.0,1.0,1,1,0,0,0,0,0,0,1,0,0,1,0,1
259,1,1.0,1,1.0,0,1.0,,1.0,0.0,1,1,1,0,1,1,1,0,1,0,0,0,1,34
260,1,0.0,1,1.0,0,1.0,,0.0,0.0,1,1,1,0,0,0,1,0,1,1,1,1,1,32
262,1,,1,0.0,0,0.0,,1.0,0.0,1,1,1,1,1,1,1,1,0,0,0,1,1,1
266,1,0.0,1,1.0,0,0.0,0.0,0.0,0.0,1,1,1,0,0,0,0,0,1,0,0,0,1,26
267,1,1.0,1,1.0,0,1.0,,0.0,1.0,1,1,1,1,1,1,1,0,1,1,1,1,0,5
271,1,0.0,1,1.0,1,1.0,,0.0,1.0,1,0,0,1,0,0,0,0,1,0,0,0,1,8
273,1,,1,1.0,0,1.0,0.0,0.0,,1,1,1,1,1,0,1,0,1,0,1,0,1,33
278,1,0.0,1,0.0,0,0.0,0.0,0.0,1.0,1,0,0,1,1,0,1,0,1,1,0,1,1,33
279,1,1.0,1,0.0,0,,0.0,0.0,0.0,1,0,0,0,0,1,0,0,1,0,0,0,0,24
281,1,0.0,1,1.0,0,1.0,1.0,1.0,1.0,1,0,0,0,0,0,1,0,1,1,1,1,0,9
287,1,1.0,1,0.0,1,1.0,0.0,1.0,1.0,1,0,0,1,1,1,1,1,0,0,0,0,0,1
288,1,1.0,0,0.0,1,0.0,1.0,0.0,1.0,1,1,1,0,0,0,1,0,1,0,1,0,1,10
289,1,0.0,1,0.0,0,0.0,0.0,0.0,,1,0,0,0,0,0,1,0,1,0,0,0,1,37
293,1,,1,0.0,1,1.0,,0.0,0.0,1,0,0,0,0,1,0,1,1,1,1,0,1,10
297,1,0.0,1,0.0,0,,1.0,1.0,,1,0,0,1,0,1,1,0,1,1,1,1,1,34
301,1,,1,1.0,0,0.0,,0.0,0.0,1,0,0,0,0,0,1,1,0,1,1,1,0,31
308,1,0.0,1,0.0,0,0.0,0.0,0.0,,1,1,1,0,0,1,1,0,1,1,1,0,0,18
309,1,0.0,1,,0,,,1.0,1.0,1,0,0,0,0,0,1,0,0,1,1,1,1,25
311,1,1.0,1,1.0,0,0.0,0.0,0.0,0.0,1,0,0,0,0,0,1,0,1,0,0,0,0,15
316,1,1.0,1,1.0,1,1.0,0.0,1.0,1.0,1,0,0,1,0,0,1,0,1,0,0,0,1,4
317,1,0.0,1,1.0,1,1.0,,0.0,0.0,1,0,0,0,0,0,1,1,1,0,1,1,1,4
320,1,1.0,1,1.0,0,0.0,,1.0,1.0,1,1,0,0,0,0,0,0,1,1,0,0,1,33
321,1,0.0,1,1.0,0,1.0,0.0,0.0,0.0,1,1,0,0,0,1,1,0,1,1,1,1,1,34
322,1,0.0,1,0.0,1,1.0,0.0,1.0,1.0,1,0,0,1,0,1,0,0,1,1,1,0,0,6
323,1,,1,1.0,1,1.0,1.0,1.0,1.0,1,0,0,1,1,1,1,0,1,1,1,1,0,6
324,1,1.0,1,1.0,0,1.0,,0.0,1.0,1,0,0,0,0,0,1,0,1,1,0,0,1,35
325,1,1.0,1,,0,1.0,1.0,1.0,0.0,1,1,0,0,0,0,1,0,1,1,0,0,1,23
327,1,0.0,1,,0,0.0,0.0,0.0,0.0,1,0,0,0,0,0,0,0,1,0,0,0,0,32
332,1,0.0,0,1.0,0,1.0,0.0,0.0,0.0,1,0,0,0,0,1,1,0,1,1,1,0,1,34
333,1,0.0,1,1.0,0,1.0,0.0,0.0,0.0,1,0,0,0,0,0,0,0,1,0,0,0,0,38
335,1,0.0,0,1.0,1,0.0,0.0,0.0,0.0,1,1,1,1,0,0,0,0,0,0,0,0,1,8
336,1,0.0,1,0.0,0,1.0,1.0,1.0,,1,0,0,0,0,0,1,0,1,1,0,0,1,31
338,1,1.0,0,1.0,0,0.0,0.0,0.0,,1,1,1,0,0,0,1,0,1,0,1,0,0,22
345,1,0.0,1,0.0,0,1.0,,0.0,,1,0,0,1,1,1,0,0,1,0,0,0,1,28
349,1,0.0,1,1.0,0,0.0,0.0,0.0,0.0,1,1,1,1,0,0,0,0,1,0,1,1,1,31
350,1,,1,1.0,1,1.0,0.0,1.0,0.0,1,1,0,0,0,0,1,0,1,1,0,1,0,1
358,1,1.0,1,1.0,1,1.0,0.0,1.0,1.0,1,1,1,1,0,1,1,0,1,1,1,0,1,6
370,1,1.0,1,0.0,0,1.0,,0.0,1.0,1,0,0,1,0,1,1,0,1,1,0,0,0,9
376,1,0.0,1,0.0,0,1.0,0.0,1.0,1.0,1,0,0,0,1,1,1,0,1,0,1,0,0,5
388,1,0.0,1,1.0,0,,0.0,0.0,0.0,1,0,0,0,0,0,1,0,0,0,0,0,1,22
390,1,,1,,0,0.0,0.0,1.0,1.0,1,0,1,0,0,0,1,0,0,1,0,0,0,15
406,1,1.0,0,,1,0.0,0.0,0.0,,1,1,1,0,1,1,0,0,0,1,0,0,1,11
413,1,,1,0.0,1,0.0,1.0,0.0,1.0,1,0,0,1,0,1,1,0,1,1,1,0,1,5
414,1,1.0,0,1.0,1,1.0,,1.0,1.0,1,1,1,1,1,1,0,0,1,1,0,0,1,6
416,1,0.0,1,1.0,1,0.0,,1.0,1.0,1,1,1,1,1,0,0,0,0,0,0,1,1,1
417,1,0.0,1,1.0,0,0.0,,0.0,0.0,1,0,0,0,0,0,0,0,1,0,1,0,0,31
419,1,1.0,1,1.0,1,1.0,0.0,1.0,,1,0,0,1,0,0,0,0,1,0,1,1,1,3
425,1,0.0,1,0.0,0,1.0,,0.0,,1,1,1,1,1,1,0,0,1,0,1,1,1,29
426,1,1.0,1,1.0,0,1.0,1.0,1.0,1.0,1,1,1,0,1,1,1,0,1,1,1,1,1,12
427,1,0.0,1,1.0,1,1.0,,0.0,1.0,1,0,1,0,1,1,1,0,1,0,1,0,0,1
428,1,0.0,1,0.0,0,1.0,0.0,0.0,,1,1,1,0,1,0,0,0,1,0,1,1,0,32
429,1,1.0,1,1.0,0,1.0,,1.0,1.0,1,1,0,1,0,1,0,0,1,1,1,0,0,18
432,1,1.0,1,,0,,0.0,1.0,0.0,1,0,0,0,0,0,1,0,1,0,1,1,0,24
433,1,0.0,1,0.0,1,1.0,1.0,1.0,1.0,1,0,0,1,0,1,1,0,1,1,0,0,1,6
434,1,0.0,1,0.0,1,0.0,,1.0,,1,1,1,0,0,0,0,0,0,0,1,0,0,10
435,1,1.0,1,0.0,0,1.0,0.0,0.0,,1,1,1,1,1,1,1,0,1,0,0,0,0,33
436,1,1.0,1,0.0,0,1.0,1.0,0.0,1.0,1,0,0,1,0,1,1,1,1,1,1,0,1,35
437,1,0.0,1,1.0,0,0.0,0.0,0.0,0.0,1,0,0,0,0,0,0,0,1,0,0,0,1,16
438,1,0.0,1,0.0,0,1.0,0.0,0.0,1.0,1,0,0,0,0,1,0,0,0,0,1,0,1,6
445,1,0.0,1,1.0,1,0.0,0.0,1.0,1.0,1,1,1,1,1,1,0,0,0,1,1,0,0,3
446,1,0.0,1,1.0,0,0.0,0.0,0.0,0.0,1,1,1,0,0,0,1,0,1,0,1,0,1,31
453,1,0.0,1,1.0,0,1.0,1.0,0.0,1.0,1,0,1,1,0,1,0,0,1,1,0,1,1,1
456,1,1.0,1,0.0,0,,1.0,0.0,0.0,1,0,0,0,0,0,0,0,1,1,1,1,1,34
457,1,0.0,0,,0,1.0,0.0,0.0,0.0,1,0,0,0,0,0,1,0,0,0,0,0,1,35
459,1,0.0,1,0.0,1,0.0,0.0,1.0,1.0,1,1,1,1,0,0,1,0,1,1,1,0,1,2
462,1,0.0,1,,0,0.0,,0.0,,1,1,1,0,0,0,1,0,1,1,1,0,0,39
463,1,0.0,1,0.0,0,1.0,1.0,1.0,,1,1,1,1,0,1,0,0,1,1,1,0,0,33
474,1,0.0,1,0.0,1,,0.0,,1.0,1,0,0,0,1,1,1,0,0,1,1,0,1,1
475,1,0.0,1,1.0,0,0.0,,0.0,1.0,1,0,0,0,0,0,1,0,1,1,1,0,1,32
476,1,0.0,1,1.0,0,0.0,,0.0,0.0,1,1,0,0,0,0,0,0,1,1,0,0,1,40
481,1,1.0,0,,0,1.0,0.0,0.0,,1,0,0,1,0,1,1,0,1,0,0,0,0,29
485,1,0.0,1,1.0,1,0.0,,1.0,1.0,1,1,1,1,0,1,1,0,1,0,1,0,1,3
486,1,1.0,1,0.0,0,0.0,0.0,0.0,0.0,1,1,0,1,0,1,1,0,1,1,0,0,1,16
489,1,1.0,1,1.0,1,1.0,1.0,0.0,1.0,1,0,0,1,0,0,1,0,1,1,1,0,1,4
496,1,,1,1.0,0,1.0,,0.0,1.0,1,1,0,0,0,1,0,0,0,1,0,1,0,19
500,1,,1,0.0,1,0.0,0.0,1.0,1.0,1,0,0,0,0,0,0,0,0,0,0,0,1,1
501,1,0.0,1,1.0,0,,,0.0,0.0,1,1,0,0,1,0,1,1,1,1,1,1,1,34
503,1,0.0,0,1.0,0,0.0,0.0,0.0,0.0,1,1,1,1,1,1,0,0,1,0,0,0,0,32
504,1,0.0,1,1.0,0,1.0,0.0,1.0,,1,1,1,1,1,0,0,0,1,0,0,0,0,24
505,1,0.0,1,1.0,0,0.0,0.0,0.0,0.0,1,1,1,0,0,0,0,0,0,0,0,0,0,31
506,1,,1,0.0,0,0.0,1.0,1.0,0.0,1,0,0,1,1,0,1,1,1,1,1,1,1,35
508,1,0.0,1,1.0,1,1.0,0.0,0.0,,1,1,0,0,0,1,0,0,1,1,0,0,1,5
511,1,0.0,1,0.0,0,1.0,0.0,1.0,,1,0,0,0,0,0,1,0,0,1,1,0,1,37
512,1,,0,1.0,0,1.0,0.0,0.0,,1,1,1,1,1,1,1,0,1,0,1,0,1,40
516,1,0.0,1,1.0,1,1.0,,0.0,1.0,1,1,1,1,0,1,1,0,1,1,0,1,0,7
518,1,0.0,1,1.0,1,1.0,0.0,1.0,1.0,1,0,0,1,0,0,0,0,1,1,0,0,1,2
521,1,,1,1.0,0,0.0,,1.0,,1,1,0,0,0,0,0,0,0,0,0,1,1,29
523,1,,0,1.0,1,1.0,0.0,1.0,1.0,1,0,0,1,0,0,0,0,1,1,0,0,1,5
525,1,,1,0.0,0,1.0,,0.0,0.0,1,0,0,1,0,0,1,0,1,1,1,1,0,33
526,1,0.0,1,0.0,0,0.0,0.0,1.0,1.0,1,1,1,1,1,1,1,0,1,1,1,1,0,3
529,1,,1,1.0,1,1.0,,1.0,1.0,1,1,1,1,0,0,1,0,0,0,0,1,0,4
532,1,0.0,1,,0,0.0,,0.0,0.0,1,1,0,0,0,0,1,0,1,1,1,0,1,31
534,1,1.0,1,1.0,0,1.0,0.0,1.0,1.0,1,1,1,0,0,0,1,0,1,1,0,1,1,3
539,1,1.0,1,,0,0.0,,0.0,,1,0,0,0,0,0,0,0,1,1,1,1,1,10
541,1,0.0,1,0.0,0,0.0,1.0,0.0,0.0,1,1,1,1,0,1,1,0,1,1,1,0,1,27
545,1,1.0,1,1.0,0,0.0,1.0,0.0,0.0,1,0,0,1,0,0,1,0,1,1,0,1,1,32
549,1,0.0,1,1.0,0,1.0,0.0,1.0,1.0,1,0,0,0,1,1,1,0,1,1,1,1,0,33
557,1,1.0,1,1.0,0,,1.0,0.0,0.0,1,0,0,0,0,0,1,0,1,1,1,1,1,33
559,1,1.0,1,1.0,0,0.0,0.0,1.0,1.0,1,0,0,0,0,0,1,0,1,1,0,1,1,35
565,1,0.0,0,1.0,0,0.0,0.0,0.0,0.0,1,0,0,0,0,0,1,0,0,1,1,0,1,31
568,1,0.0,1,1.0,0,0.0,,0.0,,1,1,0,0,0,0,1,0,1,0,1,1,1,35
570,1,1.0,1,,1,,0.0,1.0,1.0,1,0,0,0,0,0,0,0,0,0,1,0,0,4
573,1,1.0,1,1.0,0,0.0,,0.0,0.0,1,0,0,1,0,1,0,0,1,1,1,0,1,5
574,1,,1,1.0,1,0.0,0.0,0.0,0.0,1,0,0,0,0,0,0,0,0,1,0,0,1,2
579,1,,1,1.0,0,0.0,,1.0,1.0,1,1,0,1,0,0,0,0,1,0,0,0,1,34
580,1,0.0,1,1.0,1,1.0,0.0,0.0,0.0,1,0,0,0,0,1,0,0,1,0,0,0,0,10
581,1,0.0,1,1.0,0,1.0,,1.0,,1,1,1,1,1,1,1,1,1,1,1,1,1,29
583,1,1.0,0,1.0,0,1.0,0.0,1.0,1.0,1,1,0,0,0,0,1,0,1,0,1,0,1,30
586,1,1.0,1,0.0,0,1.0,0.0,0.0,0.0,1,1,1,1,1,1,1,0,1,0,0,0,1,31
587,1,0.0,1,1.0,0,0.0,0.0,0.0,,1,0,1,0,1,0,0,0,1,0,0,1,0,17
595,1,0.0,1,1.0,0,1.0,,1.0,0.0,1,0,0,1,0,0,0,0,1,1,0,0,1,28
596,1,0.0,1,1.0,0,,,,1.0,1,0,1,0,1,0,1,0,1,1,0,0,0,4
597,1,1.0,1,1.0,0,1.0,0.0,1.0,0.0,1,0,0,1,0,1,1,0,1,1,1,1,1,30
600,1,,1,1.0,1,1.0,1.0,1.0,1.0,1,0,0,1,1,0,0,0,1,1,0,1,1,2
601,1,1.0,1,,1,,,,1.0,1,1,1,1,1,0,1,0,0,0,1,0,1,2
602,1,0.0,1,1.0,0,1.0,1.0,1.0,0.0,1,0,0,1,0,1,0,0,1,1,1,0,1,34
604,1,0.0,1,0.0,0,1.0,0.0,1.0,1.0,1,1,1,1,1,1,0,0,1,1,0,0,0,21
605,1,0.0,1,1.0,1,1.0,,0.0,0.0,1,1,1,0,1,1,1,0,1,1,1,0,1,2
606,1,1.0,1,1.0,1,1.0,0.0,1.0,1.0,1,0,0,1,0,0,0,0,1,1,0,0,1,2
607,1,,1,0.0,0,0.0,,1.0,1.0,1,1,1,1,0,1,1,0,1,0,1,0,1,24
608,1,1.0,1,0.0,1,1.0,1.0,1.0,,1,1,1,1,1,1,1,0,1,1,1,1,1,3
609,1,0.0,1,0.0,0,1.0,,0.0,0.0,1,0,0,1,1,1,0,0,1,0,0,0,0,13
610,1,0.0,1,1.0,0,0.0,0.0,1.0,1.0,1,0,0,1,0,0,1,0,1,1,1,0,1,23
613,1,1.0,1,0.0,0,1.0,,0.0,0.0,1,1,1,1,1,1,0,0,1,1,0,0,0,28
617,1,,1,1.0,0,0.0,,1.0,,1,1,0,0,0,0,0,0,1,0,1,0,0,36
620,1,0.0,1,1.0,1,1.0,0.0,1.0,1.0,1,0,0,0,0,0,0,0,1,1,0,1,1,1
626,1,0.0,1,,0,1.0,,0.0,0.0,1,0,0,0,0,0,0,0,1,0,0,0,0,29
627,1,,1,,0,1.0,0.0,1.0,,1,1,1,1,1,1,1,0,1,1,0,1,0,38
630,1,1.0,1,0.0,0,1.0,1.0,0.0,1.0,1,0,0,0,1,0,1,0,1,1,0,1,1,4
632,1,1.0,1,1.0,0,,,0.0,0.0,1,1,1,1,0,0,0,0,1,1,1,1,1,33
635,1,0.0,1,,0,1.0,,0.0,0.0,1,1,1,0,1,1,0,0,1,1,1,0,1,31
636,1,,1,0.0,0,1.0,,0.0,0.0,1,1,0,0,0,0,1,0,1,1,1,1,1,25
639,1,1.0,1,0.0,0,0.0,0.0,0.0,0.0,1,0,0,0,0,0,1,0,1,0,0,0,0,21
648,1,0.0,1,1.0,0,1.0,1.0,0.0,1.0,1,0,0,1,0,0,1,0,1,1,0,0,1,26
650,1,0.0,1,1.0,0,1.0,,1.0,1.0,1,1,0,0,0,0,0,0,1,0,0,0,1,29
654,1,,1,1.0,0,0.0,1.0,1.0,0.0,1,1,1,1,1,1,1,0,1,1,1,0,1,30
656,1,1.0,1,1.0,0,,,1.0,0.0,1,0,0,0,0,0,0,1,1,0,1,0,0,38
663,1,0.0,1,,0,0.0,0.0,,0.0,1,0,0,1,0,0,0,0,1,0,0,0,1,38
668,1,0.0,1,,0,1.0,,0.0,,1,1,1,0,0,0,1,1,1,1,1,0,1,29
670,1,,1,,0,1.0,,1.0,,1,0,0,0,0,0,0,0,1,1,0,1,1,29
678,1,0.0,0,1.0,0,0.0,,1.0,0.0,1,0,0,0,0,0,1,0,0,0,0,1,0,38
683,1,0.0,1,0.0,1,1.0,0.0,1.0,1.0,1,1,1,1,0,1,0,0,1,1,1,0,1,8
684,1,1.0,1,1.0,0,1.0,0.0,0.0,0.0,1,1,1,1,0,1,0,0,1,1,0,0,0,39
685,1,0.0,1,1.0,0,1.0,,1.0,0.0,1,1,1,1,1,0,0,0,1,0,1,0,1,31
686,1,0.0,1,1.0,0,1.0,,0.0,0.0,1,1,1,0,0,0,1,0,1,1,1,0,1,36
690,1,0.0,1,1.0,0,0.0,,0.0,0.0,1,0,0,0,0,0,1,0,1,1,1,0,1,33
693,1,0.0,1,1.0,0,1.0,0.0,0.0,0.0,1,0,0,1,1,0,1,0,1,1,1,1,1,33
698,1,0.0,1,0.0,0,1.0,1.0,1.0,1.0,1,0,0,0,0,0,1,0,1,0,1,1,1,20
699,1,0.0,0,1.0,1,,0.0,1.0,,1,0,0,0,0,0,1,0,1,1,0,0,0,7
702,1,0.0,1,1.0,0,,,1.0,0.0,1,0,0,1,0,0,1,1,1,1,1,1,1,35
703,1,,1,1.0,0,0.0,1.0,0.0,0.0,1,1,0,0,0,0,1,0,1,1,1,1,1,33
705,1,0.0,0,1.0,1,1.0,,0.0,1.0,1,0,0,0,0,0,1,0,1,1,1,1,1,5
706,1,0.0,1,1.0,1,1.0,1.0,1.0,1.0,1,1,1,1,0,0,1,0,1,1,1,1,1,7
708,1,1.0,1,1.0,1,1.0,1.0,1.0,1.0,1,1,1,1,1,1,1,0,1,1,1,0,0,5
711,1,0.0,1,,0,1.0,,1.0,1.0,1,1,0,0,0,0,0,0,1,1,0,0,0,39
713,1,0.0,1,,0,0.0,0.0,1.0,0.0,1,1,1,1,0,0,1,0,1,0,1,0,1,32
716,1,1.0,1,1.0,0,0.0,,0.0,,1,1,1,1,0,0,1,0,1,1,1,1,1,32
720,1,0.0,1,1.0,0,,0.0,1.0,1.0,1,0,0,1,0,0,1,0,1,1,0,1,1,3
724,1,1.0,1,1.0,1,0.0,0.0,0.0,,1,1,1,0,1,0,0,0,1,0,1,0,1,11
728,1,0.0,1,,0,1.0,,0.0,,1,0,0,0,0,0,1,0,1,1,0,1,1,34
730,1,1.0,1,1.0,0,1.0,1.0,1.0,0.0,1,1,1,1,1,1,1,1,1,1,1,1,0,33
731,1,1.0,1,0.0,0,1.0,,1.0,,1,1,0,1,1,1,1,0,1,1,1,0,0,36
732,1,0.0,1,0.0,0,1.0,0.0,0.0,,1,0,0,0,0,0,1,0,1,1,1,0,1,25
736,1,0.0,1,1.0,0,1.0,0.0,1.0,,1,0,0,0,0,0,1,0,1,0,1,0,1,31
738,1,,1,1.0,0,0.0,0.0,0.0,0.0,1,1,1,1,0,0,1,1,1,1,1,1,1,28
746,1,0.0,1,0.0,0,0.0,1.0,0.0,1.0,1,1,1,1,1,1,1,1,1,1,1,1,1,3
747,1,,1,1.0,0,,,1.0,1.0,1,0,0,1,0,1,1,0,1,1,1,1,0,33
749,1,1.0,1,,1,1.0,,1.0,1.0,1,0,0,1,0,1,0,0,1,1,1,1,0,2
751,1,0.0,1,,0,0.0,1.0,0.0,0.0,1,1,1,0,0,0,1,0,0,0,1,1,1,34
752,1,0.0,0,1.0,1,,0.0,0.0,,1,0,1,1,1,0,1,0,1,1,0,0,0,6
753,1,,0,1.0,0,,0.0,0.0,1.0,1,0,0,1,1,1,0,0,0,1,1,0,0,3
757,1,0.0,1,1.0,0,1.0,,0.0,,1,0,0,0,0,0,0,0,1,1,1,1,1,34
760,1,0.0,1,1.0,1,0.0,,0.0,,1,0,0,0,0,0,0,0,0,1,1,0,0,8
763,1,1.0,1,1.0,0,1.0,0.0,0.0,0.0,1,1,1,1,1,1,0,0,1,0,1,0,1,13
766,1,,1,,0,1.0,,1.0,1.0,1,0,0,0,0,0,0,0,1,0,0,1,1,10
771,1,0.0,1,1.0,0,1.0,0.0,0.0,1.0,1,0,0,0,0,1,1,0,1,0,0,0,0,2
773,1,0.0,1,0.0,0,1.0,0.0,1.0,,1,1,1,0,1,0,0,0,1,1,1,0,0,20
778,1,0.0,1,1.0,0,1.0,0.0,0.0,,1,0,0,1,0,1,0,0,1,0,0,0,0,20
786,1,,1,0.0,0,1.0,,1.0,1.0,1,1,1,1,1,1,1,1,1,1,1,1,0,2
787,1,0.0,1,0.0,0,1.0,1.0,0.0,0.0,1,1,1,1,1,1,1,0,1,1,1,0,1,32
794,1,,1,1.0,0,0.0,0.0,0.0,,1,0,1,1,0,0,0,0,1,0,0,0,0,12
797,1,,1,,1,1.0,,1.0,1.0,1,0,0,1,0,1,0,0,1,0,1,0,1,6
799,1,0.0,1,,1,1.0,0.0,1.0,1.0,1,1,0,0,0,1,1,0,1,1,0,0,1,7
801,1,0.0,0,1.0,0,1.0,0.0,1.0,1.0,1,0,0,0,0,0,0,0,1,1,1,1,0,9
802,1,0.0,1,1.0,0,1.0,,0.0,,1,0,0,0,0,1,1,0,1,0,0,0,0,23
804,1,1.0,1,1.0,1,,0.0,1.0,1.0,1,0,1,1,1,1,1,0,1,1,1,0,0,1
807,1,0.0,1,1.0,0,1.0,0.0,1.0,,1,0,0,0,0,0,1,0,1,1,1,0,1,23
808,1,,1,1.0,1,0.0,0.0,0.0,0.0,1,0,0,0,0,0,1,0,0,1,0,1,1,11
809,1,1.0,1,1.0,1,1.0,,1.0,1.0,1,1,0,1,0,1,1,0,1,0,1,1,1,1
810,1,1.0,1,1.0,0,0.0,1.0,1.0,1.0,1,1,1,1,0,0,1,0,1,1,1,1,1,27
811,1,0.0,1,1.0,0,1.0,0.0,0.0,1.0,1,0,0,0,0,0,0,0,1,0,1,0,0,40
812,1,0.0,0,1.0,1,1.0,0.0,0.0,0.0,1,1,1,1,0,1,0,0,1,0,1,0,1,11
818,1,1.0,1,1.0,0,0.0,0.0,1.0,1.0,1,1,1,0,0,0,1,0,1,1,1,1,1,21
819,1,0.0,1,1.0,0,0.0,,1.0,1.0,1,0,0,0,0,0,1,0,1,0,0,0,0,29
821,1,0.0,1,0.0,0,1.0,0.0,1.0,,1,0,0,0,0,0,1,0,1,1,1,1,1,32
823,1,1.0,1,1.0,0,1.0,0.0,1.0,,1,0,0,1,1,1,1,0,0,1,1,1,1,15
825,1,1.0,1,1.0,0,,,0.0,1.0,1,1,1,1,1,1,1,0,0,0,1,1,1,8
826,1,,1,1.0,0,,,1.0,,1,1,1,1,1,0,1,0,1,1,1,0,1,38
828,1,1.0,0,1.0,1,1.0,,1.0,,1,0,0,0,0,0,1,0,1,1,0,0,1,5
833,1,0.0,1,1.0,1,1.0,0.0,1.0,1.0,1,0,0,0,0,1,0,0,1,0,0,0,0,2
838,1,,1,1.0,0,1.0,,1.0,,1,1,1,0,0,0,0,0,1,0,0,1,0,32
839,1,1.0,1,1.0,1,0.0,1.0,1.0,1.0,1,1,1,1,0,0,1,0,1,1,1,1,0,4
841,1,1.0,1,,1,1.0,0.0,1.0,1.0,1,0,0,1,0,1,1,0,1,1,1,0,1,12
842,1,0.0,1,0.0,0,1.0,1.0,1.0,,1,0,1,1,1,1,0,0,1,1,0,1,1,32
843,1,1.0,1,,0,0.0,,1.0,0.0,1,0,0,0,0,0,1,0,1,0,0,1,1,21
850,1,0.0,1,1.0,0,1.0,0.0,0.0,,1,0,0,0,0,0,1,0,1,1,1,0,0,24
855,1,0.0,1,0.0,0,1.0,,0.0,0.0,1,0,0,1,1,1,1,0,1,1,1,0,1,38
858,1,1.0,1,,0,0.0,0.0,0.0,0.0,1,1,1,0,0,0,1,0,1,0,0,0,1,23
860,1,1.0,0,1.0,1,0.0,0.0,1.0,,1,0,0,1,0,0,0,0,1,0,1,0,1,2
862,1,0.0,1,1.0,1,0.0,0.0,0.0,1.0,1,1,1,1,0,0,0,0,1,0,0,0,1,6
864,1,,1,1.0,0,1.0,,1.0,0.0,1,0,0,0,0,1,0,0,1,1,0,0,0,7
871,1,0.0,0,1.0,1,1.0,,1.0,1.0,1,0,0,0,0,0,0,0,1,1,0,0,0,8
874,1,0.0,1,1.0,0,,0.0,0.0,,1,1,1,1,1,1,1,0,1,0,1,0,1,34
883,1,0.0,1,1.0,0,,0.0,0.0,,1,1,1,0,0,0,1,0,1,0,1,0,1,37
886,1,0.0,1,1.0,1,1.0,,1.0,1.0,1,0,0,1,0,1,1,0,1,1,0,0,1,4
887,1,,1,1.0,1,1.0,0.0,0.0,,1,1,1,1,0,1,0,0,1,1,0,0,0,6
891,1,,1,1.0,1,1.0,1.0,1.0,1.0,1,0,0,1,1,0,0,0,1,1,1,1,0,2
894,1,1.0,1,0.0,1,1.0,,1.0,1.0,1,1,1,1,0,0,0,0,1,0,1,0,1,6
906,1,0.0,1,,1,1.0,,1.0,1.0,1,1,1,1,1,1,1,0,1,0,1,1,1,2
909,1,1.0,1,1.0,0,0.0,,0.0,0.0,1,1,1,1,0,1,0,0,1,1,1,1,0,18
910,1,1.0,1,1.0,1,0.0,0.0,1.0,,1,1,1,1,1,0,1,0,0,0,1,0,1,6
911,1,1.0,1,1.0,1,0.0,,,1.0,1,1,1,1,1,0,1,0,1,0,0,0,0,2
915,1,,1,1.0,0,1.0,0.0,0.0,0.0,1,1,1,1,0,0,1,1,0,0,1,1,1,34
919,1,1.0,1,,0,0.0,0.0,0.0,0.0,1,1,1,0,0,0,1,0,1,1,0,0,0,30
920,1,0.0,1,,0,1.0,,1.0,1.0,1,0,0,1,0,0,1,0,1,1,0,0,1,33
922,1,1.0,1,0.0,0,0.0,0.0,1.0,0.0,1,0,0,0,1,0,0,0,1,1,1,0,1,1
929,1,1.0,1,1.0,0,,0.0,0.0,0.0,1,0,0,0,0,0,1,0,1,0,1,1,1,32
932,1,0.0,1,0.0,0,1.0,,0.0,1.0,1,1,0,1,1,1,0,0,1,1,0,0,0,31
938,1,,1,0.0,1,1.0,,1.0,1.0,1,0,0,0,0,0,1,0,1,1,0,0,1,10
944,1,1.0,1,,1,0.0,1.0,1.0,1.0,1,0,0,0,0,0,0,0,1,0,0,1,1,4
945,1,,1,1.0,0,0.0,0.0,0.0,0.0,1,1,1,0,0,0,1,0,0,1,1,0,0,31
947,1,1.0,1,0.0,1,1.0,0.0,1.0,1.0,1,0,0,0,0,1,0,0,1,1,0,1,1,2
949,1,1.0,1,1.0,0,0.0,,0.0,0.0,1,1,1,1,1,1,0,1,1,1,1,0,1,29
955,1,,1,1.0,1,1.0,,0.0,0.0,1,1,1,1,1,0,0,0,1,0,0,0,1,14
963,1,,1,1.0,1,1.0,0.0,0.0,1.0,1,1,1,0,1,1,0,0,1,0,1,1,1,10
964,1,0.0,1,1.0,0,0.0,0.0,0.0,1.0,1,0,0,0,0,0,1,0,1,1,1,1,1,36
967,1,0.0,1,1.0,1,1.0,0.0,0.0,1.0,1,0,0,0,0,0,0,0,1,0,1,1,1,8
975,1,0.0,1,1.0,0,0.0,1.0,1.0,1.0,1,1,1,1,1,1,1,0,1,1,1,1,0,27
978,1,1.0,1,1.0,1,1.0,0.0,0.0,1.0,1,1,0,1,0,0,1,0,1,0,1,0,1,14
980,1,1.0,1,0.0,0,1.0,0.0,1.0,1.0,1,0,0,0,0,0,0,0,1,1,0,0,0,4
984,1,1.0,1,0.0,0,1.0,0.0,0.0,1.0,1,1,1,0,1,1,0,0,1,0,0,0,0,4
985,1,1.0,1,1.0,0,0.0,0.0,1.0,1.0,1,0,0,0,0,1,1,1,1,1,0,1,0,1
994,1,1.0,0,1.0,0,1.0,0.0,1.0,,1,0,0,1,0,1,0,0,0,0,1,1,0,43
998,1,0.0,1,0.0,0,1.0,,1.0,0.0,1,0,0,1,1,1,0,0,1,1,0,0,0,1
1000,1,1.0,1,0.0,1,0.0,1.0,0.0,1.0,1,0,0,1,0,1,0,0,1,1,1,0,0,7
1001,1,,1,0.0,0,1.0,0.0,0.0,1.0,1,1,1,1,1,0,1,0,1,0,1,0,1,32
1002,1,,1,0.0,1,1.0,,1.0,1.0,1,0,0,0,0,1,1,0,1,0,1,1,1,2
1008,1,1.0,1,1.0,0,0.0,,1.0,,1,1,1,1,1,1,1,0,1,0,0,1,1,34
1015,1,1.0,1,1.0,0,,1.0,1.0,1.0,1,0,0,1,1,0,1,0,1,0,1,1,0,3
1016,1,0.0,1,0.0,0,1.0,0.0,0.0,1.0,1,0,0,0,0,1,1,0,1,0,0,0,1,3
1020,1,0.0,1,0.0,0,1.0,0.0,0.0,1.0,1,0,0,0,0,0,0,1,1,0,1,1,1,37
1022,1,0.0,0,1.0,0,0.0,,0.0,0.0,1,1,0,1,0,1,1,0,0,1,1,1,1,23
1026,1,0.0,1,1.0,1,1.0,,1.0,1.0,1,0,0,1,1,0,0,0,1,1,1,1,1,4
1029,1,0.0,1,1.0,0,0.0,0.0,1.0,0.0,1,1,1,1,0,0,0,0,0,0,0,0,1,24
1031,1,0.0,1,,0,0.0,0.0,1.0,,1,1,1,1,1,1,1,0,1,0,0,1,1,20
1033,1,0.0,1,1.0,0,0.0,,0.0,1.0,1,1,0,1,0,0,1,0,1,1,1,0,1,37
1034,1,1.0,0,1.0,1,0.0,0.0,1.0,1.0,1,1,1,0,0,0,1,0,1,1,1,0,1,6
1037,1,1.0,1,0.0,0,1.0,1.0,0.0,0.0,1,0,0,1,1,0,1,1,1,1,1,1,0,32
1040,1,0.0,0,0.0,1,1.0,1.0,0.0,1.0,1,0,0,1,1,1,1,0,1,1,0,0,0,3
1043,1,0.0,1,1.0,0,1.0,0.0,0.0,,1,0,0,1,0,1,0,0,1,1,0,1,0,30
1047,1,,1,1.0,0,1.0,0.0,0.0,0.0,1,0,0,0,0,0,1,0,1,0,1,0,1,30
1052,1,1.0,0,1.0,0,1.0,0.0,0.0,1.0,1,1,1,1,1,1,0,0,1,0,0,0,0,7
1053,1,1.0,1,,1,0.0,1.0,0.0,,1,1,1,1,1,1,1,0,1,1,1,1,1,7
1054,1,,1,1.0,0,0.0,0.0,1.0,1.0,1,1,1,1,0,0,1,0,1,0,0,0,0,13
1055,1,0.0,1,0.0,0,0.0,0.0,0.0,0.0,1,1,0,0,0,0,0,0,1,1,1,1,1,34
1058,1,0.0,1,0.0,1,0.0,1.0,1.0,1.0,1,0,0,0,0,0,0,0,1,1,1,1,1,1
1060,1,0.0,1,0.0,0,0.0,0.0,1.0,0.0,1,1,1,0,1,0,0,0,1,0,0,0,0,22
1065,1,0.0,0,1.0,0,0.0,,0.0,0.0,1,0,0,1,0,0,1,0,1,0,1,1,1,31
1066,1,1.0,1,1.0,0,0.0,1.0,0.0,0.0,1,1,0,0,1,1,1,0,1,1,1,0,1,32
1069,1,1.0,0,,1,,0.0,1.0,1.0,1,0,0,0,0,0,1,0,1,1,1,0,1,10
1074,1,,1,0.0,0,1.0,,0.0,,1,0,0,1,0,0,1,0,1,1,0,1,1,32
1075,1,1.0,0,1.0,1,1.0,0.0,1.0,1.0,1,0,0,1,0,0,0,0,1,1,0,1,1,3
1085,1,1.0,1,,0,,0.0,1.0,1.0,1,0,0,0,0,0,1,0,0,0,1,1,1,16
1088,1,0.0,1,1.0,1,1.0,0.0,1.0,,1,1,0,0,0,1,1,0,1,0,1,1,0,1
1090,1,1.0,1,1.0,0,1.0,,0.0,1.0,1,0,0,0,0,0,1,0,1,0,1,0,0,35
1094,1,0.0,1,1.0,0,0.0,,0.0,,1,0,0,0,0,1,0,0,1,0,0,0,0,33
1095,1,0.0,1,1.0,1,1.0,0.0,0.0,1.0,1,0,0,0,0,1,1,0,1,0,0,0,1,5
1111,1,0.0,1,0.0,1,0.0,1.0,1.0,1.0,1,0,0,1,0,0,0,0,1,1,1,0,1,1
1112,1,0.0,1,0.0,0,1.0,1.0,1.0,0.0,1,0,0,1,1,1,1,0,1,1,1,0,0,31
1113,1,1.0,1,0.0,0,1.0,,0.0,0.0,1,1,1,1,1,1,1,0,1,1,1,1,1,36
1117,1,0.0,1,1.0,0,0.0,0.0,0.0,,1,1,1,0,1,0,0,0,1,1,1,1,0,32
1118,1,0.0,0,1.0,0,0.0,0.0,0.0,0.0,1,0,0,0,0,0,0,0,0,0,1,0,0,14
1119,1,1.0,1,0.0,0,1.0,0.0,0.0,0.0,1,1,1,1,1,1,0,0,0,0,0,0,1,34
1123,1,0.0,1,1.0,1,1.0,0.0,1.0,1.0,1,1,0,1,0,0,1,0,1,1,0,0,0,15
1124,1,0.0,1,1.0,0,,,0.0,0.0,1,1,1,1,0,0,1,0,1,0,1,0,0,36
1128,1,1.0,1,1.0,0,,1.0,0.0,,1,1,1,1,0,0,1,0,1,1,1,0,1,4
1130,1,0.0,1,1.0,0,0.0,,0.0,0.0,1,1,1,0,0,1,1,0,1,0,0,1,1,40
1134,1,0.0,1,1.0,0,1.0,,0.0,0.0,1,1,1,1,1,1,0,0,1,1,0,0,1,29
1135,1,1.0,1,0.0,1,,0.0,1.0,1.0,1,0,0,1,0,1,0,0,1,1,1,0,0,1
1136,1,1.0,1,0.0,0,0.0,0.0,1.0,,1,0,0,1,1,1,0,0,1,1,1,0,1,33
1137,1,,1,1.0,0,0.0,1.0,1.0,,1,0,0,0,0,0,1,0,1,1,1,0,1,31
1141,1,1.0,0,0.0,1,0.0,1.0,1.0,1.0,1,0,0,1,0,0,1,1,1,1,1,1,1,2
1145,1,0.0,1,0.0,0,1.0,0.0,1.0,1.0,1,1,1,1,1,1,1,0,1,1,1,1,1,6
1149,1,,1,1.0,1,0.0,0.0,0.0,,1,1,1,1,1,0,1,0,1,1,1,1,0,5
1150,1,1.0,1,,0,1.0,1.0,1.0,0.0,1,1,1,1,1,0,1,1,1,1,1,1,0,30
1151,1,0.0,1,1.0,1,1.0,1.0,,0.0,1,1,1,1,1,1,1,1,1,0,1,1,1,1
1152,1,1.0,1,1.0,0,1.0,1.0,1.0,1.0,1,1,1,1,1,0,1,0,1,1,1,0,0,4
1154,1,1.0,1,0.0,0,1.0,,1.0,,1,0,0,0,0,1,1,0,1,1,1,0,0,19
1156,1,0.0,1,1.0,1,1.0,,1.0,,1,1,1,0,1,0,1,1,1,1,1,0,1,8
1157,1,,1,1.0,0,0.0,,0.0,0.0,1,0,1,1,0,0,1,1,1,1,1,1,1,22
1159,1,0.0,1,1.0,0,1.0,,0.0,0.0,1,1,0,0,0,1,0,0,1,1,0,1,1,28
1163,1,0.0,1,1.0,0,1.0,1.0,0.0,0.0,1,1,1,1,0,0,1,0,1,1,1,0,1,29
1164,1,,1,0.0,1,1.0,1.0,1.0,1.0,1,1,1,1,1,1,0,0,0,1,0,0,0,2
1165,1,1.0,1,0.0,0,0.0,,1.0,1.0,1,0,0,0,0,0,1,0,1,1,1,0,1,24
1166,1,1.0,1,1.0,0,1.0,1.0,1.0,,1,0,0,1,0,1,1,1,1,1,0,0,0,31
1168,1,0.0,1,1.0,0,0.0,1.0,0.0,0.0,1,0,0,1,1,0,1,1,1,1,1,1,1,34
1173,1,1.0,1,1.0,0,0.0,1.0,0.0,0.0,1,1,1,0,0,0,0,0,1,1,0,1,0,17
1174,1,1.0,1,1.0,0,0.0,0.0,0.0,0.0,1,0,0,0,0,0,0,1,1,0,1,1,1,35
1177,1,1.0,1,1.0,1,1.0,,0.0,,1,1,0,1,0,1,1,0,1,0,0,0,1,13
1178,1,0.0,1,1.0,1,0.0,0.0,1.0,1.0,1,1,1,1,0,0,1,1,1,1,1,1,1,5
1179,1,1.0,1,0.0,1,1.0,0.0,1.0,1.0,1,1,1,1,1,1,1,0,0,1,0,0,1,3
1180,1,1.0,1,0.0,0,0.0,0.0,0.0,,1,1,1,1,1,1,1,0,1,1,0,1,0,14
1182,1,0.0,1,0.0,0,1.0,0.0,0.0,0.0,1,1,1,1,1,1,0,0,1,1,1,0,1,27
1184,1,1.0,1,1.0,0,0.0,0.0,,,1,1,1,0,0,0,1,1,0,1,1,1,1,17
1185,1,,1,1.0,0,0.0,,0.0,,1,1,1,1,1,1,1,0,1,0,1,1,1,32
1186,1,,1,1.0,0,0.0,1.0,0.0,0.0,1,0,0,0,1,0,0,0,1,1,1,1,1,32
1188,1,1.0,1,,0,0.0,1.0,0.0,0.0,1,0,0,0,0,0,1,0,1,1,1,0,1,28
1191,1,0.0,1,1.0,0,1.0,0.0,0.0,1.0,1,0,0,0,0,0,0,0,1,0,0,0,0,1
1196,1,,1,,1,1.0,0.0,0.0,1.0,1,0,0,1,0,0,0,0,1,0,0,0,0,6
1197,1,0.0,0,0.0,1,0.0,,1.0,1.0,1,0,0,1,0,0,1,1,1,1,1,1,1,4
1198,1,0.0,1,1.0,1,0.0,0.0,0.0,1.0,1,0,0,0,0,0,1,0,1,1,1,1,1,6
1204,1,0.0,1,1.0,0,0.0,0.0,,,1,1,1,1,0,1,0,0,1,0,0,0,1,17
1210,1,0.0,1,,1,0.0,1.0,0.0,,1,0,0,0,0,0,1,0,1,1,1,1,1,4
1211,1,0.0,1,1.0,0,0.0,,0.0,,1,1,0,1,0,0,1,0,1,1,0,1,1,13
1216,1,0.0,1,,1,1.0,0.0,1.0,1.0,1,0,0,0,0,0,0,0,1,0,1,0,0,1
1217,1,0.0,1,0.0,0,1.0,1.0,0.0,0.0,1,1,1,1,1,0,1,0,1,1,1,0,1,24
1222,1,,1,0.0,0,1.0,0.0,0.0,1.0,1,0,0,1,1,1,0,0,1,0,0,0,1,15
1224,1,0.0,1,1.0,0,0.0,0.0,1.0,,1,0,0,0,0,0,0,0,1,0,1,1,1,34
1225,1,0.0,1,0.0,0,1.0,1.0,1.0,1.0,1,0,0,0,0,0,0,0,1,1,0,0,0,28
1229,1,1.0,1,0.0,1,1.0,,0.0,1.0,1,1,1,1,0,0,1,0,1,1,1,0,1,14
1234,1,0.0,1,1.0,0,0.0,0.0,0.0,0.0,1,1,1,1,0,0,0,0,1,1,1,1,0,22
1236,1,,0,,1,,0.0,1.0,1.0,1,1,1,1,1,1,1,0,0,1,1,0,1,6
1242,1,0.0,1,1.0,0,0.0,,0.0,0.0,1,1,0,1,0,0,1,0,1,1,1,0,1,29
1246,1,1.0,1,1.0,0,0.0,1.0,0.0,,1,1,1,1,1,0,1,0,1,1,1,0,1,37
1250,1,0.0,1,1.0,0,1.0,,0.0,,1,0,0,0,0,0,0,0,1,0,0,1,1,36
1258,1,0.0,1,1.0,1,1.0,,0.0,1.0,1,0,0,0,0,0,0,0,0,0,1,0,1,5
1262,1,,1,1.0,1,0.0,,1.0,1.0,1,1,1,1,0,1,1,0,1,1,0,0,1,6
1263,1,1.0,1,1.0,0,0.0,,0.0,,1,1,1,0,1,1,1,0,0,0,0,0,1,21
1264,1,0.0,0,1.0,0,1.0,0.0,0.0,0.0,1,1,0,1,1,1,0,0,0,0,0,0,0,39
1269,1,0.0,1,1.0,0,0.0,,0.0,0.0,1,1,1,1,0,0,0,0,1,1,1,1,1,37
1272,1,1.0,1,1.0,0,0.0,1.0,0.0,0.0,1,1,1,1,0,0,1,0,1,1,0,1,1,30
1274,1,0.0,1,,0,0.0,0.0,0.0,0.0,1,0,0,0,0,0,1,0,1,1,0,0,1,36
1275,1,1.0,1,1.0,0,1.0,0.0,1.0,1.0,1,0,0,1,0,1,0,0,1,1,1,0,1,3
1277,1,,1,1.0,0,1.0,0.0,0.0,0.0,1,1,1,0,0,0,0,0,1,0,0,0,0,20
1279,1,0.0,1,0.0,0,1.0,0.0,1.0,1.0,1,0,0,0,0,1,0,0,1,0,0,0,0,28
1281,1,0.0,1,,0,0.0,1.0,0.0,,1,0,0,0,0,0,1,1,1,1,1,0,1,30
1286,1,0.0,1,1.0,1,1.0,0.0,,1.0,1,1,1,1,1,1,1,0,1,1,1,0,1,2
1288,1,0.0,1,0.0,0,1.0,0.0,0.0,,1,0,0,0,0,1,0,0,1,1,1,1,1,20
1289,1,0.0,1,1.0,1,1.0,,1.0,,1,0,1,1,0,0,0,0,1,1,1,1,0,2
1292,1,0.0,1,,1,0.0,0.0,0.0,,1,1,1,0,0,0,1,0,1,0,0,1,0,8
1293,1,,1,1.0,0,1.0,,1.0,1.0,1,1,1,1,1,1,1,1,1,1,1,1,1,32
1296,1,1.0,1,0.0,0,0.0,0.0,1.0,,1,0,0,1,0,0,0,0,1,1,1,0,0,30
1298,1,0.0,1,1.0,0,1.0,0.0,0.0,0.0,1,1,0,1,1,1,1,0,1,1,1,1,1,30
1300,1,0.0,1,1.0,0,0.0,,1.0,1.0,1,1,1,0,1,1,0,0,1,1,1,1,1,35
1301,1,1.0,1,1.0,0,0.0,0.0,0.0,,1,1,0,0,1,0,1,0,0,0,1,1,1,28
1302,1,,1,0.0,1,1.0,0.0,0.0,0.0,1,0,0,1,0,0,1,0,0,0,1,1,1,6
1304,1,,1,1.0,1,1.0,0.0,1.0,,1,1,1,1,1,1,1,0,1,0,0,0,0,9
1307,1,,1,1.0,0,1.0,,0.0,,1,0,0,0,0,1,0,0,1,1,1,0,1,28
1308,1,1.0,1,1.0,0,1.0,0.0,0.0,0.0,1,1,1,1,0,1,1,0,0,0,1,0,0,20
1315,1,,1,0.0,0,1.0,,0.0,0.0,1,0,0,1,0,1,1,0,1,1,1,0,1,40
1316,1,0.0,1,1.0,0,0.0,0.0,1.0,0.0,1,0,0,1,0,0,1,0,1,1,1,0,0,25
1320,1,0.0,1,1.0,0,0.0,,0.0,0.0,1,1,1,0,0,0,1,1,1,0,1,1,1,34
1321,1,0.0,0,1.0,0,0.0,,0.0,,1,0,0,1,1,0,0,0,0,0,1,0,0,37
1322,1,0.0,1,0.0,1,1.0,1.0,1.0,1.0,1,0,0,1,0,1,0,0,1,1,0,0,1,2
1327,1,0.0,1,1.0,1,0.0,,1.0,1.0,1,1,1,1,1,0,0,0,1,1,0,0,1,2
1330,1,0.0,1,,1,1.0,0.0,1.0,0.0,1,0,0,1,0,0,0,0,1,1,0,1,1,1
1332,1,1.0,1,1.0,0,,0.0,1.0,0.0,1,0,1,1,1,1,0,0,1,1,0,0,0,31
1333,1,0.0,1,0.0,0,1.0,1.0,1.0,,1,0,0,1,0,1,0,0,1,1,0,0,1,29
1339,1,1.0,1,0.0,0,1.0,0.0,0.0,,1,1,1,1,1,1,1,0,1,0,0,0,0,34
1341,1,0.0,0,1.0,0,1.0,,0.0,,1,1,0,0,0,1,1,0,0,1,1,0,0,6
1342,1,0.0,1,1.0,1,1.0,,1.0,1.0,1,1,0,1,0,0,1,0,1,0,1,0,1,2
1344,1,1.0,1,1.0,1,1.0,,1.0,1.0,1,1,1,1,1,1,1,0,1,1,1,1,1,4
1348,1,,1,1.0,1,1.0,,1.0,,1,1,1,1,1,1,0,0,1,0,1,1,1,2
1351,1,0.0,1,0.0,0,1.0,0.0,0.0,,1,0,0,1,1,1,1,0,1,1,1,1,0,30
1356,1,0.0,1,1.0,1,1.0,,1.0,1.0,1,1,1,1,1,1,0,0,1,1,0,0,1,2
1358,1,1.0,1,1.0,0,1.0,,1.0,,1,1,1,0,1,1,1,0,1,0,1,0,1,30
1362,1,0.0,1,,0,0.0,0.0,1.0,1.0,1,1,1,0,0,0,1,0,1,1,1,0,1,3
1364,1,0.0,1,1.0,0,0.0,0.0,0.0,0.0,1,0,0,1,0,1,1,0,1,1,1,0,0,25
1365,1,1.0,0,1.0,0,1.0,,0.0,0.0,1,0,0,0,0,0,1,0,1,1,1,0,0,4
1368,1,1.0,0,1.0,1,1.0,0.0,1.0,,1,0,0,0,0,0,0,0,1,0,0,1,0,6
1369,1,0.0,1,1.0,1,1.0,0.0,1.0,1.0,1,1,1,1,0,0,1,0,1,1,0,0,1,5
1371,1,1.0,1,1.0,0,0.0,0.0,1.0,,1,0,0,1,0,1,1,1,1,1,1,1,1,22
1374,1,1.0,1,1.0,0,0.0,0.0,1.0,0.0,1,0,0,1,0,0,1,0,0,1,0,1,1,34
1377,1,0.0,1,1.0,0,0.0,0.0,0.0,0.0,1,1,1,1,1,0,1,0,1,0,0,0,0,34
1380,1,1.0,1,0.0,1,1.0,1.0,1.0,0.0,1,1,1,1,1,1,1,0,1,1,1,0,0,7
1381,1,0.0,1,0.0,1,0.0,,1.0,1.0,1,0,0,0,0,0,1,0,1,1,1,1,1,1
1382,1,1.0,1,1.0,0,1.0,,1.0,1.0,1,1,1,1,1,1,1,0,1,1,0,0,1,2
1400,1,1.0,1,0.0,0,0.0,,0.0,,1,0,0,1,0,0,0,0,1,1,1,0,1,23
1403,1,1.0,1,0.0,0,1.0,,0.0,,1,0,1,1,1,1,0,0,1,1,0,1,1,40
1408,1,0.0,1,0.0,0,1.0,,0.0,0.0,1,0,0,0,0,1,1,0,1,1,1,0,0,36
1412,1,0.0,1,1.0,0,,0.0,0.0,,1,1,1,0,0,1,1,0,1,0,1,1,1,27
1415,1,0.0,1,1.0,1,1.0,0.0,0.0,1.0,1,1,1,1,0,1,0,0,1,1,1,0,0,8
1421,1,0.0,1,1.0,0,1.0,,1.0,0.0,1,0,0,1,0,0,1,0,1,1,0,1,0,27
1424,1,,1,1.0,1,0.0,1.0,1.0,1.0,1,0,0,0,0,0,0,0,1,1,1,1,1,7
1426,1,0.0,1,0.0,0,0.0,0.0,0.0,0.0,1,1,1,1,0,0,1,0,1,1,1,0,1,37
1427,1,1.0,1,1.0,0,1.0,0.0,0.0,0.0,1,0,0,0,1,0,1,0,0,1,1,1,1,29
1431,1,0.0,1,0.0,0,0.0,,0.0,,1,0,0,1,0,0,1,0,1,0,1,0,1,22
1433,1,1.0,1,1.0,0,0.0,,0.0,0.0,1,0,0,0,0,0,1,1,1,1,0,0,0,43
1436,1,0.0,1,1.0,1,1.0,,0.0,,1,1,0,1,0,1,1,0,1,0,0,1,1,9
1437,1,,0,1.0,1,,0.0,0.0,1.0,1,1,1,1,1,0,0,0,1,0,0,0,0,10
1443,1,,1,,0,0.0,1.0,,0.0,1,1,1,1,1,1,1,0,0,1,1,0,1,15
1448,1,0.0,1,,1,1.0,0.0,1.0,1.0,1,1,1,1,0,1,0,0,0,1,1,0,1,2
1449,1,1.0,1,1.0,0,1.0,1.0,1.0,0.0,1,1,1,1,1,1,1,0,1,1,1,1,1,32
1454,1,,1,1.0,0,0.0,1.0,0.0,,1,1,1,0,0,1,1,0,1,1,1,0,1,30
1456,1,1.0,1,1.0,1,1.0,0.0,1.0,1.0,1,1,1,0,0,0,1,0,1,0,0,0,0,5
1457,1,0.0,1,0.0,0,1.0,,0.0,,1,0,0,1,0,0,1,0,1,1,1,0,1,26
1460,1,1.0,1,0.0,1,0.0,0.0,1.0,1.0,1,0,0,0,0,1,0,0,1,1,0,0,1,2
1462,1,1.0,1,,0,,0.0,0.0,,1,1,1,1,0,1,0,0,1,0,1,0,1,30
1464,1,,1,1.0,0,0.0,0.0,0.0,0.0,1,1,1,0,0,0,1,0,1,0,0,1,1,34
1465,1,0.0,1,1.0,0,0.0,0.0,0.0,0.0,1,1,1,0,0,1,1,0,1,0,0,1,0,34
1468,1,0.0,1,1.0,1,1.0,0.0,1.0,1.0,1,1,0,1,0,1,0,0,1,1,1,0,1,9
1472,1,0.0,1,1.0,1,0.0,,1.0,1.0,1,0,1,0,0,0,1,0,1,1,1,0,0,5
1473,1,,1,1.0,0,1.0,0.0,0.0,1.0,1,0,0,0,0,0,0,0,1,1,1,0,0,10
1475,1,1.0,0,0.0,0,0.0,,1.0,,1,1,1,1,1,0,0,0,1,0,1,1,1,27
1476,1,,1,0.0,1,0.0,0.0,1.0,0.0,1,0,0,1,0,0,1,0,1,1,0,0,1,3
1477,1,1.0,1,0.0,1,0.0,1.0,1.0,1.0,1,0,0,0,0,0,1,1,1,1,1,0,1,3
1480,1,1.0,1,,0,1.0,0.0,1.0,1.0,1,0,0,0,0,0,1,0,1,1,1,1,1,21
1481,1,0.0,1,1.0,0,0.0,,0.0,1.0,1,0,0,0,0,0,1,0,1,1,1,1,1,37
1486,1,,1,1.0,1,0.0,0.0,1.0,1.0,1,0,0,0,0,0,1,0,1,1,0,0,1,6
1487,1,0.0,1,1.0,0,0.0,0.0,1.0,,1,0,0,0,0,0,1,0,1,1,1,0,0,32
1488,1,,1,0.0,0,0.0,0.0,0.0,0.0,1,0,0,1,0,1,1,0,1,1,1,1,1,27
1489,1,,1,,0,0.0,,1.0,,1,0,0,0,0,1,1,0,1,0,1,1,1,29
1491,1,1.0,1,0.0,1,1.0,1.0,1.0,1.0,1,1,1,1,1,1,1,1,1,1,1,0,1,3
1495,1,0.0,1,1.0,0,0.0,,1.0,,1,0,0,0,0,0,1,1,1,1,1,1,1,30
1496,1,,1,1.0,0,0.0,0.0,1.0,,1,0,0,0,0,0,1,0,1,1,1,0,0,30
1497,1,1.0,0,1.0,0,0.0,0.0,1.0,0.0,1,1,1,1,1,1,1,0,1,0,0,0,1,10
1498,1,1.0,1,1.0,1,,1.0,,1.0,1,1,1,1,0,0,1,0,1,0,0,1,1,2
1499,1,0.0,1,0.0,1,1.0,0.0,1.0,1.0,1,1,1,1,1,1,1,0,1,1,0,0,0,5
1500,1,0.0,1,0.0,0,1.0,0.0,0.0,0.0,1,0,0,1,1,0,1,0,1,1,0,1,0,29
1501,1,0.0,1,,1,0.0,0.0,0.0,,1,0,0,1,1,0,1,0,1,1,0,0,1,5
1505,1,1.0,1,1.0,1,0.0,0.0,1.0,,1,1,0,0,0,0,0,0,1,0,1,0,0,5
1509,1,,1,0.0,0,1.0,1.0,1.0,,1,0,0,1,1,0,0,0,1,1,1,0,0,32
1511,1,1.0,1,1.0,0,,1.0,,1.0,1,0,0,0,1,0,1,0,1,1,1,1,1,23
1512,1,1.0,1,1.0,0,0.0,1.0,0.0,0.0,1,1,1,0,0,0,1,0,1,1,1,1,1,30
1514,1,0.0,1,0.0,0,1.0,0.0,0.0,1.0,1,1,1,1,1,1,0,0,0,0,0,1,0,31
1515,1,0.0,1,1.0,1,1.0,0.0,1.0,,1,1,0,0,1,1,0,0,1,1,1,0,0,2
1516,1,0.0,1,1.0,0,1.0,1.0,0.0,,1,0,0,0,0,0,1,0,1,1,1,0,0,28
1519,1,,1,1.0,0,1.0,1.0,0.0,,1,0,1,0,0,0,1,0,1,1,1,0,0,31
1522,1,0.0,1,0.0,0,1.0,1.0,0.0,0.0,1,1,1,0,1,1,1,0,1,1,1,1,1,35
1526,1,1.0,0,0.0,1,0.0,0.0,0.0,,1,1,1,0,1,0,0,0,0,0,0,0,0,4
1527,1,0.0,1,0.0,0,0.0,0.0,0.0,,1,1,1,1,0,0,0,0,1,1,1,0,1,28
1530,1,0.0,1,1.0,0,0.0,0.0,0.0,0.0,1,0,0,1,0,1,1,1,1,0,1,1,1,38
1531,1,1.0,1,0.0,0,1.0,0.0,0.0,0.0,1,1,1,1,1,1,1,1,1,1,1,0,0,29
1535,1,0.0,0,0.0,0,1.0,0.0,0.0,1.0,1,1,1,1,1,1,1,0,0,0,1,0,0,17
1537,1,1.0,1,1.0,0,1.0,,1.0,0.0,1,1,0,0,1,1,1,0,1,0,1,1,1,26
1538,1,1.0,1,1.0,1,0.0,0.0,1.0,1.0,1,0,0,0,0,0,1,0,1,0,0,0,0,3
1543,1,0.0,1,1.0,0,0.0,0.0,0.0,0.0,1,0,0,0,0,0,0,0,1,1,0,0,1,39
1549,0,,1,1.0,0,1.0,1.0,1.0,1.0,1,0,0,0,0,0,0,1,1,1,0,0,1,13
1557,0,,0,1.0,1,0.0,,1.0,,1,1,1,1,1,1,0,0,0,0,1,0,1,9
1558,0,0.0,1,1.0,1,1.0,0.0,1.0,1.0,1,0,0,1,0,1,0,0,1,0,1,0,0,7
1561,0,,1,1.0,1,1.0,,1.0,1.0,1,0,0,0,1,1,1,1,1,1,0,0,1,2
1564,0,0.0,0,0.0,1,1.0,1.0,1.0,1.0,1,0,0,0,1,0,1,0,1,1,1,0,1,4
1566,0,,0,1.0,1,0.0,0.0,1.0,1.0,1,0,0,0,0,0,0,0,0,1,0,0,0,9
1570,0,,1,1.0,1,1.0,1.0,1.0,1.0,1,0,0,0,0,0,0,0,1,0,1,1,0,3
1575,0,0.0,1,1.0,1,0.0,1.0,0.0,1.0,1,0,0,0,0,0,0,0,1,1,1,0,0,2
1581,0,,0,1.0,1,1.0,0.0,1.0,1.0,1,1,1,1,1,1,1,0,1,1,1,0,1,3
1582,0,0.0,1,1.0,1,0.0,0.0,0.0,,1,0,0,0,0,0,0,0,1,1,0,1,1,16
1593,0,1.0,1,1.0,1,0.0,,1.0,1.0,1,0,0,0,0,0,1,0,1,1,1,0,1,16
1597,0,,1,0.0,1,1.0,1.0,1.0,1.0,1,1,1,1,1,0,0,0,1,1,1,1,1,6
1598,0,,1,0.0,0,1.0,0.0,1.0,0.0,1,0,0,1,0,0,0,0,1,0,0,1,0,31
1602,0,1.0,1,1.0,1,1.0,,1.0,1.0,1,1,1,1,1,1,0,0,0,0,0,1,1,2
1607,0,1.0,1,0.0,1,1.0,0.0,1.0,0.0,1,1,1,1,1,1,1,1,1,1,0,0,0,4
1610,0,0.0,1,1.0,1,1.0,1.0,1.0,1.0,1,1,1,1,0,0,1,1,1,1,1,1,1,2
1612,0,,1,1.0,0,1.0,0.0,1.0,1.0,1,0,0,0,0,0,1,1,1,0,0,1,0,22
1613,0,1.0,1,1.0,0,1.0,1.0,0.0,1.0,1,1,1,1,1,1,0,0,1,1,1,1,1,12
1614,0,,1,,1,0.0,0.0,1.0,1.0,1,0,0,0,0,0,1,0,1,1,0,0,0,2
1615,0,,0,0.0,1,1.0,,0.0,,1,0,0,1,0,1,1,0,1,1,0,0,0,7
1616,0,,1,,0,0.0,,1.0,1.0,1,0,0,1,0,1,0,0,1,1,0,0,0,2
1618,0,,1,1.0,0,1.0,,1.0,1.0,1,0,0,0,0,0,1,0,1,1,1,0,1,3
1619,0,0.0,1,0.0,0,1.0,,0.0,1.0,1,0,0,0,1,1,0,0,1,1,0,1,1,22
1627,0,0.0,1,0.0,0,1.0,0.0,1.0,1.0,1,0,0,0,0,0,0,0,1,0,0,0,0,4
1636,0,,1,1.0,1,1.0,0.0,1.0,1.0,1,0,0,0,0,0,1,0,0,0,0,0,0,1
1641,0,,1,,1,1.0,,0.0,1.0,1,0,0,1,0,1,1,0,1,1,1,0,1,15
1643,0,,1,0.0,1,1.0,0.0,1.0,1.0,1,0,0,0,0,1,1,0,1,1,1,0,1,5
1644,0,,1,0.0,1,1.0,0.0,1.0,1.0,1,0,1,1,0,1,1,0,1,1,0,0,0,14
1645,0,,1,0.0,1,1.0,,1.0,1.0,1,0,1,1,1,1,1,0,1,1,0,0,0,7
1646,0,1.0,1,1.0,1,1.0,1.0,1.0,1.0,1,1,0,1,0,0,0,0,1,1,1,1,0,2
1648,0,,1,1.0,0,0.0,0.0,1.0,1.0,1,0,0,0,0,0,1,0,1,1,0,0,1,18
1650,0,0.0,0,1.0,1,0.0,,0.0,1.0,1,1,0,0,0,0,1,0,1,0,0,0,0,8
1651,0,,1,1.0,0,0.0,,0.0,,1,0,0,0,0,0,1,0,1,1,1,0,1,27
1653,0,,1,1.0,0,1.0,0.0,0.0,0.0,1,0,0,0,0,0,1,0,1,1,0,1,1,22
1657,0,0.0,1,1.0,1,1.0,1.0,1.0,1.0,1,0,0,1,0,0,1,0,1,1,1,0,0,1
1659,0,0.0,1,1.0,1,1.0,0.0,1.0,,1,0,1,0,0,0,1,0,1,1,1,0,0,7
1666,0,1.0,1,0.0,0,1.0,0.0,1.0,1.0,1,1,1,1,1,0,0,0,1,1,0,0,0,2
1672,0,1.0,1,1.0,1,1.0,,1.0,,1,0,0,1,0,1,0,0,1,1,0,0,0,14
1674,0,,1,1.0,0,1.0,,0.0,,1,0,0,0,0,1,0,0,1,1,0,0,1,21
1675,0,,1,1.0,1,0.0,0.0,1.0,,1,1,1,1,1,1,0,0,0,1,1,1,0,3
1676,0,0.0,1,1.0,1,0.0,,1.0,1.0,1,1,0,1,0,0,1,0,0,1,1,0,1,2
1679,0,,1,0.0,0,0.0,0.0,1.0,1.0,1,0,0,0,0,0,1,0,1,1,1,0,1,3
1696,0,0.0,1,1.0,1,1.0,0.0,1.0,1.0,1,1,1,1,1,1,0,0,1,1,0,0,0,1
1700,0,,1,0.0,0,1.0,0.0,1.0,1.0,1,0,0,1,0,1,0,0,0,0,0,0,1,12
1703,0,,1,1.0,0,1.0,,1.0,1.0,1,0,0,0,1,1,1,0,1,1,1,0,1,3
1711,0,,1,1.0,0,1.0,0.0,1.0,,1,0,1,1,1,1,1,0,1,1,1,1,0,3
1715,0,1.0,0,1.0,1,1.0,0.0,1.0,1.0,1,1,1,0,0,0,0,0,0,0,0,1,1,4
1720,0,,0,0.0,0,1.0,0.0,0.0,1.0,1,0,0,1,0,1,0,0,1,1,0,0,0,3
1722,0,,1,1.0,0,,1.0,0.0,,1,0,1,1,1,0,1,0,0,0,1,1,1,9
1723,0,,1,1.0,0,0.0,,1.0,,1,0,0,0,0,0,1,0,1,1,0,1,1,2
1724,0,,1,0.0,1,1.0,0.0,1.0,1.0,1,0,0,1,0,1,1,0,0,0,1,0,0,2
1726,0,,1,1.0,0,0.0,0.0,0.0,,1,1,1,1,0,0,0,0,0,0,0,1,1,14
1731,0,,1,0.0,1,1.0,1.0,1.0,1.0,1,1,1,1,0,0,1,0,1,1,1,0,1,2
1739,0,,1,1.0,1,1.0,0.0,1.0,1.0,1,0,0,1,0,1,0,0,1,1,0,0,0,1
1741,0,0.0,1,1.0,1,1.0,1.0,1.0,1.0,1,1,0,0,0,1,0,0,1,0,0,0,1,3
1747,0,0.0,1,1.0,1,0.0,,1.0,1.0,1,0,0,1,0,0,0,0,1,1,0,1,1,1
1750,0,0.0,1,0.0,1,0.0,0.0,0.0,0.0,1,0,0,0,0,0,0,0,1,0,1,0,0,1
1752,0,1.0,1,1.0,1,1.0,,1.0,1.0,1,0,0,0,0,0,0,0,1,0,0,1,1,3
1755,0,,1,1.0,0,1.0,0.0,0.0,1.0,1,0,0,1,0,1,1,0,1,1,0,0,0,14
1760,0,,1,1.0,0,0.0,1.0,1.0,0.0,1,1,1,1,1,0,1,0,1,0,0,0,1,32
1765,0,,1,1.0,1,1.0,0.0,1.0,1.0,1,0,0,0,0,0,1,0,1,0,0,1,0,1
1772,0,,1,1.0,0,0.0,1.0,1.0,,1,1,1,0,0,0,1,0,1,0,1,1,1,35
1775,0,,1,0.0,1,1.0,0.0,1.0,1.0,1,0,0,0,0,0,0,0,1,1,0,1,0,4
1776,0,,1,0.0,0,1.0,0.0,,1.0,1,0,0,0,0,1,1,0,1,1,0,0,0,13
1798,0,,1,1.0,1,0.0,0.0,0.0,1.0,1,0,0,0,0,0,0,0,1,0,0,1,1,5
1799,0,,1,,1,0.0,0.0,0.0,0.0,1,1,1,1,0,0,0,0,0,0,0,0,1,16
1800,0,,1,0.0,1,1.0,0.0,1.0,0.0,1,1,1,1,1,1,0,0,1,1,1,0,1,10
1804,0,0.0,1,1.0,1,1.0,1.0,1.0,1.0,1,1,1,1,1,1,1,0,1,1,1,1,1,5
1812,0,,1,1.0,1,1.0,1.0,1.0,1.0,1,0,0,0,0,0,0,0,1,1,1,1,1,1
1820,0,,0,1.0,0,0.0,0.0,0.0,,1,0,0,0,0,0,1,0,1,1,1,0,0,4
1822,0,1.0,1,1.0,1,1.0,0.0,1.0,1.0,1,0,0,0,0,1,0,0,1,1,0,1,1,6
1839,0,,1,1.0,1,1.0,,1.0,1.0,1,0,0,1,0,0,0,0,1,1,0,0,0,4
1841,0,,1,1.0,1,0.0,0.0,1.0,0.0,1,0,0,1,0,0,1,0,0,0,0,0,0,10
1847,0,1.0,1,0.0,0,1.0,1.0,1.0,1.0,1,0,0,0,0,0,1,1,1,1,1,1,1,1
1849,0,,1,,1,0.0,0.0,0.0,0.0,1,0,0,0,0,0,1,1,1,1,1,1,1,13
1850,0,,1,,0,0.0,0.0,0.0,0.0,1,0,0,0,0,0,0,0,1,1,0,1,1,36
1854,0,,1,1.0,1,1.0,0.0,0.0,0.0,1,0,0,1,0,1,0,0,1,0,0,0,1,11
1856,0,,1,1.0,0,1.0,,1.0,1.0,1,1,1,0,1,1,1,0,1,0,0,0,1,22
1862,0,,1,0.0,0,1.0,,1.0,1.0,1,1,1,1,1,1,0,0,1,0,1,0,0,1
1865,0,,1,,0,1.0,,1.0,,1,0,0,0,0,0,0,0,0,0,0,1,0,31
1867,0,1.0,1,1.0,1,1.0,0.0,1.0,0.0,1,0,0,0,0,1,0,0,1,1,0,0,0,3
1878,0,,1,0.0,0,0.0,,1.0,0.0,1,0,0,0,0,1,0,0,1,0,0,1,0,30
1879,0,,0,0.0,0,1.0,0.0,0.0,,1,0,0,0,0,1,0,0,1,1,0,0,0,1
1886,0,0.0,1,1.0,1,0.0,1.0,1.0,1.0,1,0,0,1,0,1,0,0,1,1,1,0,0,6
1890,0,0.0,1,1.0,1,0.0,,1.0,1.0,1,0,0,1,0,0,0,0,1,1,0,1,1,3
1891,0,,0,1.0,1,0.0,,0.0,1.0,1,1,1,1,1,0,0,0,1,1,1,0,1,6
1892,0,,0,1.0,0,0.0,0.0,0.0,1.0,1,0,0,1,0,0,0,0,1,0,1,0,1,19
1897,0,,1,1.0,1,0.0,,1.0,1.0,1,0,1,0,0,0,1,0,1,1,1,1,1,2
1899,0,,1,1.0,1,1.0,0.0,1.0,1.0,1,0,0,0,0,0,1,0,1,1,0,0,0,2
1901,0,0.0,1,1.0,1,1.0,0.0,1.0,1.0,1,0,0,1,1,1,0,0,1,0,1,0,0,1
1904,0,,1,1.0,0,0.0,0.0,0.0,0.0,1,0,0,0,0,0,1,0,1,1,0,0,1,17
1911,0,1.0,1,1.0,1,0.0,0.0,1.0,1.0,1,0,0,1,0,0,1,0,1,0,0,0,0,3
1915,0,,1,0.0,0,0.0,0.0,0.0,0.0,1,0,0,0,0,0,1,0,1,1,0,1,1,32
1917,0,1.0,1,1.0,1,1.0,,1.0,1.0,1,0,0,0,0,0,1,1,1,1,1,1,0,2
1924,0,,1,1.0,1,1.0,,1.0,1.0,1,1,1,1,1,1,0,0,0,0,0,0,0,3
1929,0,,1,,1,0.0,0.0,1.0,1.0,1,0,1,0,0,1,1,1,0,0,0,1,0,3
1930,0,,1,1.0,0,0.0,,0.0,0.0,1,1,1,1,0,1,0,0,1,0,0,0,1,25
1939,0,,1,0.0,1,1.0,,1.0,1.0,1,1,1,1,1,1,1,0,1,0,0,0,1,4
1944,0,0.0,1,0.0,1,1.0,,1.0,1.0,1,0,0,0,0,1,1,0,0,1,0,1,1,2
1945,0,,0,1.0,0,0.0,1.0,0.0,0.0,1,1,1,0,0,0,1,0,1,0,0,1,1,12
1952,0,,1,1.0,0,0.0,0.0,1.0,,1,0,0,0,0,0,1,0,1,1,0,0,1,19
1958,0,,1,1.0,1,1.0,0.0,1.0,1.0,1,0,0,0,1,1,1,0,1,1,1,0,1,2
1973,0,,0,1.0,0,0.0,,0.0,,1,1,0,1,0,0,1,0,1,1,1,0,1,20
1980,0,,1,1.0,1,1.0,0.0,1.0,1.0,1,0,0,1,0,1,1,0,1,0,0,1,1,3
1981,0,,1,1.0,1,1.0,,0.0,1.0,1,1,1,1,1,0,0,0,1,1,0,1,0,3
1991,0,,1,1.0,1,,0.0,1.0,,1,0,0,1,0,1,0,0,1,1,0,0,0,12
1995,0,,1,0.0,1,,0.0,1.0,1.0,1,1,1,1,0,0,1,0,1,1,1,0,0,7
2001,0,,1,1.0,1,0.0,0.0,0.0,,1,0,0,1,0,0,1,0,1,1,0,0,0,15
2002,0,,1,1.0,0,0.0,1.0,1.0,1.0,1,1,0,1,0,0,1,0,1,1,1,0,0,4
2004,0,,1,1.0,0,1.0,,1.0,,1,0,0,0,0,0,1,0,1,1,0,0,1,27
2005,0,,1,1.0,1,1.0,0.0,1.0,1.0,1,0,0,0,0,0,0,0,1,0,0,1,1,1
2006,0,,0,0.0,0,1.0,0.0,0.0,0.0,1,1,1,1,1,1,1,0,1,1,1,0,1,20
2007,0,,1,0.0,1,1.0,0.0,1.0,1.0,1,0,0,1,1,1,0,0,1,1,0,0,0,1
2010,0,1.0,1,1.0,1,0.0,0.0,1.0,1.0,1,1,1,1,0,1,1,0,1,0,1,1,1,2
2012,0,1.0,0,1.0,1,1.0,0.0,1.0,1.0,1,0,0,1,0,1,1,1,0,1,0,1,1,1
2014,0,,1,1.0,0,1.0,0.0,0.0,,1,1,1,1,1,1,1,0,1,0,0,1,1,18
2021,0,,1,1.0,1,1.0,0.0,0.0,1.0,1,0,0,0,0,1,0,0,1,0,1,1,1,3
2023,0,,1,1.0,0,1.0,,0.0,1.0,1,1,0,0,0,0,1,0,0,0,0,0,0,21
2027,0,0.0,1,,1,0.0,,1.0,1.0,1,0,0,1,0,0,0,1,1,0,1,1,1,1
2028,0,,0,,1,0.0,0.0,0.0,1.0,1,1,1,1,1,0,1,0,1,1,0,1,1,1
2030,0,0.0,1,1.0,1,0.0,0.0,0.0,1.0,1,0,0,0,1,1,0,0,0,1,1,0,1,1
2041,0,,1,1.0,1,1.0,0.0,0.0,1.0,1,0,0,0,0,0,1,0,1,1,0,0,0,1
2042,0,,1,0.0,1,1.0,0.0,,1.0,1,0,0,0,0,0,1,0,1,1,1,0,1,3
2047,0,,1,1.0,0,0.0,,1.0,0.0,1,0,0,0,0,1,1,0,1,1,0,1,0,28
2053,0,0.0,1,1.0,1,0.0,0.0,0.0,1.0,1,0,0,1,0,1,0,0,1,0,0,0,0,6
2054,0,,1,0.0,1,1.0,0.0,1.0,,1,0,0,0,0,1,0,0,1,1,0,0,0,1
2056,0,,1,1.0,0,0.0,,1.0,1.0,1,1,1,0,1,0,0,0,1,1,1,0,0,2
2057,0,,1,1.0,0,0.0,0.0,0.0,0.0,1,1,1,1,0,0,1,0,1,0,1,0,1,5
2059,0,,1,1.0,1,1.0,,1.0,1.0,1,1,1,1,1,1,0,0,0,0,1,0,0,3
2061,0,,1,0.0,1,0.0,1.0,1.0,,1,0,0,1,1,1,0,0,1,1,1,0,0,1
2073,0,0.0,0,1.0,1,0.0,0.0,1.0,0.0,1,1,1,1,1,1,1,0,1,0,1,0,1,2
2074,0,,1,1.0,1,1.0,0.0,1.0,1.0,1,1,1,1,0,1,0,1,0,1,1,1,1,14
2078,0,,0,1.0,1,0.0,,1.0,1.0,1,0,0,0,0,0,1,0,1,0,1,1,1,2
2080,0,0.0,1,1.0,0,1.0,,1.0,1.0,1,1,1,1,1,1,1,0,1,1,0,0,1,1
2085,0,0.0,1,1.0,1,1.0,,1.0,1.0,1,0,0,0,0,0,1,0,1,1,1,1,1,11
2090,0,,0,0.0,0,1.0,0.0,0.0,1.0,1,0,0,1,0,0,1,0,1,1,0,0,0,4
2091,0,,1,1.0,1,0.0,1.0,1.0,1.0,1,1,1,0,1,0,0,0,1,0,0,0,1,2
2098,0,,1,0.0,1,0.0,0.0,,0.0,1,1,1,1,0,1,0,0,1,0,0,0,0,2
2101,0,0.0,1,1.0,0,1.0,0.0,1.0,1.0,1,0,0,0,0,1,0,0,1,1,0,0,0,2
2103,0,,1,1.0,1,0.0,1.0,1.0,1.0,1,1,1,1,1,0,0,1,1,1,1,1,0,15
2109,0,1.0,1,1.0,0,0.0,0.0,1.0,1.0,1,0,0,0,0,0,0,0,1,0,1,0,0,8
2111,0,,0,0.0,1,1.0,0.0,0.0,1.0,1,0,0,1,0,1,1,0,1,1,1,0,0,1
2122,0,,0,0.0,0,0.0,1.0,0.0,1.0,1,0,1,0,0,0,1,0,0,1,1,1,1,8
2124,0,,1,1.0,1,1.0,0.0,1.0,1.0,1,0,0,1,0,0,0,0,1,1,0,0,1,3
2127,0,1.0,1,1.0,0,1.0,1.0,1.0,,1,1,1,1,1,1,1,0,1,1,1,0,0,4
2129,0,,1,1.0,0,1.0,,0.0,1.0,1,1,1,1,0,0,1,0,1,0,1,0,0,34
2135,0,1.0,1,1.0,0,1.0,,0.0,0.0,1,0,0,0,0,0,0,0,1,0,1,0,1,24
2142,0,,1,1.0,1,0.0,0.0,1.0,1.0,1,1,1,1,0,0,1,0,0,1,1,0,0,2
2143,0,,1,1.0,1,0.0,0.0,1.0,1.0,1,1,1,1,0,0,1,0,0,1,0,0,1,4
2145,0,,1,0.0,0,1.0,,0.0,,1,0,0,0,0,0,1,1,1,1,1,0,1,1
2149,0,,1,0.0,1,0.0,0.0,1.0,,1,0,0,0,0,0,1,0,0,1,1,0,1,8
2152,0,,1,1.0,1,0.0,1.0,1.0,1.0,1,1,1,1,0,0,1,0,1,0,1,1,1,17
2154,0,1.0,1,,1,1.0,0.0,1.0,1.0,1,0,0,1,1,1,1,0,1,0,0,0,1,1
2156,0,,0,0.0,0,1.0,,1.0,1.0,1,0,0,0,0,1,0,0,1,0,1,0,0,5
2162,0,0.0,1,1.0,1,0.0,,1.0,1.0,1,0,0,1,0,0,0,0,1,1,0,0,0,1
2170,0,0.0,1,1.0,1,1.0,0.0,0.0,1.0,1,0,0,1,0,1,1,0,1,1,1,1,0,4
2178,0,0.0,1,1.0,0,1.0,,1.0,,1,0,0,0,0,0,1,1,1,1,1,1,1,27
2184,0,,1,1.0,1,0.0,1.0,1.0,,1,1,1,1,1,1,1,0,1,1,0,1,1,4
2186,0,,1,0.0,1,,0.0,1.0,1.0,1,1,1,0,0,0,0,1,1,1,1,1,1,2
2189,0,,1,0.0,1,1.0,0.0,1.0,1.0,1,1,1,1,1,1,1,0,1,0,0,0,1,9
2192,0,,1,0.0,1,0.0,0.0,1.0,1.0,1,1,1,1,0,0,0,0,1,1,0,0,1,8
2199,0,0.0,0,0.0,1,1.0,0.0,1.0,1.0,1,1,1,0,0,1,0,0,0,0,0,0,0,11
2200,0,1.0,1,1.0,1,1.0,,1.0,1.0,1,0,0,1,0,1,1,1,0,1,1,1,1,3
2202,0,1.0,1,1.0,1,0.0,0.0,1.0,1.0,1,1,1,1,0,1,0,0,1,1,1,0,1,10
2208,0,,1,1.0,0,,,0.0,0.0,1,0,0,0,0,0,1,0,1,1,1,1,1,16
2209,0,1.0,1,0.0,1,1.0,0.0,1.0,1.0,1,0,0,1,1,1,1,0,1,1,0,0,0,5
2211,0,,1,1.0,1,0.0,0.0,1.0,1.0,1,1,1,0,0,0,0,0,1,0,1,1,1,1
2212,0,,1,1.0,0,1.0,0.0,0.0,,1,0,0,0,0,0,0,0,1,0,1,0,1,30
2217,0,,1,0.0,0,1.0,1.0,1.0,0.0,1,1,1,1,1,1,1,0,1,1,1,0,1,25
2218,0,0.0,1,1.0,0,0.0,0.0,1.0,,1,0,0,1,1,1,0,0,0,0,0,0,1,23
2220,0,0.0,1,1.0,0,1.0,,0.0,,1,0,0,1,0,1,0,0,1,0,0,1,1,9
2224,0,1.0,1,1.0,0,1.0,,1.0,1.0,1,0,0,0,0,0,1,0,1,1,0,0,1,12
2225,0,0.0,1,0.0,1,0.0,0.0,0.0,1.0,1,0,0,0,0,0,1,0,1,1,0,0,1,2
2229,0,0.0,1,,1,1.0,0.0,1.0,1.0,1,0,0,0,0,0,0,0,1,0,1,1,1,2
2235,0,,1,1.0,0,0.0,1.0,1.0,,1,0,0,0,0,0,1,1,1,0,1,0,1,20
2236,0,,1,,0,1.0,0.0,0.0,1.0,1,0,0,0,0,0,1,0,1,1,0,0,1,20
2238,0,1.0,1,,1,1.0,,1.0,1.0,1,1,1,1,1,1,1,0,1,1,1,1,1,5
2240,0,,1,1.0,0,1.0,1.0,1.0,0.0,1,1,1,0,0,0,1,0,1,1,1,1,1,33
2243,0,,1,0.0,0,1.0,0.0,1.0,1.0,1,1,1,1,1,1,1,0,1,0,1,0,0,2
2250,0,,0,1.0,0,0.0,0.0,0.0,1.0,1,0,0,0,0,0,0,0,1,1,0,0,1,5
2253,0,0.0,1,0.0,0,0.0,0.0,,,1,0,0,0,0,0,0,0,0,0,0,0,1,4
2254,0,,1,1.0,1,0.0,1.0,1.0,1.0,1,1,1,1,1,0,0,1,1,0,1,1,1,1
2257,0,,1,1.0,1,1.0,,1.0,1.0,1,1,1,1,1,1,1,0,1,0,1,0,1,4
2263,0,0.0,1,1.0,1,0.0,,1.0,1.0,1,0,0,1,0,0,1,0,1,1,1,1,1,2
2264,0,,1,,0,1.0,0.0,0.0,0.0,1,1,1,1,1,1,0,0,1,1,0,0,1,28
2269,0,,0,,0,0.0,0.0,0.0,0.0,1,0,0,1,1,1,1,0,0,0,0,0,0,32
2271,0,,1,1.0,0,,1.0,0.0,0.0,1,0,0,0,0,0,0,0,1,0,1,1,1,21
2273,0,,1,1.0,1,1.0,0.0,1.0,,1,0,0,1,0,1,0,0,1,1,1,1,1,9
2274,0,0.0,1,1.0,1,1.0,,1.0,1.0,1,0,0,1,0,1,0,0,1,1,1,0,0,1
2278,0,0.0,1,1.0,1,0.0,,1.0,1.0,1,0,0,1,0,0,0,0,1,0,0,0,0,3
2280,0,,1,1.0,0,,0.0,0.0,0.0,1,0,0,1,0,0,1,0,0,1,1,1,1,12
2288,0,,1,1.0,0,1.0,,1.0,1.0,1,0,0,1,0,1,1,0,1,1,0,1,0,16
2294,0,,1,1.0,1,,0.0,0.0,1.0,1,1,0,0,0,0,1,0,1,1,1,1,1,2
2295,0,,1,1.0,0,0.0,,1.0,0.0,1,0,0,0,0,0,1,0,1,1,1,0,0,29
2297,0,1.0,1,1.0,0,1.0,1.0,1.0,,1,0,1,1,0,1,1,0,1,0,1,1,1,7
2298,0,1.0,1,1.0,1,1.0,0.0,1.0,,1,1,1,1,1,1,1,0,1,0,0,0,0,5
2304,0,,1,,0,0.0,0.0,0.0,,1,0,0,0,0,0,1,0,1,1,0,0,1,32
2305,0,,1,1.0,0,1.0,0.0,1.0,1.0,1,0,0,1,0,1,1,0,1,1,1,0,1,24
2307,0,,1,1.0,1,1.0,1.0,1.0,1.0,1,0,0,1,0,1,1,0,1,0,1,0,0,1
2308,0,0.0,1,1.0,1,1.0,0.0,1.0,1.0,1,1,1,1,1,1,0,0,1,1,0,0,1,3
2310,0,,1,1.0,1,0.0,0.0,0.0,0.0,1,1,1,1,0,0,1,0,1,0,0,0,1,9
2319,0,,1,,1,1.0,0.0,0.0,1.0,1,1,0,0,0,0,1,0,1,1,1,1,0,5
2335,0,1.0,1,0.0,1,0.0,0.0,1.0,1.0,1,0,0,0,0,0,0,0,1,1,0,0,1,3
2341,0,,1,0.0,0,1.0,0.0,,,1,0,0,0,0,0,1,1,1,1,1,1,0,1
2343,0,,1,1.0,0,1.0,,0.0,,1,0,0,1,1,0,1,0,1,0,0,0,1,25
2344,0,,1,1.0,1,0.0,1.0,1.0,1.0,1,1,1,1,1,0,0,0,1,1,1,0,0,2
2345,0,,1,1.0,1,0.0,0.0,1.0,1.0,1,1,1,1,0,0,0,0,1,1,0,0,0,8
2350,0,,1,1.0,1,0.0,0.0,1.0,1.0,1,1,1,0,0,1,1,0,1,1,0,0,1,2
2351,0,,1,1.0,0,1.0,,1.0,1.0,1,1,1,1,1,1,1,0,1,0,1,1,1,4
2360,0,0.0,0,1.0,1,1.0,0.0,1.0,1.0,1,1,0,0,0,0,1,0,1,1,0,0,0,9
2363,0,,1,1.0,0,0.0,,0.0,0.0,1,0,0,1,0,0,1,1,1,0,1,1,1,31
2364,0,0.0,1,1.0,0,0.0,,0.0,0.0,1,1,1,1,0,0,0,0,1,0,1,1,1,31
2366,0,,1,0.0,0,1.0,,0.0,0.0,1,1,1,0,0,1,1,0,1,1,1,0,1,19
2367,0,,1,1.0,0,0.0,0.0,1.0,1.0,1,1,1,1,1,1,0,0,1,1,0,1,0,6
2370,0,,1,1.0,1,1.0,0.0,1.0,1.0,1,0,0,1,0,1,0,0,1,0,1,0,0,2
2372,0,0.0,1,0.0,1,1.0,0.0,1.0,1.0,1,0,0,0,0,1,0,0,1,0,1,0,0,10
2375,0,0.0,0,1.0,1,0.0,0.0,1.0,1.0,1,0,0,0,0,0,1,0,1,1,0,1,1,2
2381,0,1.0,0,0.0,0,1.0,,0.0,0.0,1,0,1,1,1,1,0,0,1,1,1,0,1,16
2384,0,0.0,1,1.0,0,0.0,1.0,1.0,1.0,1,0,0,1,0,0,0,0,1,1,0,0,0,8
2385,0,,1,0.0,1,0.0,0.0,1.0,1.0,1,0,0,1,0,1,0,0,1,0,0,0,0,3
2387,0,1.0,1,1.0,1,0.0,0.0,1.0,0.0,1,0,0,0,0,0,0,1,0,0,0,1,1,2
2388,0,,1,1.0,1,1.0,0.0,1.0,1.0,1,1,1,1,1,1,1,0,1,1,0,0,1,3
2390,0,,1,1.0,1,1.0,,1.0,1.0,1,0,0,0,0,0,0,0,1,0,1,0,0,2
2400,0,0.0,1,1.0,0,1.0,1.0,0.0,,1,1,1,1,1,1,0,0,1,1,0,0,0,16
2402,0,,1,1.0,1,0.0,1.0,1.0,1.0,1,1,1,1,1,0,1,0,1,0,1,0,0,3
2406,0,,1,0.0,1,,0.0,0.0,,1,1,1,1,1,1,0,0,1,1,0,0,0,8
2407,0,,1,0.0,1,1.0,1.0,1.0,,1,0,0,0,0,0,1,0,1,1,1,1,0,1
2409,0,,1,1.0,0,1.0,0.0,1.0,1.0,1,0,0,1,0,1,1,0,1,1,0,0,1,2
2411,0,,1,0.0,0,0.0,,0.0,0.0,1,0,0,1,0,0,1,0,1,1,1,1,0,32
2416,0,,1,0.0,1,0.0,0.0,1.0,1.0,1,0,0,1,0,0,1,0,1,1,0,0,0,2
2422,0,,1,1.0,1,,0.0,1.0,1.0,1,1,1,1,0,0,0,0,1,1,0,0,1,3
2423,0,,1,0.0,1,1.0,1.0,1.0,,1,1,0,0,0,1,1,0,1,0,1,0,0,17
2426,0,0.0,1,0.0,1,1.0,0.0,1.0,1.0,1,1,1,1,0,1,1,0,1,0,0,0,1,5
2427,0,,0,0.0,1,1.0,0.0,1.0,1.0,1,1,1,1,1,1,1,0,1,0,1,0,1,11
2429,0,,1,1.0,0,1.0,0.0,1.0,0.0,1,0,0,0,0,1,1,0,0,1,0,0,1,24
2433,0,0.0,1,,0,0.0,0.0,0.0,,1,0,0,0,0,0,1,0,1,1,1,0,0,17
2434,0,,1,,1,0.0,1.0,0.0,0.0,1,0,1,1,1,0,0,0,1,1,1,0,1,12
2435,0,,0,1.0,1,1.0,0.0,0.0,,1,0,0,0,0,0,0,0,0,1,1,1,0,7
2436,0,0.0,1,,1,1.0,,1.0,1.0,1,0,0,1,0,1,0,0,1,1,0,0,0,3
2439,0,,0,,1,1.0,0.0,1.0,,1,0,0,1,0,0,0,0,1,1,0,0,1,6
2444,0,0.0,1,1.0,1,1.0,1.0,1.0,1.0,1,1,1,1,0,0,1,0,1,1,1,0,1,4
2445,0,,1,1.0,0,1.0,,0.0,1.0,1,1,0,0,0,0,1,0,1,1,0,0,0,20
2447,0,1.0,1,1.0,1,1.0,1.0,0.0,1.0,1,1,0,1,0,1,0,0,1,0,1,1,1,2
2450,0,0.0,1,1.0,1,0.0,1.0,1.0,1.0,1,0,0,1,0,0,1,0,1,1,1,1,1,1
2457,0,0.0,1,0.0,0,0.0,0.0,0.0,0.0,1,0,0,0,1,0,1,0,1,1,1,1,1,36
2460,0,1.0,1,1.0,1,1.0,0.0,1.0,1.0,1,0,0,0,0,1,0,1,1,1,0,1,1,2
2461,0,,1,1.0,1,0.0,0.0,1.0,1.0,1,0,0,0,0,0,0,0,0,0,0,1,1,5
2471,0,1.0,1,0.0,1,1.0,,0.0,1.0,1,1,1,1,1,1,1,0,1,1,0,0,1,11
2479,0,,1,1.0,0,1.0,0.0,0.0,,1,1,0,0,0,1,0,0,1,0,1,0,1,21
2481,0,,1,1.0,0,1.0,0.0,0.0,,1,1,0,1,1,1,0,0,0,0,1,0,1,11
2482,0,0.0,1,1.0,0,0.0,0.0,0.0,0.0,1,1,0,0,0,0,0,0,1,0,1,1,1,33
2485,0,,1,1.0,1,1.0,,1.0,1.0,1,1,1,1,0,1,0,0,1,1,0,0,0,8
2486,0,0.0,1,1.0,1,1.0,0.0,0.0,1.0,1,1,0,0,0,0,1,0,1,0,0,0,0,4
2490,0,,0,,0,0.0,0.0,0.0,,1,0,0,0,0,0,0,0,1,1,1,0,1,6
2494,0,0.0,1,,1,0.0,,1.0,1.0,1,0,0,0,0,0,0,0,1,1,1,1,1,2
2495,0,,1,1.0,0,,0.0,1.0,0.0,1,1,1,1,1,1,1,0,0,0,1,1,1,24
2496,0,,1,1.0,1,0.0,0.0,1.0,,1,0,0,1,0,0,0,0,1,0,1,0,0,4
2497,0,1.0,1,1.0,0,,1.0,1.0,,1,1,1,0,0,1,1,0,1,1,1,1,1,8
2498,0,1.0,1,1.0,1,1.0,1.0,0.0,,1,1,1,1,0,0,1,0,1,1,1,0,0,12
2507,0,,1,1.0,1,,0.0,0.0,,1,1,1,0,0,0,0,0,1,0,0,0,1,8
2509,0,,1,0.0,0,0.0,,0.0,1.0,1,1,1,0,0,0,0,0,1,0,1,0,0,2
2517,0,,1,1.0,1,0.0,,0.0,1.0,1,1,1,1,1,1,0,0,1,1,0,0,1,11
2519,0,1.0,1,1.0,0,1.0,0.0,0.0,1.0,1,0,1,1,1,1,1,1,1,1,1,1,1,1
2522,0,,1,1.0,1,0.0,0.0,1.0,,1,0,0,0,0,0,0,0,1,0,0,0,0,3
2528,0,,1,1.0,0,1.0,0.0,1.0,0.0,1,1,0,1,0,0,1,0,1,0,0,0,1,25
2530,0,1.0,1,1.0,1,1.0,,1.0,1.0,1,0,0,0,0,1,1,0,1,0,1,1,1,2
2531,0,,1,1.0,0,1.0,,0.0,,1,0,0,0,0,1,1,0,1,1,1,1,1,36
2533,0,,1,1.0,1,0.0,0.0,1.0,1.0,1,1,0,0,0,0,0,1,1,1,1,1,1,1
2539,0,,1,1.0,0,1.0,,0.0,,1,0,0,1,1,1,1,0,1,1,0,0,0,18
2541,0,1.0,1,0.0,1,1.0,0.0,0.0,0.0,1,0,0,1,0,0,0,0,1,0,0,0,1,13
2566,0,,1,1.0,0,1.0,0.0,0.0,0.0,1,0,0,0,0,1,1,0,0,0,1,0,0,14
2571,0,,1,1.0,0,0.0,,0.0,0.0,1,0,0,0,0,0,0,1,1,1,1,1,1,27
2573,0,,1,,0,0.0,,0.0,0.0,1,0,0,0,0,0,1,0,0,0,1,1,1,34
2574,0,0.0,0,,1,0.0,0.0,1.0,1.0,1,1,1,0,0,0,0,1,1,1,1,0,0,1
2575,0,1.0,1,0.0,0,1.0,0.0,0.0,,1,0,0,1,0,1,1,1,1,1,1,1,0,2
2577,0,,1,0.0,1,1.0,,1.0,1.0,1,0,0,1,0,1,1,0,0,1,0,0,1,2
2592,0,0.0,0,1.0,0,0.0,0.0,1.0,1.0,1,0,0,0,0,0,0,0,1,1,0,0,0,2
2594,0,,1,1.0,1,1.0,0.0,0.0,1.0,1,0,0,0,0,1,1,0,1,0,0,0,0,17
2598,0,0.0,1,1.0,1,0.0,0.0,1.0,1.0,1,1,1,1,1,0,0,0,1,1,1,0,1,3
2603,0,,1,1.0,0,,0.0,0.0,0.0,1,1,1,0,0,0,1,0,1,1,1,0,1,13
2614,0,,1,0.0,1,0.0,0.0,1.0,1.0,1,0,0,0,0,0,0,0,1,1,0,1,1,2
2622,0,0.0,1,1.0,1,1.0,0.0,1.0,1.0,1,0,0,0,0,1,0,0,1,1,0,0,1,2
2623,0,,0,1.0,1,,0.0,0.0,1.0,1,0,0,0,1,0,0,0,1,1,0,1,1,3
2626,0,,1,1.0,0,1.0,1.0,0.0,,1,1,1,1,0,0,0,0,1,1,1,0,1,20
2628,0,,0,1.0,0,1.0,0.0,0.0,,1,1,0,0,0,0,0,0,1,0,1,1,1,38
2631,0,1.0,0,1.0,1,0.0,,1.0,,1,0,0,1,0,1,0,0,1,1,0,0,0,4
2633,0,,1,1.0,0,1.0,,0.0,,1,0,0,1,1,1,0,1,1,0,1,1,1,23
2634,0,,1,1.0,0,1.0,0.0,0.0,1.0,1,0,0,0,0,0,0,0,1,1,0,0,0,1
2636,0,,1,0.0,1,1.0,0.0,1.0,,1,0,1,1,1,1,0,0,1,1,1,0,0,7
2639,0,,1,0.0,0,0.0,0.0,1.0,,1,0,0,0,0,0,1,0,1,1,0,0,1,32
2640,0,,1,0.0,0,0.0,0.0,1.0,,1,0,0,1,0,0,1,0,1,1,0,1,1,30
2642,0,1.0,1,0.0,1,1.0,0.0,1.0,1.0,1,0,0,1,0,0,1,0,1,1,0,0,1,2
2644,0,1.0,1,1.0,0,0.0,1.0,0.0,,1,1,1,1,0,0,1,0,1,1,1,0,0,5
2646,0,,1,1.0,0,0.0,0.0,0.0,1.0,1,1,1,0,0,0,1,0,1,0,1,1,1,7
2647,0,,1,1.0,1,0.0,,1.0,1.0,1,1,1,1,1,1,0,0,1,1,1,0,1,1
2649,0,,1,0.0,0,0.0,0.0,1.0,0.0,1,0,0,1,1,1,1,0,1,0,0,0,1,31
2653,0,,1,1.0,1,0.0,,1.0,,1,0,0,0,0,0,0,0,1,1,1,1,0,2
2657,0,0.0,0,1.0,1,1.0,,0.0,1.0,1,0,0,1,1,1,1,0,1,0,0,1,0,8
2658,0,,0,1.0,1,1.0,,0.0,,1,1,1,0,1,1,1,0,1,0,0,1,1,10
2662,0,,1,0.0,0,1.0,,1.0,0.0,1,0,0,0,0,1,1,0,1,1,0,0,0,32
2665,0,0.0,1,,1,1.0,,1.0,1.0,1,1,1,1,1,0,1,0,0,1,0,0,0,5
2667,0,0.0,1,1.0,0,1.0,0.0,1.0,1.0,1,0,0,0,0,0,1,0,0,1,1,1,1,8
2670,0,,1,0.0,1,1.0,,1.0,1.0,1,0,0,1,1,1,0,0,1,0,1,1,0,2
2673,0,,1,1.0,1,1.0,0.0,1.0,1.0,1,1,1,1,1,1,1,0,1,0,0,0,0,4
2675,0,,1,,1,0.0,,1.0,1.0,1,0,0,0,0,0,0,0,1,1,0,0,1,2
2677,0,1.0,1,1.0,1,0.0,0.0,0.0,1.0,1,0,0,0,0,0,1,0,1,0,1,1,1,5
2678,0,,1,1.0,1,0.0,0.0,0.0,0.0,1,1,1,1,0,1,1,0,0,0,0,0,0,16
2679,0,,1,1.0,0,0.0,1.0,1.0,0.0,1,1,1,1,1,1,0,0,1,1,0,0,0,23
2680,0,,1,1.0,1,0.0,,1.0,,1,1,1,0,0,0,1,0,1,1,1,0,1,5
2681,0,,1,1.0,0,0.0,0.0,0.0,0.0,1,0,0,0,0,1,0,0,1,1,1,0,0,20
2689,0,,1,1.0,0,1.0,,1.0,1.0,1,1,1,1,0,1,1,1,1,1,1,1,0,3
2693,0,,1,0.0,0,1.0,0.0,0.0,0.0,1,1,1,1,1,1,1,0,1,1,1,0,0,10
2700,0,0.0,1,1.0,0,0.0,0.0,1.0,,1,1,1,1,1,0,1,0,1,0,0,1,1,17
2713,0,,1,,0,1.0,,0.0,0.0,1,0,1,1,1,0,1,0,1,1,1,0,1,27
2714,0,0.0,1,1.0,0,0.0,,1.0,1.0,1,1,1,0,0,0,0,0,1,0,1,1,1,26
2716,0,0.0,1,1.0,1,1.0,0.0,1.0,,1,1,1,0,1,1,0,0,1,0,0,0,0,14
2719,0,0.0,1,1.0,1,0.0,,1.0,,1,0,0,0,0,0,1,1,0,1,1,1,1,1
2720,0,,1,1.0,0,1.0,,0.0,1.0,1,0,0,0,0,0,1,0,1,0,0,1,1,25
2721,0,,1,,1,1.0,0.0,0.0,1.0,1,0,0,1,0,1,0,0,0,1,0,0,0,7
2724,0,1.0,1,1.0,1,0.0,1.0,0.0,,1,1,1,1,0,0,1,0,0,1,1,0,0,3
2730,0,,1,,1,0.0,0.0,1.0,1.0,1,1,1,0,0,0,1,0,1,1,0,1,1,1
2731,0,,0,,1,0.0,1.0,1.0,1.0,1,0,0,0,0,0,0,0,1,1,0,0,1,1
2733,0,,0,0.0,0,1.0,0.0,1.0,1.0,1,0,0,1,0,1,1,0,1,1,1,0,0,3
2737,0,,1,0.0,1,1.0,0.0,0.0,0.0,1,0,0,0,0,0,0,0,0,0,1,0,0,9
2754,0,1.0,1,1.0,1,0.0,0.0,1.0,1.0,1,1,1,1,0,1,0,0,1,1,1,1,1,1
2757,0,,1,1.0,0,1.0,1.0,0.0,0.0,1,0,0,1,1,1,0,0,1,1,1,0,1,29
2760,0,,1,1.0,0,1.0,,1.0,,1,0,0,0,0,1,1,0,1,0,0,0,0,23
2767,0,,1,1.0,0,1.0,0.0,0.0,,1,0,0,1,1,1,1,0,1,0,0,0,1,24
2768,0,,1,0.0,1,1.0,0.0,1.0,1.0,1,1,1,1,1,1,1,0,0,0,0,0,1,5
2769,0,1.0,1,1.0,1,,,1.0,1.0,1,0,0,0,0,0,0,0,1,1,1,0,1,2
2771,0,0.0,1,0.0,0,0.0,,0.0,0.0,1,0,0,0,0,0,0,0,1,0,1,1,1,32
2773,0,1.0,1,0.0,1,0.0,,0.0,0.0,1,0,0,1,1,0,1,0,1,1,0,0,1,11
2779,0,,1,0.0,1,,1.0,0.0,,1,0,0,1,0,0,0,0,1,1,0,0,1,10
2781,0,0.0,1,1.0,1,0.0,0.0,0.0,1.0,1,1,1,0,0,1,1,0,1,1,1,1,1,2
2786,0,,1,1.0,0,1.0,,1.0,0.0,1,1,0,1,1,0,0,1,1,1,0,0,0,18
2787,0,1.0,1,1.0,0,,0.0,0.0,0.0,1,0,0,0,0,0,1,0,1,1,0,1,1,3
2788,0,,1,,1,,,1.0,1.0,1,1,1,1,0,0,1,0,1,1,0,0,0,2
2796,0,,1,1.0,0,1.0,0.0,0.0,1.0,1,0,0,0,0,1,1,0,1,1,0,1,1,42
2799,0,,0,1.0,1,0.0,,1.0,1.0,1,0,0,0,0,0,0,0,1,0,0,0,1,6
2801,0,,0,1.0,1,1.0,,1.0,1.0,1,0,0,0,1,1,0,0,0,1,0,0,0,7
2802,0,0.0,1,1.0,1,1.0,0.0,1.0,1.0,1,0,0,1,0,1,0,0,1,1,0,0,0,1
2806,0,,1,1.0,0,1.0,0.0,1.0,0.0,1,0,0,0,0,0,1,0,1,1,0,0,1,24
2813,0,,1,1.0,1,0.0,0.0,1.0,1.0,1,1,0,0,0,0,0,0,1,0,0,1,1,1
2815,0,1.0,1,0.0,0,1.0,1.0,1.0,0.0,1,0,0,1,1,1,0,0,1,1,1,0,1,1
2816,0,,1,0.0,0,1.0,0.0,0.0,0.0,1,0,0,0,0,0,1,0,1,1,1,1,1,24
2819,0,,1,0.0,1,1.0,1.0,1.0,,1,0,0,1,0,1,1,0,1,1,0,0,0,8
2825,0,,1,1.0,1,1.0,0.0,1.0,1.0,1,0,0,0,0,1,0,0,1,0,1,0,1,2
2829,0,1.0,1,1.0,1,1.0,1.0,1.0,1.0,1,0,0,1,0,1,1,0,1,0,1,1,1,2
2830,0,1.0,1,1.0,1,1.0,0.0,0.0,1.0,1,0,0,0,0,0,1,0,0,1,0,0,0,3
2833,0,1.0,1,1.0,0,0.0,,0.0,,1,0,0,1,0,0,1,0,1,1,1,0,0,27
2835,0,,1,1.0,1,0.0,,1.0,1.0,1,0,0,0,0,0,0,0,1,1,0,1,0,2
2846,0,,1,1.0,0,0.0,1.0,0.0,0.0,1,0,0,0,0,0,1,1,1,1,1,0,1,23
2849,0,0.0,1,1.0,0,0.0,0.0,1.0,1.0,1,1,1,0,0,1,0,0,1,0,0,0,0,3
2850,0,,1,0.0,1,1.0,,1.0,1.0,1,0,0,1,0,1,0,0,1,1,0,0,1,4
2856,0,,1,1.0,0,1.0,,0.0,1.0,1,1,0,0,0,0,1,0,1,0,1,0,1,18
2867,0,,1,1.0,0,0.0,1.0,0.0,,1,0,0,1,0,0,1,0,1,1,1,1,1,31
2872,0,,1,1.0,1,0.0,1.0,1.0,1.0,1,1,0,1,0,0,1,0,1,1,1,0,0,8
2876,0,,1,0.0,1,1.0,0.0,0.0,1.0,1,0,0,0,1,1,1,0,1,1,0,0,0,4
2877,0,,1,1.0,0,0.0,,0.0,0.0,1,0,0,0,0,0,1,0,1,1,0,0,1,36
2878,0,,1,1.0,0,1.0,1.0,1.0,,1,1,1,1,1,0,0,0,1,0,1,1,1,28
2883,0,,1,0.0,0,1.0,0.0,0.0,0.0,1,0,0,0,0,0,1,0,1,0,0,0,1,25
2885,0,,1,,0,0.0,1.0,1.0,0.0,1,0,0,0,0,0,0,0,1,1,0,0,0,26
2888,0,1.0,1,0.0,0,1.0,0.0,0.0,1.0,1,0,0,1,0,0,1,0,0,1,0,0,1,2
2895,0,,1,1.0,1,0.0,,1.0,0.0,1,1,0,1,0,0,1,0,1,1,1,0,1,15
2900,0,1.0,1,1.0,1,1.0,0.0,1.0,1.0,1,1,1,1,1,1,0,1,1,1,1,0,0,3
2910,0,,1,1.0,0,1.0,0.0,,1.0,1,1,0,0,0,0,0,0,1,1,1,0,0,9
2914,0,0.0,1,0.0,1,1.0,,1.0,1.0,1,0,0,1,0,1,0,0,1,1,1,0,0,1
2921,0,,1,1.0,1,0.0,1.0,1.0,1.0,1,0,0,0,0,0,1,0,0,0,1,1,0,4
2922,0,,1,0.0,1,1.0,,1.0,1.0,1,0,1,1,0,1,1,0,1,1,0,0,0,3
2924,0,,1,,1,0.0,1.0,1.0,1.0,1,0,0,0,0,0,1,0,1,1,1,0,1,3
2927,0,0.0,1,0.0,1,1.0,,1.0,1.0,1,0,0,0,0,0,0,0,1,1,1,1,1,1
2928,0,,1,1.0,1,0.0,1.0,1.0,1.0,1,0,0,1,0,0,1,1,1,1,1,1,1,1
2941,0,,0,0.0,0,0.0,0.0,0.0,0.0,1,1,0,1,1,0,0,0,0,1,0,1,1,28
2942,0,,1,1.0,0,0.0,1.0,1.0,1.0,1,0,0,1,1,0,1,0,1,1,0,1,1,26
2943,0,1.0,1,,1,0.0,0.0,0.0,1.0,1,1,1,1,0,0,0,0,1,1,0,0,1,2
2949,0,,1,0.0,1,0.0,,1.0,1.0,1,0,0,0,0,0,1,0,1,1,1,0,1,14
2951,0,,1,0.0,0,1.0,,1.0,0.0,1,1,1,1,1,0,1,0,1,1,0,0,1,17
2952,0,,1,1.0,0,0.0,0.0,1.0,1.0,1,0,0,0,0,0,0,0,0,0,1,0,1,2
2955,0,0.0,1,1.0,1,0.0,0.0,1.0,1.0,1,1,1,1,1,1,0,0,1,1,0,0,0,5
2959,0,,1,0.0,0,1.0,1.0,0.0,0.0,1,0,0,0,0,1,1,0,1,1,1,1,1,15
2962,0,,1,1.0,0,0.0,,1.0,1.0,1,0,0,0,0,0,0,0,1,0,0,1,1,28
2965,0,0.0,1,1.0,1,0.0,,1.0,1.0,1,0,0,1,0,0,0,0,1,1,0,1,0,1
2966,0,,1,1.0,0,1.0,0.0,0.0,1.0,1,1,1,1,0,1,1,0,1,0,0,1,1,15
2971,0,,1,,1,1.0,0.0,1.0,1.0,1,0,0,1,0,1,1,0,1,0,0,0,1,2
2977,0,,1,1.0,1,1.0,1.0,1.0,1.0,1,0,0,0,0,0,1,0,1,0,0,1,1,2
2985,0,,1,1.0,1,1.0,0.0,1.0,1.0,1,1,1,1,0,0,1,0,1,1,0,0,1,2
2992,0,1.0,1,1.0,1,1.0,,1.0,1.0,1,0,0,0,0,0,0,0,1,0,1,0,0,4
2994,0,,1,,1,,0.0,1.0,0.0,1,0,0,0,0,0,0,0,1,0,1,0,1,1
3001,0,,1,0.0,0,1.0,,1.0,1.0,1,1,1,0,0,1,1,0,1,0,1,0,1,2
3005,0,,1,1.0,1,1.0,,1.0,1.0,1,0,1,1,1,1,1,1,0,1,1,1,1,13
3006,0,,1,1.0,0,1.0,,1.0,,1,0,0,0,0,1,1,0,0,1,0,0,0,25
3007,0,1.0,1,1.0,1,0.0,0.0,1.0,1.0,1,0,0,1,0,0,1,0,1,1,1,1,1,2
3021,0,,1,1.0,1,0.0,0.0,0.0,,1,0,0,0,0,0,0,0,1,1,1,0,0,6
3024,0,,1,,1,1.0,,1.0,1.0,1,0,0,0,0,0,0,0,1,1,0,0,1,3
3025,0,,1,1.0,1,1.0,0.0,1.0,1.0,1,0,0,1,1,1,0,0,0,1,0,0,0,10
3028,0,0.0,1,1.0,1,1.0,0.0,0.0,1.0,1,1,1,0,0,1,1,0,0,1,0,0,1,6
3029,0,,1,0.0,0,1.0,0.0,1.0,1.0,1,1,1,1,1,1,1,0,1,1,0,0,1,1
3034,0,,1,,1,0.0,0.0,1.0,0.0,1,1,1,0,0,0,1,0,1,1,0,1,1,11
3043,0,,1,1.0,0,1.0,0.0,0.0,1.0,1,0,0,0,0,0,0,0,1,0,0,0,0,2
3046,0,,1,1.0,1,1.0,0.0,0.0,,1,0,0,0,0,1,1,0,1,0,1,1,1,9
3048,0,,1,1.0,1,1.0,,1.0,1.0,1,1,0,1,0,1,1,0,1,1,0,0,1,1
3059,0,1.0,1,1.0,1,,1.0,1.0,1.0,1,1,1,0,1,1,0,1,1,1,1,1,0,1
3063,0,,1,1.0,0,1.0,0.0,1.0,0.0,1,0,0,0,0,0,0,0,1,0,0,0,0,36
3073,0,,1,1.0,1,,,1.0,1.0,1,1,1,1,0,1,1,0,1,1,1,1,1,4
3076,0,,1,0.0,1,1.0,,1.0,1.0,1,1,1,1,1,1,0,0,1,1,1,0,0,2
3080,0,,1,1.0,1,0.0,1.0,1.0,,1,1,1,1,0,0,1,0,1,0,1,1,1,12
3081,0,,1,1.0,0,0.0,0.0,0.0,1.0,1,0,0,0,0,0,1,0,0,1,0,0,1,25
3083,0,0.0,1,1.0,0,1.0,0.0,1.0,1.0,1,0,0,1,1,0,0,0,1,1,0,0,0,8
3084,0,,1,1.0,1,1.0,0.0,1.0,1.0,1,1,1,0,0,0,0,0,1,1,0,0,1,8
3087,0,,1,1.0,0,0.0,,0.0,1.0,1,0,0,0,0,0,0,0,1,1,1,0,1,28
3097,0,,1,0.0,1,0.0,0.0,1.0,1.0,1,0,1,1,0,1,1,0,1,1,0,0,1,3
3101,0,1.0,1,,1,1.0,0.0,1.0,1.0,1,0,0,0,0,1,1,0,1,0,0,0,1,2
3104,0,0.0,1,0.0,1,1.0,0.0,1.0,1.0,1,1,0,0,0,0,0,0,1,1,1,1,1,2
3105,0,0.0,1,1.0,1,1.0,0.0,1.0,1.0,1,0,0,0,0,0,1,0,1,1,1,0,0,2
3107,0,1.0,0,1.0,1,1.0,,1.0,,1,0,0,0,0,1,1,0,1,0,0,1,1,3
3112,0,,1,0.0,0,1.0,,0.0,,1,0,0,0,0,0,1,0,1,0,1,0,0,25
3114,0,,1,1.0,1,0.0,,1.0,1.0,1,1,1,1,1,0,1,0,1,1,1,1,1,1
3115,0,0.0,0,,1,,0.0,1.0,1.0,1,1,1,1,0,0,1,0,0,0,1,0,1,11
3120,0,,1,0.0,1,1.0,0.0,1.0,1.0,1,1,0,1,0,0,1,0,1,0,1,1,0,2
3121,0,,1,1.0,0,1.0,0.0,0.0,1.0,1,0,0,0,0,0,1,0,1,1,0,1,1,18
3123,0,,1,,1,1.0,0.0,1.0,1.0,1,0,1,0,0,0,0,0,1,0,0,0,0,2
3127,0,0.0,0,0.0,1,1.0,0.0,1.0,1.0,1,0,0,1,0,0,0,0,1,1,1,0,0,2
3133,0,,1,0.0,1,1.0,,0.0,1.0,1,0,0,0,0,0,1,0,1,1,0,0,1,3
3140,0,,1,0.0,0,1.0,1.0,1.0,,1,0,0,1,0,0,1,1,1,1,1,1,0,6
3147,0,,1,,0,0.0,0.0,1.0,1.0,1,1,0,1,0,0,0,0,1,1,0,0,1,24
3148,0,,1,1.0,1,0.0,0.0,0.0,1.0,1,0,0,0,0,0,1,0,1,1,0,0,0,9
3151,0,,1,1.0,0,0.0,1.0,1.0,0.0,1,1,1,1,1,1,1,0,1,0,1,1,1,26
3155,0,,0,1.0,1,0.0,,0.0,0.0,1,1,1,0,1,1,0,0,1,0,0,1,1,4
3156,0,0.0,1,1.0,1,0.0,0.0,1.0,1.0,1,1,0,0,0,0,0,1,1,1,1,0,1,1
3157,0,,0,1.0,1,1.0,1.0,1.0,1.0,1,0,0,1,0,0,1,0,0,0,1,0,1,1
3159,0,0.0,1,0.0,1,1.0,,1.0,1.0,1,0,0,0,1,1,1,1,0,0,1,0,1,2
3160,0,,1,0.0,1,1.0,0.0,1.0,1.0,1,1,0,0,1,1,0,0,0,0,0,1,1,5
3173,0,,1,0.0,0,0.0,,0.0,1.0,1,1,1,1,0,0,0,0,1,1,0,0,0,6
3175,0,,1,1.0,0,0.0,0.0,1.0,1.0,1,1,1,1,0,0,1,0,0,0,0,1,1,2
3183,0,,1,,1,1.0,0.0,0.0,,1,0,0,1,0,1,0,0,1,1,0,0,0,4
3186,0,,1,1.0,0,1.0,,0.0,0.0,1,0,0,0,0,1,0,0,1,1,0,0,1,31
3189,0,,0,1.0,0,0.0,1.0,1.0,1.0,1,1,1,1,0,0,1,0,1,1,1,0,1,7
3196,0,,1,1.0,1,1.0,0.0,1.0,1.0,1,0,0,1,0,1,0,0,0,0,0,0,0,3
3201,0,,1,0.0,0,0.0,0.0,0.0,0.0,1,1,1,1,1,1,0,0,1,1,0,0,0,6
3207,0,1.0,1,0.0,1,1.0,0.0,0.0,1.0,1,0,0,1,0,1,0,0,1,1,1,0,1,5
3210,0,,1,1.0,1,0.0,0.0,0.0,1.0,1,0,0,1,0,0,0,0,1,0,0,0,0,2
3212,0,,0,1.0,1,1.0,0.0,1.0,1.0,1,1,1,1,0,1,0,0,0,0,0,0,1,3
3215,0,0.0,1,0.0,1,1.0,0.0,1.0,1.0,1,1,0,0,0,0,0,0,1,0,0,0,0,5
3218,0,,1,1.0,1,0.0,0.0,1.0,,1,1,1,1,1,0,0,0,1,0,0,0,1,1
3219,0,0.0,0,1.0,1,0.0,0.0,0.0,0.0,1,0,0,0,0,0,0,0,1,1,1,1,1,4
3223,0,1.0,1,1.0,1,0.0,,1.0,,1,1,1,1,0,0,1,0,1,0,1,0,0,1
3231,0,,1,1.0,0,1.0,0.0,0.0,1.0,1,0,0,1,0,1,0,0,1,0,1,0,1,3
3232,0,,1,0.0,0,1.0,0.0,1.0,1.0,1,1,1,1,1,1,1,0,1,0,0,0,0,6
3236,0,1.0,1,1.0,0,1.0,0.0,1.0,1.0,1,1,1,0,0,0,1,0,1,1,1,0,1,3
3244,0,,1,1.0,1,1.0,0.0,1.0,1.0,1,0,0,0,0,0,1,0,1,1,1,0,1,1
3249,0,0.0,1,1.0,1,1.0,0.0,1.0,1.0,1,1,1,1,1,1,1,0,1,1,1,0,0,3
3251,0,,1,1.0,0,0.0,0.0,0.0,1.0,1,1,1,0,0,0,1,0,1,1,1,0,0,24
3253,0,,1,1.0,1,0.0,0.0,0.0,,1,1,1,1,0,1,1,0,1,0,1,1,1,10
3261,0,0.0,1,1.0,0,0.0,,0.0,0.0,1,0,0,0,0,0,1,0,1,0,0,1,0,8
3265,0,,1,,1,0.0,1.0,1.0,1.0,1,0,0,1,1,0,0,1,1,1,1,0,1,10
3268,0,1.0,1,1.0,0,1.0,0.0,1.0,1.0,1,0,0,1,0,1,0,0,0,0,0,0,0,3
3269,0,,1,1.0,0,1.0,0.0,1.0,0.0,1,0,0,0,0,1,1,0,1,0,0,0,0,29
3271,0,1.0,1,1.0,0,1.0,0.0,0.0,,1,1,0,0,0,1,1,0,1,1,1,0,1,33
3276,0,,1,1.0,0,1.0,,1.0,0.0,1,1,1,0,0,0,1,0,1,0,1,0,1,22
3277,0,,1,1.0,1,1.0,0.0,1.0,1.0,1,1,1,0,1,0,0,0,1,0,0,1,1,1
3279,0,,0,1.0,1,0.0,0.0,0.0,,1,1,1,1,1,1,0,0,0,1,1,0,1,7
3283,0,,1,0.0,1,1.0,1.0,1.0,1.0,1,0,0,0,0,0,1,0,1,0,1,0,0,3
3286,0,,1,1.0,0,0.0,,1.0,1.0,1,1,1,1,1,0,1,0,1,1,1,0,0,3
3288,0,,1,,1,0.0,1.0,0.0,0.0,1,0,0,0,0,0,1,0,1,1,0,0,1,6
3293,0,,0,1.0,1,,,0.0,1.0,1,0,0,0,0,0,1,1,0,1,1,1,1,2
3294,0,0.0,0,1.0,1,1.0,0.0,1.0,1.0,1,0,0,1,1,1,0,0,1,1,0,0,1,2
3299,0,,1,0.0,1,1.0,0.0,1.0,1.0,1,1,1,1,1,1,1,0,1,0,1,1,1,1
3301,0,,1,1.0,1,,0.0,1.0,1.0,1,1,0,0,0,0,0,0,1,1,1,0,0,3
3304,0,,1,1.0,1,,1.0,1.0,1.0,1,1,1,1,1,1,1,0,1,0,0,0,1,6
3320,0,,1,0.0,1,1.0,1.0,1.0,1.0,1,0,0,0,0,0,0,0,1,1,1,0,0,3
3324,0,,1,1.0,0,1.0,0.0,1.0,,1,1,1,1,1,1,1,0,1,1,1,0,1,7
3329,0,,1,1.0,0,0.0,1.0,0.0,0.0,1,1,1,0,0,0,1,0,1,1,1,1,1,16
3332,0,0.0,1,,0,1.0,0.0,0.0,,1,1,1,0,1,0,1,0,1,0,0,0,0,18
3335,0,1.0,1,0.0,0,1.0,0.0,1.0,1.0,1,1,1,1,1,1,1,0,1,1,1,0,0,7
3340,0,,1,0.0,1,0.0,,1.0,1.0,1,1,1,1,1,0,0,0,1,1,1,0,1,5
3343,0,,1,1.0,1,,1.0,1.0,1.0,1,1,0,0,0,1,0,0,1,1,1,0,0,2
3344,0,,1,0.0,1,0.0,1.0,1.0,1.0,1,1,1,1,1,1,0,0,1,1,1,1,1,1
3345,0,,1,0.0,1,0.0,0.0,1.0,1.0,1,1,0,0,1,0,0,0,1,0,0,0,1,9
3346,0,1.0,1,0.0,0,0.0,,0.0,0.0,1,0,0,1,1,0,0,0,1,0,1,1,0,27
3347,0,1.0,1,1.0,1,1.0,0.0,1.0,1.0,1,1,1,1,0,0,0,0,1,0,0,1,1,5
3349,0,,1,0.0,0,1.0,0.0,1.0,,1,0,0,0,0,0,1,0,1,0,1,0,1,9
3356,0,,1,1.0,1,1.0,,1.0,1.0,1,1,1,0,0,1,0,1,1,1,1,1,1,3
3373,0,,1,,1,1.0,0.0,1.0,1.0,1,1,1,1,0,1,0,0,0,1,0,0,0,7
3376,0,,1,1.0,1,0.0,0.0,1.0,,1,0,0,0,0,0,0,0,1,1,0,0,1,1
3378,0,,1,1.0,1,0.0,0.0,1.0,1.0,1,0,1,1,0,0,1,0,1,0,0,0,0,3
3381,0,0.0,1,1.0,1,,0.0,1.0,1.0,1,1,1,0,0,0,1,0,1,1,1,1,1,3
3390,0,,1,1.0,0,1.0,,0.0,1.0,1,1,1,1,1,0,1,0,1,0,1,0,1,30
3395,0,,1,1.0,1,1.0,,1.0,1.0,1,1,1,0,0,0,0,0,1,0,1,0,0,1
3398,0,,1,1.0,1,0.0,0.0,1.0,1.0,1,0,0,0,0,0,0,0,1,1,0,1,1,1
3410,0,,1,1.0,0,0.0,,0.0,0.0,1,0,0,0,0,0,0,0,1,1,1,0,1,26
3416,0,,1,0.0,0,1.0,0.0,1.0,1.0,1,0,0,0,0,0,1,0,0,1,1,0,0,20
3418,0,,1,1.0,0,1.0,,1.0,0.0,1,0,0,0,0,0,1,1,1,1,1,1,1,28
3419,0,1.0,1,1.0,1,0.0,0.0,0.0,,1,1,1,1,1,1,0,0,1,0,0,0,1,9
3425,0,,1,1.0,1,0.0,0.0,1.0,,1,1,1,0,0,0,0,0,0,0,0,0,1,3
3431,0,,1,1.0,0,0.0,0.0,0.0,0.0,1,1,1,1,0,0,0,0,1,1,0,0,0,15
3432,0,1.0,1,0.0,0,1.0,1.0,0.0,1.0,1,0,0,1,0,1,1,0,1,1,1,1,0,26
3434,0,1.0,1,1.0,1,1.0,1.0,1.0,1.0,1,1,1,1,1,1,1,1,1,1,1,0,1,1
3435,0,,1,1.0,1,1.0,0.0,1.0,1.0,1,0,0,1,0,1,0,0,1,0,0,0,0,3
3452,0,,1,0.0,1,1.0,,0.0,,1,0,0,1,0,1,0,0,1,0,1,0,1,6
3456,0,,1,1.0,0,1.0,0.0,1.0,1.0,1,0,0,0,0,0,1,0,1,0,1,0,0,5
3457,0,0.0,1,1.0,1,1.0,0.0,1.0,1.0,1,0,0,1,1,0,0,0,0,1,1,0,0,3
3458,0,,1,1.0,0,1.0,0.0,1.0,,1,1,0,1,0,0,0,0,1,0,0,0,0,10
3459,0,,1,1.0,0,1.0,0.0,1.0,,1,0,0,0,0,0,1,0,1,1,0,0,1,25
3462,0,,1,0.0,0,1.0,0.0,0.0,,1,0,0,0,0,0,1,0,1,1,1,0,1,26
3465,0,1.0,1,,1,1.0,,1.0,1.0,1,0,1,1,1,1,0,0,1,0,1,0,1,11
3469,0,0.0,1,0.0,0,1.0,0.0,0.0,0.0,1,1,1,1,1,1,1,0,1,0,0,0,1,14
3473,0,0.0,1,1.0,1,1.0,0.0,0.0,,1,1,1,0,0,1,1,0,1,0,0,0,1,3
3478,0,0.0,0,1.0,1,1.0,0.0,0.0,,1,0,0,1,0,1,0,0,0,0,0,0,0,5
3482,0,,1,,1,1.0,0.0,1.0,,1,0,0,0,0,0,1,0,1,0,0,0,1,15
3487,0,1.0,1,1.0,0,1.0,1.0,0.0,,1,0,0,1,0,0,1,0,1,1,0,0,1,25
3488,0,,1,1.0,1,,0.0,0.0,0.0,1,1,1,1,0,0,0,0,1,1,0,0,0,11
3494,0,0.0,1,0.0,0,1.0,0.0,0.0,,1,0,0,1,0,1,1,0,1,0,0,0,0,24
3498,0,,1,,1,1.0,,1.0,1.0,1,0,0,0,0,1,1,0,1,1,1,0,0,8
3499,0,0.0,1,0.0,0,1.0,0.0,0.0,1.0,1,1,1,0,0,0,1,0,1,1,1,0,1,32
3505,0,,0,1.0,0,1.0,,,1.0,1,1,1,1,0,1,0,0,1,0,1,0,0,1
3506,0,,0,1.0,0,1.0,,1.0,,1,0,0,0,0,0,0,0,1,1,0,0,0,17
3509,0,,1,1.0,1,0.0,0.0,0.0,1.0,1,0,0,1,0,0,0,1,1,1,1,1,1,13
3511,0,,1,0.0,0,0.0,0.0,1.0,1.0,1,0,0,0,0,1,1,0,0,1,1,0,1,9
3514,0,,1,1.0,0,1.0,0.0,1.0,1.0,1,0,0,0,0,1,1,0,1,0,0,1,0,20
3517,0,,1,1.0,0,1.0,1.0,0.0,1.0,1,0,0,0,0,0,1,0,0,0,1,1,1,23
3518,0,,1,1.0,1,1.0,0.0,1.0,,1,1,1,1,1,0,1,1,1,0,1,1,1,13
3519,0,,1,0.0,0,1.0,0.0,0.0,1.0,1,0,0,0,0,1,0,0,1,1,1,0,1,3
3521,0,,1,1.0,1,0.0,,1.0,1.0,1,1,0,0,1,1,1,0,1,1,0,1,1,3
3522,0,,1,1.0,1,0.0,1.0,1.0,,1,0,0,0,0,1,1,0,0,1,1,1,1,5
3523,0,0.0,1,0.0,1,1.0,,1.0,,1,0,1,1,1,1,0,0,1,1,1,0,0,1
3527,0,0.0,1,1.0,1,0.0,,1.0,1.0,1,1,1,1,1,1,1,0,1,1,1,0,1,2
3531,0,,1,0.0,1,1.0,,1.0,1.0,1,0,0,1,1,1,1,0,1,0,0,1,0,6
3536,0,,1,1.0,1,1.0,,1.0,1.0,1,0,0,0,0,0,0,0,1,0,0,1,1,1
3537,0,,1,0.0,0,0.0,0.0,1.0,,1,0,0,0,0,1,1,0,1,1,0,0,0,17
3540,0,,1,0.0,0,,0.0,1.0,,1,1,0,0,1,0,1,0,1,1,1,1,0,22
3543,0,,1,1.0,1,0.0,,0.0,,1,0,0,0,0,0,1,0,1,0,1,0,1,1
3545,0,,1,,1,1.0,0.0,1.0,1.0,1,1,1,1,1,1,1,0,1,1,0,0,1,3
3546,0,,1,1.0,0,0.0,0.0,0.0,0.0,1,1,1,0,0,0,0,0,1,0,1,0,0,22
3547,0,0.0,1,1.0,1,0.0,1.0,1.0,1.0,1,1,1,1,1,1,1,0,1,0,0,0,0,3
3548,0,,1,1.0,0,1.0,0.0,,0.0,1,1,1,0,0,1,1,1,1,0,1,1,1,1
3559,0,1.0,1,1.0,1,1.0,,1.0,1.0,1,0,0,1,0,1,0,0,1,1,0,0,1,2
3560,0,1.0,1,1.0,1,,0.0,0.0,1.0,1,0,0,1,0,1,0,0,1,0,0,0,0,1
3563,0,0.0,0,1.0,1,1.0,,1.0,1.0,1,0,0,0,0,1,0,0,1,0,0,0,1,4
3566,0,,1,1.0,0,1.0,1.0,1.0,0.0,1,0,0,0,0,1,1,1,1,1,1,1,1,17
3577,0,,1,1.0,1,1.0,1.0,1.0,1.0,1,0,0,0,0,0,1,0,1,1,0,0,1,2
3584,0,,1,1.0,0,1.0,0.0,0.0,0.0,1,0,0,0,0,1,0,0,1,0,0,0,1,21
3585,0,0.0,1,1.0,1,,1.0,1.0,0.0,1,0,1,1,1,1,1,1,0,0,1,0,1,2
3586,0,,1,0.0,1,1.0,,1.0,1.0,1,1,1,1,1,1,1,0,1,0,1,0,0,3
3587,0,,1,0.0,1,1.0,0.0,1.0,0.0,1,0,0,1,1,1,0,0,0,1,0,0,0,2
3589,0,,1,1.0,0,1.0,1.0,0.0,,1,0,0,0,1,0,0,0,1,1,1,1,1,11
3592,0,,1,0.0,0,0.0,0.0,0.0,,1,0,1,1,0,0,0,1,1,1,1,0,1,29
3594,0,,1,1.0,0,1.0,,1.0,,1,1,1,1,0,1,1,0,1,0,1,1,1,31
3595,0,,0,1.0,0,1.0,,1.0,,1,0,0,1,0,1,1,0,1,1,1,1,1,28
3597,0,0.0,0,1.0,1,1.0,0.0,1.0,1.0,1,0,0,0,0,1,1,0,1,0,0,0,0,3
3598,0,,1,1.0,1,1.0,,1.0,1.0,1,1,1,1,0,1,1,0,0,1,0,0,1,5
3600,0,,1,0.0,1,1.0,0.0,1.0,1.0,1,0,0,0,0,1,0,0,1,1,1,1,1,5
3608,0,,1,1.0,0,1.0,0.0,1.0,,1,0,0,0,0,1,1,0,1,1,0,1,0,19
3609,0,,1,1.0,1,0.0,0.0,1.0,1.0,1,0,0,0,0,0,0,1,1,1,1,1,1,1
3611,0,,1,1.0,1,1.0,0.0,1.0,1.0,1,0,0,1,1,1,1,0,1,1,0,0,1,1
3620,0,,1,1.0,0,0.0,0.0,0.0,,1,0,0,0,0,0,0,0,0,1,0,0,1,27
3623,0,1.0,1,0.0,1,1.0,1.0,1.0,1.0,1,1,1,1,1,1,0,1,1,0,1,1,1,4
3626,0,1.0,1,,0,1.0,0.0,1.0,1.0,1,0,1,1,1,1,0,0,1,1,1,0,0,2
3628,0,0.0,1,1.0,1,0.0,,0.0,1.0,1,1,0,1,0,1,1,0,1,1,1,0,1,3
3633,0,,1,0.0,0,1.0,,1.0,1.0,1,0,0,1,0,0,1,0,1,1,1,0,1,4
3634,0,,1,1.0,0,1.0,0.0,0.0,,1,1,0,1,0,1,1,0,1,0,0,0,1,25
3635,0,,1,0.0,1,0.0,,1.0,1.0,1,0,0,0,0,0,1,0,1,0,1,1,0,10
3636,0,0.0,1,0.0,1,1.0,0.0,1.0,1.0,1,1,1,1,0,1,0,0,1,1,0,0,0,3
3641,0,,1,1.0,0,1.0,0.0,0.0,1.0,1,0,0,1,1,0,1,0,1,1,1,0,1,5
3644,0,,1,1.0,1,0.0,,1.0,1.0,1,1,1,1,0,0,1,0,1,1,1,1,1,1
3647,0,1.0,1,1.0,1,0.0,0.0,0.0,1.0,1,1,1,1,0,0,1,0,1,1,0,0,1,5
3648,0,,1,0.0,1,1.0,,1.0,1.0,1,1,1,1,1,1,1,0,1,1,1,0,1,2
3656,0,,1,1.0,1,0.0,0.0,0.0,1.0,1,0,0,0,0,0,1,0,1,1,0,1,0,4
3662,0,,1,0.0,0,1.0,,1.0,,1,0,0,0,0,0,1,0,1,0,0,0,1,26
3665,0,0.0,1,0.0,1,1.0,,0.0,,1,0,0,0,0,0,0,0,1,0,1,0,1,9
3666,0,,1,0.0,0,1.0,,1.0,0.0,1,0,0,0,0,1,1,1,1,1,1,0,1,21
3671,0,0.0,1,0.0,1,1.0,,0.0,1.0,1,0,0,0,0,1,1,0,1,0,0,0,1,4
3672,0,,1,0.0,0,0.0,0.0,0.0,0.0,1,0,0,0,0,0,1,0,1,1,1,1,1,21
3673,0,,1,0.0,0,1.0,,1.0,1.0,1,0,0,1,1,1,1,0,1,0,0,0,1,23
3676,0,,1,0.0,0,1.0,0.0,1.0,1.0,1,0,0,1,1,0,1,0,1,0,0,0,0,2
3677,0,,1,0.0,1,1.0,0.0,1.0,1.0,1,1,0,0,0,1,0,0,1,0,0,1,0,1
3679,0,,1,1.0,1,1.0,0.0,0.0,1.0,1,1,1,1,1,0,1,0,1,0,1,1,1,12
3682,0,,1,1.0,1,0.0,,1.0,1.0,1,0,0,1,0,0,1,0,0,1,0,0,0,2
3688,0,,1,,1,1.0,0.0,0.0,,1,1,1,1,1,0,0,0,1,0,1,1,0,11
3689,0,,1,1.0,0,0.0,0.0,0.0,1.0,1,0,0,0,0,0,1,0,1,1,1,1,0,2
3695,0,1.0,1,1.0,1,1.0,,0.0,1.0,1,1,1,1,1,1,0,0,1,1,1,1,0,1
3699,0,,0,0.0,0,1.0,0.0,0.0,0.0,1,0,0,0,0,0,1,0,1,1,0,0,1,24
3700,0,,1,,1,0.0,0.0,0.0,1.0,1,0,0,0,0,0,1,0,1,1,0,0,1,2
3701,0,,0,0.0,1,1.0,0.0,1.0,,1,1,1,1,1,1,1,0,1,1,0,0,1,7
3705,0,,1,,1,1.0,0.0,1.0,1.0,1,0,0,1,0,0,1,1,1,1,0,1,1,1
3706,0,,1,1.0,0,0.0,0.0,0.0,0.0,1,1,1,1,0,0,1,0,1,1,0,0,0,21
3709,0,,1,1.0,1,1.0,0.0,1.0,1.0,1,1,1,1,0,1,1,0,1,1,1,1,1,3
3715,0,,1,1.0,1,1.0,,0.0,1.0,1,1,1,1,0,1,1,0,1,0,1,0,0,4
3718,0,,1,0.0,1,1.0,0.0,,,1,0,0,1,0,1,0,0,1,0,0,0,0,2
3721,0,1.0,1,0.0,1,0.0,,1.0,1.0,1,1,1,1,0,1,1,0,1,1,1,1,0,1
3723,0,,1,,1,0.0,0.0,1.0,1.0,1,0,0,0,0,0,0,0,1,1,1,0,1,3
3728,0,,1,1.0,1,0.0,0.0,1.0,,1,1,1,1,0,0,1,0,1,1,1,1,0,2
3731,0,,1,1.0,0,1.0,0.0,0.0,1.0,1,1,1,0,1,1,1,0,0,1,0,0,0,4
3738,0,,1,1.0,1,1.0,,1.0,1.0,1,0,0,0,0,1,0,0,0,1,0,0,1,2
3740,0,,1,1.0,0,,0.0,,0.0,1,0,0,0,0,0,1,0,0,0,0,0,0,12
3742,0,,1,0.0,1,1.0,0.0,1.0,1.0,1,1,1,1,1,1,0,0,1,0,1,0,1,5
3743,0,,1,0.0,1,1.0,,1.0,1.0,1,1,1,1,1,1,1,0,1,0,1,0,0,1
3744,0,,1,0.0,1,0.0,0.0,1.0,1.0,1,1,1,1,0,0,0,0,1,1,0,1,0,5
3746,0,,0,1.0,1,0.0,,1.0,1.0,1,0,0,1,1,0,0,0,0,0,1,0,1,1
3758,0,,0,1.0,0,,0.0,0.0,,1,0,0,0,0,0,1,1,1,1,1,0,1,12
3762,0,,1,1.0,0,1.0,1.0,1.0,0.0,1,0,0,0,0,0,1,0,1,1,1,0,1,35
3763,0,,1,0.0,0,0.0,0.0,0.0,0.0,1,0,0,0,0,0,0,0,1,1,0,0,1,20
3764,0,,1,1.0,0,0.0,,1.0,1.0,1,0,0,0,0,0,1,0,1,0,1,0,0,8
3773,0,,1,1.0,0,0.0,0.0,0.0,0.0,1,0,0,1,0,0,1,0,0,1,0,0,1,25
3776,0,,1,1.0,0,0.0,0.0,1.0,,1,0,0,0,0,0,1,0,1,1,1,0,0,32
3777,0,,0,0.0,0,1.0,1.0,1.0,,1,0,0,1,1,1,0,0,1,0,0,0,0,14
3778,0,,1,1.0,1,1.0,,1.0,,1,0,0,1,1,1,1,0,1,1,1,1,1,12
3779,0,,1,0.0,1,0.0,1.0,0.0,,1,0,0,1,0,0,0,0,0,0,1,0,0,12
3781,0,0.0,1,1.0,1,1.0,,1.0,1.0,1,1,1,0,0,1,0,0,1,0,1,1,1,3
3782,0,,1,,0,1.0,0.0,0.0,1.0,1,0,0,0,0,0,0,0,1,1,0,0,1,8
3783,0,0.0,1,,1,0.0,0.0,1.0,1.0,1,0,0,0,0,0,0,0,1,1,0,0,0,2
3793,0,,1,0.0,1,0.0,,1.0,1.0,1,0,0,0,0,0,0,0,1,0,1,1,0,10
3796,0,,1,0.0,1,1.0,,1.0,1.0,1,0,0,1,0,1,0,0,1,1,1,0,1,8
3800,0,,1,1.0,0,0.0,,0.0,0.0,1,0,0,0,0,0,0,0,1,0,1,1,1,36
3801,0,,1,1.0,0,0.0,0.0,1.0,0.0,1,1,1,1,0,0,1,0,0,0,0,0,1,23
3811,0,,1,1.0,0,0.0,0.0,0.0,,1,0,0,0,0,1,0,0,0,0,1,0,0,17
3813,0,,1,1.0,1,1.0,0.0,1.0,1.0,1,0,0,1,0,1,1,0,1,1,0,0,0,1
3816,0,,1,1.0,0,0.0,0.0,0.0,1.0,1,0,0,0,0,0,1,0,0,1,0,0,0,7
3822,0,,1,1.0,1,0.0,,1.0,1.0,1,1,1,1,0,1,1,0,1,0,0,0,0,2
3825,0,0.0,0,1.0,1,,,0.0,0.0,1,0,0,1,0,0,0,0,1,1,0,1,1,4
