,LEAVER,AGE,S0287,T0080,SALARY,T0329,T0333,T0159,T0165,EXPER,T0356,T0278,T0277,T0330
1,1,1,1.0,0.0,1,1,1,1,1,4,1,5,5,1
3,1,0,0.0,1.0,1,1,0,1,1,2,1,50,22,2
9,1,1,1.0,0.0,1,0,0,0,0,3,1,0,6,3
12,1,1,1.0,1.0,1,0,0,0,1,6,2,1,20,4
15,1,1,0.0,0.0,1,1,1,0,1,1,2,10,10,2
18,1,1,0.0,0.0,1,0,0,1,1,3,2,5,5,3
22,1,1,0.0,0.0,1,0,0,1,1,5,2,3,6,4
30,1,1,1.0,0.0,1,0,0,1,1,1,1,0,12,4
32,1,1,1.0,0.0,1,1,0,0,1,4,2,2,0,2
35,1,0,1.0,1.0,1,0,0,0,1,6,2,2,4,3
37,1,1,0.0,0.0,1,0,0,1,1,4,2,5,10,4
39,1,1,1.0,0.0,1,1,0,0,1,5,2,4,6,1
57,1,1,0.0,0.0,1,0,0,0,1,2,2,1,5,4
58,1,1,0.0,,1,0,0,0,0,4,1,0,12,4
62,1,1,1.0,0.0,1,1,1,0,0,4,2,10,10,2
65,1,0,0.0,0.0,1,0,0,0,0,3,1,1,0,4
73,1,1,0.0,0.0,1,0,0,1,1,5,2,1,1,4
75,1,1,,1.0,1,0,0,0,1,3,2,0,5,4
82,1,1,0.0,1.0,1,0,0,1,0,3,2,7,7,4
85,1,1,0.0,0.0,1,0,0,1,1,2,2,0,22,4
96,1,1,0.0,0.0,1,1,0,1,1,2,2,0,10,1
101,1,1,0.0,0.0,1,1,1,1,1,5,2,0,5,1
103,1,0,0.0,0.0,1,1,0,1,1,5,2,3,20,2
107,1,0,1.0,0.0,1,0,0,0,0,1,2,3,25,3
111,1,1,0.0,0.0,1,0,0,0,1,4,2,1,1,4
114,1,1,0.0,0.0,1,0,0,1,1,3,1,0,25,3
119,1,1,0.0,1.0,1,1,1,0,1,2,2,5,19,1
120,1,1,1.0,0.0,1,0,0,1,1,1,2,3,12,3
121,1,1,1.0,0.0,1,0,0,1,1,2,2,2,10,4
125,1,0,0.0,1.0,0,1,1,1,0,2,2,3,5,2
129,1,0,0.0,0.0,0,1,1,0,0,4,1,6,7,1
133,1,1,0.0,1.0,1,1,1,1,1,5,1,19,10,2
137,1,1,0.0,0.0,1,1,1,0,0,4,2,0,2,2
138,1,0,1.0,1.0,0,0,1,0,0,6,1,12,10,1
149,1,1,0.0,0.0,1,0,0,1,1,6,2,5,5,3
151,1,1,1.0,0.0,1,1,0,1,1,2,2,5,3,2
154,1,1,1.0,1.0,1,0,0,1,0,1,2,10,10,3
156,1,0,0.0,0.0,1,0,0,1,1,3,1,12,2,4
159,1,0,0.0,,1,0,0,0,1,6,2,1,6,4
172,1,1,,1.0,1,1,0,0,0,1,1,5,15,2
178,1,0,0.0,,1,0,0,0,0,2,1,0,2,4
185,1,1,0.0,0.0,0,0,0,1,1,1,2,1,12,4
187,1,1,0.0,0.0,1,0,0,0,0,2,2,4,10,3
190,1,1,0.0,0.0,0,0,0,0,1,3,2,5,9,3
191,1,1,0.0,1.0,0,0,0,0,0,1,2,12,7,4
195,1,1,1.0,1.0,1,0,0,0,0,4,2,2,10,4
200,1,0,0.0,0.0,1,0,0,0,0,2,1,1,10,3
204,1,1,0.0,,0,0,1,0,1,1,1,4,1,3
205,1,1,1.0,0.0,1,0,0,1,0,5,2,5,12,4
207,1,1,0.0,0.0,1,0,0,0,0,5,2,10,0,3
209,1,1,0.0,1.0,1,0,0,1,1,5,2,0,2,4
213,1,1,1.0,0.0,1,0,0,0,1,4,2,0,2,4
218,1,1,0.0,0.0,1,0,0,1,1,1,1,2,3,4
221,1,1,0.0,0.0,1,1,1,0,1,5,1,33,12,1
222,1,0,0.0,,1,1,1,1,1,4,1,4,7,1
227,1,0,0.0,1.0,1,1,1,0,1,4,1,5,4,3
229,1,1,1.0,0.0,1,0,0,0,1,2,2,2,2,4
230,1,1,0.0,0.0,1,0,0,0,1,1,2,0,4,4
231,1,0,0.0,0.0,1,1,1,0,0,5,2,3,6,1
235,1,1,0.0,0.0,1,0,0,0,1,1,1,4,2,4
237,1,1,1.0,0.0,1,1,0,1,0,5,2,3,10,2
238,1,1,1.0,0.0,1,1,0,0,1,2,2,5,5,3
247,1,1,0.0,0.0,1,1,0,1,1,5,2,2,13,2
258,1,1,1.0,0.0,1,1,0,1,0,1,1,2,5,3
262,1,0,1.0,0.0,0,1,1,1,0,1,1,2,3,2
265,1,1,0.0,0.0,1,0,0,0,0,2,2,5,15,4
267,1,0,0.0,1.0,1,1,1,0,0,5,1,2,10,2
274,1,1,0.0,0.0,1,0,0,0,0,3,2,2,2,4
275,1,1,0.0,0.0,1,0,1,0,1,3,2,7,5,3
280,1,1,1.0,0.0,1,1,0,0,0,2,2,7,3,1
282,1,1,0.0,0.0,1,1,1,1,1,1,2,4,15,1
284,1,0,0.0,0.0,1,0,0,0,1,2,2,4,3,3
287,1,1,0.0,0.0,1,0,1,1,1,1,1,2,4,3
305,1,1,1.0,1.0,1,0,0,0,1,1,2,15,10,4
313,1,1,0.0,0.0,1,0,0,0,1,4,2,10,2,4
315,1,0,,0.0,1,1,1,1,1,5,2,3,5,2
316,1,1,0.0,0.0,1,0,0,1,1,4,1,0,9,4
317,1,1,0.0,1.0,0,0,0,0,0,4,1,1,4,3
318,1,1,0.0,0.0,1,0,0,1,0,6,2,5,18,2
322,1,1,0.0,0.0,1,0,0,0,1,6,1,3,4,3
323,1,1,0.0,0.0,1,0,1,0,0,6,1,15,10,3
331,1,0,,0.0,1,0,0,1,0,4,2,0,4,4
334,1,1,1.0,0.0,1,1,0,0,1,5,2,0,4,2
348,1,1,0.0,0.0,1,0,1,0,0,1,2,15,6,4
350,1,1,0.0,0.0,0,1,0,1,0,1,1,8,0,4
352,1,0,0.0,1.0,1,0,0,0,0,1,2,5,16,3
358,1,1,0.0,0.0,1,1,0,0,1,6,1,1,10,1
364,1,1,,0.0,1,0,0,1,1,1,2,4,3,3
366,1,1,0.0,1.0,1,1,0,1,1,6,2,2,3,2
372,1,0,0.0,1.0,1,0,0,1,1,4,2,8,20,4
375,1,1,,1.0,0,1,0,0,1,3,2,3,10,2
376,1,0,0.0,0.0,1,0,1,0,1,5,1,20,0,4
384,1,1,0.0,1.0,1,1,0,1,1,6,2,2,0,2
385,1,1,0.0,1.0,1,0,0,1,1,1,2,6,4,4
394,1,1,0.0,0.0,1,0,0,1,1,4,2,0,0,4
395,1,1,0.0,0.0,1,0,0,1,1,3,2,4,7,4
399,1,1,1.0,0.0,1,0,0,0,1,4,2,2,2,4
400,1,1,1.0,0.0,1,1,0,0,1,2,2,8,18,2
410,1,1,1.0,0.0,1,0,1,0,1,1,2,4,8,4
413,1,1,1.0,1.0,1,0,0,0,1,5,1,0,8,4
414,1,1,0.0,0.0,1,1,1,1,1,6,1,12,3,1
416,1,1,1.0,0.0,1,1,1,1,0,1,1,6,3,1
418,1,1,0.0,0.0,1,0,0,1,1,2,2,0,5,4
419,1,1,0.0,0.0,0,0,0,0,0,3,1,1,3,3
420,1,1,0.0,0.0,1,0,0,0,1,2,2,10,10,4
427,1,1,0.0,1.0,1,0,1,0,1,1,1,0,12,2
433,1,1,0.0,0.0,1,0,0,1,1,6,1,4,5,3
438,1,0,0.0,1.0,1,0,0,0,1,6,1,2,4,3
444,1,1,1.0,1.0,1,0,1,1,1,4,2,3,6,3
445,1,1,1.0,0.0,1,1,1,0,1,3,1,17,8,2
448,1,1,0.0,0.0,1,0,0,0,1,3,2,4,8,3
450,1,0,1.0,0.0,1,1,1,1,0,6,2,5,10,1
452,1,1,0.0,0.0,1,0,0,1,1,1,2,1,10,4
453,1,0,0.0,1.0,1,0,0,1,0,1,1,5,6,2
459,1,1,1.0,0.0,1,1,0,0,1,2,1,2,6,2
460,1,1,,0.0,1,0,0,1,0,4,2,2,6,4
461,1,1,0.0,0.0,1,1,0,0,0,4,2,0,7,2
464,1,1,0.0,0.0,1,1,0,1,1,3,2,3,6,2
466,1,1,1.0,1.0,1,0,0,1,1,5,2,2,8,4
467,1,0,1.0,0.0,1,0,0,1,0,6,2,3,20,4
468,1,0,0.0,0.0,1,0,0,1,1,1,2,4,10,3
470,1,1,1.0,0.0,1,1,1,1,1,2,2,5,15,2
474,1,1,,,1,0,1,0,1,1,1,1,2,3
480,1,0,1.0,0.0,1,0,0,1,0,1,2,0,2,3
483,1,0,0.0,0.0,1,0,0,0,1,2,2,2,30,3
485,1,1,1.0,0.0,1,1,0,0,1,3,1,3,4,2
488,1,1,1.0,0.0,1,0,0,0,1,6,2,2,10,4
489,1,1,0.0,1.0,1,0,0,0,1,4,1,5,10,4
495,1,0,0.0,0.0,1,0,0,0,0,5,2,2,22,3
497,1,1,1.0,1.0,0,0,0,0,1,6,2,1,10,4
498,1,1,1.0,0.0,0,0,0,1,1,6,2,6,7,4
500,1,1,1.0,0.0,1,0,0,1,1,1,1,0,2,4
508,1,1,0.0,1.0,0,1,0,1,1,5,1,3,4,3
510,1,1,1.0,0.0,1,0,0,1,1,5,2,0,4,4
514,1,1,1.0,0.0,1,0,0,0,0,6,2,5,4,3
518,1,1,0.0,0.0,1,0,0,1,1,2,1,0,6,4
523,1,1,0.0,0.0,1,0,0,1,1,5,1,5,15,3
524,1,1,0.0,0.0,1,0,0,1,0,1,2,5,10,4
526,1,0,1.0,0.0,1,1,1,0,0,3,1,5,10,1
529,1,1,0.0,0.0,1,1,0,1,0,4,1,10,10,1
534,1,0,0.0,0.0,1,1,0,1,0,3,1,5,14,2
538,1,1,0.0,1.0,1,1,1,1,0,2,2,9,3,2
548,1,1,0.0,0.0,1,1,1,0,0,1,2,5,12,1
550,1,1,0.0,0.0,1,0,0,0,1,2,2,2,8,4
551,1,1,0.0,0.0,1,0,0,0,0,5,2,0,7,4
558,1,0,1.0,1.0,1,1,1,0,1,6,2,4,12,2
560,1,1,1.0,0.0,1,1,1,0,0,2,2,4,5,2
563,1,1,0.0,0.0,1,0,0,0,1,5,2,1,15,4
564,1,1,0.0,0.0,1,1,0,0,1,3,2,2,3,2
566,1,1,0.0,1.0,1,0,0,0,0,5,2,3,8,4
570,1,1,,0.0,1,0,0,0,1,4,1,2,2,4
573,1,0,1.0,1.0,0,0,0,0,1,5,1,10,5,4
574,1,1,1.0,1.0,0,0,0,1,1,2,1,11,3,3
576,1,1,,0.0,1,1,1,1,1,3,2,25,12,1
596,1,0,,,1,0,1,1,1,4,1,2,5,2
598,1,1,1.0,1.0,0,1,1,1,0,4,2,3,5,2
599,1,1,1.0,0.0,1,0,0,1,1,2,2,8,18,3
600,1,1,0.0,0.0,1,0,1,1,0,2,1,8,5,4
601,1,1,,,1,1,1,0,1,2,1,3,2,1
603,1,1,0.0,0.0,1,0,0,0,1,5,2,4,5,4
605,1,1,0.0,1.0,0,1,1,0,1,2,1,2,4,1
606,1,1,0.0,0.0,1,0,0,1,1,2,1,5,10,4
608,1,1,0.0,0.0,0,1,1,0,0,3,1,15,10,2
612,1,1,1.0,1.0,1,0,0,1,1,5,2,0,1,3
620,1,1,0.0,0.0,1,0,0,1,0,1,1,0,8,4
623,1,1,,0.0,1,1,1,0,1,4,2,5,8,1
630,1,0,0.0,1.0,1,0,1,1,0,4,1,0,15,3
634,1,1,0.0,0.0,1,1,1,0,1,3,2,5,8,2
652,1,0,0.0,0.0,1,0,0,0,0,3,2,6,3,3
659,1,0,0.0,1.0,0,0,0,1,1,2,2,4,15,4
666,1,0,0.0,,1,0,1,0,1,2,2,7,4,3
673,1,1,0.0,0.0,1,1,0,1,0,6,2,0,15,2
674,1,1,1.0,0.0,1,1,1,0,0,6,2,3,8,2
680,1,1,0.0,1.0,1,1,1,1,1,4,2,0,10,2
681,1,1,,0.0,1,0,0,0,1,2,2,2,1,3
694,1,1,1.0,0.0,1,0,1,0,0,2,2,3,5,3
696,1,0,0.0,0.0,1,0,0,0,1,5,2,0,0,4
705,1,1,0.0,1.0,1,0,0,0,0,5,1,5,1,3
708,1,1,0.0,0.0,1,1,1,0,1,5,1,0,0,1
712,1,1,1.0,0.0,1,1,1,1,0,5,2,4,12,2
714,1,1,0.0,0.0,0,1,1,1,1,3,2,18,3,1
715,1,0,0.0,0.0,1,1,1,1,0,4,2,20,0,1
717,1,0,1.0,0.0,1,0,0,0,1,5,2,2,30,4
718,1,1,0.0,0.0,1,1,0,0,0,1,2,5,15,3
720,1,0,,0.0,1,0,0,1,0,3,1,0,2,4
727,1,0,0.0,0.0,1,0,0,0,0,4,2,1,3,3
729,1,1,1.0,0.0,1,1,1,1,0,1,2,2,4,1
733,1,1,1.0,1.0,0,0,0,1,1,5,2,5,10,3
734,1,1,0.0,0.0,1,0,1,1,0,2,2,25,15,3
746,1,0,1.0,1.0,1,1,1,0,0,3,1,4,4,1
749,1,1,0.0,0.0,1,0,0,0,0,2,1,1,6,3
752,1,1,,1.0,0,0,1,1,1,6,1,20,4,2
753,1,0,,1.0,1,0,1,0,1,3,1,20,20,3
758,1,1,0.0,0.0,1,1,0,0,1,3,2,4,6,3
761,1,0,0.0,0.0,1,0,0,1,1,3,2,1,12,4
767,1,1,0.0,1.0,1,0,1,1,1,3,2,4,4,3
771,1,0,0.0,1.0,1,0,0,1,1,2,1,10,5,4
774,1,1,0.0,1.0,1,0,0,1,0,4,2,3,2,4
779,1,1,0.0,0.0,1,1,0,1,1,4,2,3,5,3
780,1,1,0.0,0.0,1,0,0,1,1,6,2,1,4,3
783,1,1,1.0,0.0,1,0,0,0,1,2,2,4,12,4
786,1,0,0.0,0.0,1,1,1,0,0,2,1,1,0,1
790,1,1,0.0,0.0,1,0,0,0,1,2,2,2,7,4
797,1,1,0.0,0.0,1,0,0,0,1,6,1,0,6,4
800,1,1,,0.0,0,1,0,0,0,5,2,0,6,2
803,1,1,0.0,1.0,1,0,0,1,1,4,2,0,10,4
804,1,1,,0.0,1,0,1,0,1,1,1,6,20,2
809,1,1,0.0,0.0,1,1,0,0,0,1,1,12,8,3
816,1,1,1.0,1.0,0,1,0,0,0,1,2,5,5,2
817,1,1,0.0,0.0,1,1,1,0,0,2,2,3,3,1
824,1,1,1.0,0.0,1,0,0,0,1,6,2,30,4,3
828,1,1,0.0,0.0,0,0,0,1,1,5,1,0,12,4
830,1,1,1.0,1.0,1,0,0,0,0,1,2,12,10,2
832,1,1,0.0,0.0,1,0,0,1,1,5,2,0,6,3
833,1,1,0.0,0.0,1,0,0,1,1,2,1,1,10,3
836,1,0,1.0,1.0,1,0,0,0,1,6,2,2,7,4
839,1,1,1.0,0.0,1,1,0,0,0,4,1,2,10,1
844,1,1,,0.0,1,1,1,0,1,4,2,16,9,2
845,1,1,1.0,0.0,1,1,1,0,0,1,2,15,15,1
846,1,1,0.0,0.0,1,0,0,0,1,1,2,0,8,4
860,1,1,1.0,0.0,0,0,0,0,1,2,1,2,15,3
861,1,1,0.0,1.0,1,0,0,1,1,5,2,0,3,4
862,1,1,1.0,1.0,1,1,0,1,1,6,1,9,25,2
865,1,1,0.0,0.0,1,0,0,1,1,4,2,3,20,4
866,1,1,1.0,0.0,1,1,0,1,1,4,2,12,20,2
868,1,1,1.0,0.0,1,1,1,0,1,2,2,20,2,2
875,1,1,1.0,0.0,1,1,0,1,0,3,2,15,5,2
879,1,0,0.0,1.0,1,0,0,1,1,5,2,1,7,4
886,1,1,0.0,0.0,1,0,0,1,1,4,1,18,10,3
887,1,1,0.0,1.0,0,1,0,1,1,6,1,2,7,2
888,1,1,0.0,1.0,1,1,1,0,0,3,2,6,12,2
889,1,0,1.0,0.0,1,0,0,1,1,6,2,2,20,3
891,1,1,0.0,0.0,1,0,1,0,0,2,1,10,8,3
894,1,1,0.0,0.0,1,1,0,0,1,6,1,3,3,1
906,1,1,0.0,0.0,1,1,1,0,0,2,1,3,0,1
907,1,0,1.0,0.0,1,0,0,0,1,1,2,0,3,4
908,1,1,1.0,0.0,1,1,0,1,1,3,2,4,6,3
910,1,1,1.0,0.0,0,1,1,0,1,6,1,11,8,2
911,1,1,1.0,,1,1,1,1,1,2,1,2,0,1
912,1,1,0.0,0.0,1,1,0,1,1,2,2,2,15,2
913,1,1,1.0,0.0,1,1,1,0,1,5,2,15,2,2
914,1,1,0.0,0.0,1,0,0,0,0,1,2,1,7,3
922,1,0,1.0,0.0,0,0,1,0,1,1,1,3,5,3
924,1,1,0.0,1.0,1,0,0,1,1,4,2,5,10,4
925,1,1,0.0,1.0,1,1,1,1,1,4,2,1,6,2
934,1,1,1.0,1.0,1,0,0,1,0,5,2,3,12,4
935,1,1,0.0,1.0,1,0,0,0,1,4,2,5,9,4
943,1,1,0.0,0.0,1,1,1,0,0,3,2,1,2,2
944,1,1,1.0,0.0,1,0,0,1,0,4,1,3,3,3
946,1,0,0.0,0.0,1,0,0,1,0,1,2,3,8,3
947,1,1,0.0,0.0,1,0,0,1,0,2,1,12,7,3
954,1,1,1.0,1.0,1,0,0,0,1,6,2,4,10,4
961,1,1,0.0,0.0,1,0,0,1,1,2,2,1,8,4
962,1,1,0.0,0.0,1,1,0,0,1,4,2,0,0,1
965,1,1,0.0,1.0,1,0,0,0,1,1,2,0,3,4
970,1,1,0.0,0.0,1,0,0,1,0,1,2,5,8,3
971,1,0,0.0,0.0,1,0,0,0,0,4,2,2,3,4
974,1,1,1.0,0.0,1,0,0,1,0,2,2,4,8,4
980,1,0,0.0,0.0,1,0,0,1,1,4,1,1,0,4
981,1,1,0.0,,1,0,0,1,1,2,2,0,5,4
984,1,0,0.0,1.0,1,1,1,1,1,4,1,20,10,2
985,1,0,1.0,0.0,1,0,0,1,0,1,1,0,10,4
988,1,0,0.0,0.0,1,1,1,1,1,3,2,6,15,1
989,1,1,1.0,1.0,1,1,1,1,1,2,2,8,5,1
998,1,0,0.0,0.0,0,0,1,1,1,1,1,3,0,3
1002,1,1,0.0,0.0,1,0,0,0,0,2,1,12,0,4
1005,1,1,0.0,0.0,1,0,1,1,0,1,2,10,3,2
1007,1,1,1.0,0.0,1,0,0,1,0,5,2,3,8,4
1009,1,1,0.0,0.0,1,0,0,1,1,6,2,5,13,3
1011,1,1,1.0,0.0,0,1,0,1,1,6,2,14,10,3
1013,1,1,0.0,1.0,1,0,0,0,0,6,2,0,11,4
1015,1,0,,0.0,1,0,1,0,0,3,1,5,4,4
1016,1,0,0.0,1.0,1,0,0,1,1,3,1,0,2,4
1018,1,1,0.0,0.0,1,0,0,0,0,4,2,0,6,4
1026,1,1,0.0,0.0,1,0,1,0,0,4,1,4,10,3
1032,1,1,1.0,0.0,1,0,0,0,0,1,2,2,5,4
1034,1,1,1.0,0.0,1,1,0,0,1,6,1,6,3,2
1038,1,1,0.0,0.0,1,1,1,0,0,1,2,10,5,2
1040,1,1,0.0,1.0,1,0,1,1,1,3,1,20,0,3
1042,1,0,0.0,1.0,1,1,1,0,0,3,2,3,3,2
1046,1,1,1.0,0.0,1,1,1,1,1,3,2,13,25,1
1050,1,1,0.0,0.0,1,0,1,0,1,2,2,5,8,1
1051,1,1,0.0,0.0,1,0,0,1,1,2,2,3,16,4
1056,1,1,0.0,0.0,0,1,1,1,1,3,2,2,2,1
1058,1,1,1.0,0.0,1,0,0,0,0,1,1,10,8,3
1062,1,1,1.0,0.0,1,1,0,0,1,3,2,2,10,2
1075,1,1,0.0,0.0,1,0,0,1,0,3,1,1,7,4
1077,1,0,0.0,0.0,1,1,0,1,1,2,2,0,10,3
1081,1,1,1.0,0.0,1,1,1,0,0,2,2,15,7,2
1082,1,1,1.0,0.0,1,1,0,0,0,1,2,5,20,1
1088,1,1,0.0,0.0,0,1,0,0,0,1,1,0,0,3
1089,1,1,0.0,0.0,1,1,0,0,1,5,2,5,2,3
1095,1,1,0.0,1.0,1,0,0,1,1,5,1,1,9,3
1097,1,0,0.0,1.0,1,0,0,1,1,6,2,8,15,3
1102,1,1,1.0,0.0,1,0,0,1,0,3,2,10,1,4
1106,1,0,0.0,0.0,1,0,0,0,1,1,2,5,10,4
1108,1,1,1.0,0.0,1,1,0,1,1,2,2,3,5,2
1111,1,1,1.0,0.0,1,0,0,0,1,1,1,10,15,3
1128,1,0,,1.0,0,1,0,0,1,4,1,20,28,2
1131,1,1,0.0,0.0,1,1,1,1,1,3,2,10,4,1
1135,1,1,,0.0,1,0,0,0,1,1,1,4,23,3
1141,1,1,1.0,0.0,1,0,0,0,0,2,1,8,2,4
1145,1,0,0.0,0.0,1,1,1,0,0,6,1,5,9,2
1147,1,1,0.0,0.0,1,1,1,1,0,6,2,4,12,1
1148,1,1,1.0,1.0,1,1,0,1,1,5,2,2,20,3
1149,1,1,1.0,1.0,0,1,1,0,0,5,1,5,5,2
1151,1,1,0.0,,0,1,1,0,0,1,1,20,2,1
1152,1,0,0.0,0.0,1,1,1,0,1,4,1,16,5,1
1164,1,1,0.0,0.0,1,1,1,1,1,2,1,4,5,2
1167,1,1,0.0,1.0,0,1,1,0,1,1,2,9,10,2
1170,1,1,1.0,0.0,1,0,0,0,0,1,2,0,15,4
1176,1,0,0.0,0.0,1,0,0,1,1,5,2,5,3,3
1178,1,1,1.0,0.0,1,1,0,0,0,5,1,82,8,1
1179,1,1,0.0,0.0,1,1,1,1,1,3,1,10,15,1
1191,1,0,0.0,1.0,1,0,0,1,1,1,1,3,20,3
1196,1,1,0.0,1.0,1,0,0,1,1,6,1,0,16,4
1197,1,1,1.0,0.0,1,0,0,0,0,4,1,4,10,3
1198,1,1,1.0,1.0,1,0,0,0,0,6,1,5,15,4
1210,1,1,1.0,1.0,0,0,0,0,0,4,1,0,5,4
1216,1,1,0.0,0.0,1,0,0,0,1,1,1,3,0,3
1218,1,1,0.0,0.0,1,1,0,1,0,6,2,1,2,1
1236,1,1,,0.0,1,1,1,0,1,6,1,10,2,2
1237,1,1,0.0,0.0,1,0,0,0,1,2,2,8,18,4
1240,1,1,0.0,0.0,1,0,0,1,1,1,2,0,29,4
1243,1,1,0.0,0.0,1,0,1,1,1,3,2,6,3,3
1245,1,1,0.0,0.0,1,0,0,0,1,1,2,0,7,4
1249,1,1,1.0,0.0,1,0,0,0,1,4,2,2,7,4
1253,1,0,,0.0,1,1,0,0,0,4,2,2,10,2
1256,1,1,,0.0,1,1,1,0,1,4,2,20,20,1
1258,1,1,0.0,1.0,1,0,0,0,1,5,1,10,6,4
1260,1,1,0.0,0.0,1,0,0,1,1,4,2,0,3,4
1262,1,1,1.0,0.0,1,1,0,1,1,6,1,4,2,2
1267,1,1,0.0,0.0,1,1,0,0,1,2,2,0,15,3
1275,1,0,0.0,0.0,1,0,0,0,1,3,1,5,8,3
1278,1,1,0.0,,1,1,0,0,0,1,2,0,3,2
1280,1,1,,0.0,0,1,0,0,0,4,2,6,22,3
1285,1,1,0.0,0.0,1,0,0,0,1,2,2,2,5,4
1286,1,1,0.0,,1,1,1,0,1,2,1,5,3,1
1289,1,1,0.0,0.0,0,0,0,0,0,2,1,0,5,2
1290,1,1,0.0,0.0,1,0,0,1,1,1,2,0,5,4
1302,1,1,0.0,1.0,0,0,0,0,0,6,1,5,1,3
1310,1,1,0.0,0.0,1,0,0,0,1,1,2,2,8,4
1312,1,1,1.0,0.0,1,1,0,1,1,3,2,10,3,2
1314,1,1,0.0,0.0,1,0,0,1,1,5,2,2,8,4
1317,1,1,0.0,1.0,1,0,0,0,1,4,2,5,1,4
1322,1,1,0.0,0.0,1,0,0,1,1,2,1,10,5,4
1325,1,1,1.0,0.0,1,0,0,0,0,1,2,3,12,3
1327,1,1,1.0,0.0,1,1,1,1,1,2,1,14,24,1
1328,1,1,1.0,1.0,1,0,1,0,0,4,2,10,15,2
1330,1,1,0.0,0.0,0,0,0,1,0,1,1,5,3,3
1335,1,1,1.0,0.0,1,0,0,0,0,2,2,5,20,4
1336,1,1,0.0,0.0,1,0,0,0,1,2,2,5,12,4
1338,1,0,1.0,0.0,1,0,0,0,0,1,2,6,2,4
1341,1,0,0.0,1.0,0,1,0,0,1,6,1,4,2,3
1342,1,1,0.0,0.0,1,1,0,0,1,2,1,0,5,3
1344,1,1,0.0,0.0,1,1,1,0,0,4,1,5,10,2
1348,1,1,0.0,0.0,0,1,1,0,0,2,1,30,18,1
1350,1,1,0.0,0.0,1,0,1,0,0,5,2,2,2,3
1352,1,1,0.0,0.0,1,1,1,1,1,6,2,30,5,1
1354,1,1,1.0,0.0,1,1,0,0,1,6,2,10,5,1
1355,1,1,0.0,0.0,1,0,0,0,1,6,2,0,5,4
1356,1,1,0.0,0.0,1,1,1,1,1,2,1,3,5,2
1360,1,0,1.0,0.0,1,0,0,1,1,2,2,1,6,3
1361,1,1,0.0,0.0,1,0,0,0,0,1,2,2,6,4
1362,1,0,1.0,0.0,1,1,0,0,1,3,1,6,5,2
1365,1,0,0.0,1.0,0,0,0,0,1,4,1,0,8,3
1368,1,1,0.0,0.0,0,0,0,1,0,6,1,0,6,4
1369,1,1,0.0,0.0,1,1,0,1,1,5,1,5,7,1
1375,1,1,1.0,0.0,1,1,0,1,1,3,2,8,8,2
1376,1,1,0.0,0.0,1,0,1,0,0,5,2,0,5,1
1381,1,1,1.0,0.0,1,0,0,0,0,1,1,10,0,4
1382,1,0,0.0,0.0,1,1,1,1,1,2,1,8,2,1
1383,1,1,1.0,0.0,1,0,0,0,0,1,2,2,3,4
1384,1,1,1.0,,1,0,0,1,1,1,2,20,15,3
1387,1,1,0.0,0.0,1,0,0,1,0,5,2,2,4,3
1388,1,0,1.0,0.0,1,1,0,0,1,2,2,10,8,3
1392,1,0,0.0,0.0,1,0,0,1,1,1,2,3,17,3
1393,1,1,0.0,0.0,1,0,1,0,1,4,2,6,8,3
1396,1,0,0.0,1.0,1,1,1,1,0,2,2,3,2,2
1397,1,1,0.0,0.0,1,0,0,0,1,3,2,0,2,4
1399,1,1,0.0,0.0,1,1,1,0,1,1,2,0,4,1
1404,1,1,0.0,1.0,0,0,0,0,1,3,2,2,10,4
1405,1,1,,0.0,0,0,0,1,1,4,2,0,5,4
1423,1,1,0.0,0.0,1,1,1,0,1,5,2,5,3,2
1429,1,1,1.0,0.0,1,1,0,1,1,1,2,20,4,1
1432,1,1,0.0,0.0,1,0,0,1,1,4,2,2,12,4
1434,1,1,1.0,0.0,1,0,0,1,1,4,2,0,10,4
1447,1,1,0.0,0.0,1,1,1,0,0,3,2,3,12,2
1448,1,1,0.0,0.0,1,1,0,0,1,2,1,0,4,1
1451,1,1,0.0,1.0,1,1,1,1,1,5,2,0,3,2
1456,1,1,0.0,0.0,1,1,0,1,1,5,1,3,1,2
1460,1,1,1.0,0.0,1,0,0,1,1,2,1,3,10,4
1470,1,1,0.0,0.0,1,1,0,1,1,3,2,15,11,3
1472,1,1,1.0,0.0,1,0,0,0,1,5,1,5,7,2
1476,1,1,1.0,0.0,0,0,0,1,1,3,1,10,4,3
1477,1,1,1.0,0.0,1,0,0,0,1,3,1,15,3,4
1483,1,1,0.0,1.0,1,0,0,1,1,1,2,10,7,4
1486,1,1,1.0,0.0,1,0,0,1,1,6,1,0,2,4
1490,1,1,1.0,1.0,1,1,0,0,1,6,2,5,20,2
1491,1,1,0.0,0.0,1,1,1,0,1,3,1,20,25,2
1493,1,1,0.0,0.0,1,0,0,0,1,1,2,0,10,3
1498,1,1,,,1,1,0,1,0,2,1,0,3,1
1499,1,1,0.0,0.0,1,1,1,1,1,5,1,2,8,2
1501,1,1,1.0,1.0,0,0,1,1,1,5,1,8,12,3
1505,1,1,1.0,0.0,0,1,0,0,1,5,1,0,4,3
1510,1,1,1.0,1.0,0,0,0,0,0,6,2,0,15,4
1513,1,1,0.0,0.0,1,1,1,0,0,6,2,20,5,2
1515,1,1,0.0,0.0,0,1,1,0,1,2,1,2,10,3
1526,1,1,1.0,1.0,0,1,1,1,1,4,1,8,20,1
1532,1,0,,0.0,1,0,0,1,1,4,2,0,0,4
1534,1,1,0.0,0.0,1,1,0,0,1,5,2,8,10,1
1538,1,1,1.0,0.0,1,0,0,1,1,3,1,3,5,4
1544,0,1,1.0,1.0,0,0,0,0,1,3,2,3,21,4
1545,0,1,1.0,1.0,0,1,0,1,0,4,2,0,18,2
1547,0,1,0.0,0.0,1,0,0,0,0,1,2,0,20,4
1548,0,1,0.0,0.0,1,1,0,1,1,2,2,2,2,1
1551,0,1,0.0,1.0,0,0,0,1,1,1,2,10,8,4
1552,0,1,0.0,1.0,1,0,0,1,1,3,2,1,8,4
1553,0,1,1.0,0.0,1,1,1,1,1,3,2,10,10,2
1556,0,1,1.0,1.0,1,0,1,0,1,2,2,3,15,3
1559,0,0,0.0,1.0,1,1,1,1,1,4,2,4,3,2
1561,0,1,0.0,0.0,1,0,1,1,1,2,1,0,8,3
1563,0,1,0.0,0.0,1,0,0,1,1,1,2,1,21,4
1564,0,1,0.0,0.0,1,0,1,0,1,4,1,14,2,3
1565,0,1,1.0,1.0,0,1,0,0,0,4,2,5,12,2
1567,0,1,1.0,1.0,1,0,0,1,0,1,2,3,10,4
1570,0,1,0.0,0.0,1,0,0,0,0,3,1,0,2,3
1571,0,1,0.0,0.0,1,0,1,1,0,6,2,0,1,4
1572,0,1,0.0,1.0,1,0,0,1,1,4,2,2,6,3
1574,0,1,0.0,0.0,1,0,0,0,1,1,2,3,5,4
1575,0,1,1.0,1.0,1,0,0,0,1,2,1,15,2,3
1576,0,1,0.0,0.0,1,0,0,0,1,3,2,0,2,4
1578,0,0,0.0,0.0,1,0,0,0,1,5,2,1,1,4
1579,0,1,0.0,0.0,1,0,0,1,1,2,2,3,3,4
1581,0,1,0.0,0.0,1,1,1,0,1,3,1,3,2,2
1585,0,0,0.0,0.0,1,0,0,1,1,1,2,2,10,4
1588,0,1,0.0,0.0,1,1,0,0,0,3,2,0,25,1
1589,0,1,1.0,1.0,1,0,0,1,1,4,2,4,14,4
1591,0,1,0.0,1.0,1,0,0,0,0,5,2,0,10,4
1595,0,1,0.0,0.0,1,0,0,0,1,1,2,15,4,3
1597,0,1,0.0,0.0,1,1,1,0,0,6,1,1,22,1
1599,0,1,1.0,0.0,1,0,0,0,1,1,2,3,10,3
1600,0,1,0.0,0.0,0,0,0,0,1,5,2,2,0,3
1602,0,1,0.0,0.0,1,1,1,1,0,2,1,6,3,1
1607,0,1,0.0,0.0,0,1,1,1,1,4,1,11,10,1
1608,0,1,0.0,0.0,1,0,0,0,0,4,2,7,0,4
1610,0,1,0.0,0.0,1,1,0,0,0,2,1,3,10,1
1611,0,1,0.0,0.0,1,1,0,0,0,1,2,2,0,3
1614,0,1,1.0,0.0,1,0,0,1,1,2,1,3,15,4
1616,0,0,1.0,0.0,1,0,0,1,1,2,1,0,10,4
1618,0,0,0.0,0.0,1,0,0,0,1,3,1,1,5,4
1620,0,0,0.0,0.0,1,0,0,1,1,1,2,1,2,4
1621,0,1,0.0,0.0,1,0,0,0,0,1,2,3,6,2
1626,0,1,0.0,0.0,1,0,0,0,1,2,2,1,8,4
1627,0,0,0.0,0.0,1,0,0,1,1,4,1,0,0,4
1630,0,0,0.0,1.0,1,0,0,1,1,5,2,0,7,4
1633,0,1,0.0,0.0,1,0,0,1,1,2,2,2,15,4
1634,0,1,0.0,0.0,1,1,0,1,0,1,2,3,5,3
1636,0,1,0.0,0.0,1,0,0,1,1,1,1,2,3,4
1638,0,1,1.0,1.0,0,1,0,0,0,4,2,3,4,2
1639,0,1,0.0,0.0,1,0,0,0,0,4,2,3,5,4
1642,0,1,0.0,0.0,0,0,0,1,1,3,2,5,15,4
1643,0,1,0.0,0.0,1,0,0,0,1,5,1,3,5,4
1646,0,1,0.0,0.0,1,1,0,0,0,2,1,2,2,3
1649,0,1,1.0,1.0,1,0,0,0,1,4,2,0,2,4
1655,0,1,0.0,0.0,1,0,0,0,0,1,2,2,4,4
1657,0,1,0.0,0.0,1,0,0,0,1,1,1,0,15,4
1660,0,1,1.0,0.0,1,0,0,0,0,6,2,17,17,3
1661,0,1,0.0,1.0,1,0,0,1,1,2,2,3,8,4
1662,0,1,0.0,1.0,1,0,0,1,1,6,2,3,8,3
1664,0,1,,0.0,1,1,0,0,0,1,2,5,30,2
1665,0,1,0.0,0.0,1,0,0,1,1,2,2,2,8,4
1666,0,0,0.0,0.0,1,1,1,1,1,2,1,1,2,1
1667,0,1,0.0,0.0,1,0,0,1,1,4,2,5,10,4
1668,0,1,0.0,,1,0,0,1,1,2,2,0,4,4
1669,0,1,0.0,1.0,1,1,1,0,0,1,2,6,2,1
1671,0,1,0.0,1.0,1,0,0,1,1,3,2,4,1,3
1675,0,1,1.0,0.0,0,1,1,0,0,3,1,4,10,2
1676,0,1,1.0,0.0,1,1,0,0,1,2,1,4,0,3
1678,0,1,0.0,0.0,1,0,0,1,1,1,2,10,15,3
1679,0,0,1.0,0.0,1,0,0,0,1,3,1,3,12,4
1682,0,0,0.0,0.0,1,0,0,1,1,5,2,4,5,3
1687,0,1,0.0,0.0,1,0,0,0,0,2,2,6,6,4
1690,0,1,1.0,0.0,0,0,0,1,1,1,2,2,2,4
1691,0,1,1.0,1.0,1,0,0,1,1,1,2,2,5,4
1693,0,1,0.0,0.0,1,0,0,1,0,2,2,10,10,4
1694,0,1,0.0,0.0,1,0,0,1,0,2,2,11,5,4
1695,0,1,0.0,0.0,1,1,1,1,1,2,2,2,12,1
1696,0,1,0.0,0.0,1,1,1,1,1,1,1,2,19,1
1698,0,1,0.0,1.0,0,0,0,0,1,1,2,5,0,4
1699,0,0,0.0,0.0,1,1,1,1,1,4,2,10,8,1
1701,0,1,0.0,0.0,1,0,0,1,1,4,2,4,10,4
1702,0,1,0.0,1.0,1,0,0,0,1,4,2,0,3,3
1703,0,0,0.0,0.0,1,0,1,0,1,3,1,4,7,3
1706,0,1,1.0,0.0,1,1,0,0,1,2,2,10,5,1
1709,0,1,0.0,0.0,1,0,1,1,1,1,2,25,7,4
1711,0,0,0.0,0.0,0,0,1,0,0,3,1,4,4,2
1714,0,0,,1.0,1,0,0,1,1,2,2,0,0,4
1715,0,1,0.0,0.0,1,1,0,1,0,4,1,5,5,2
1716,0,1,1.0,0.0,1,0,0,1,0,3,2,5,6,3
1717,0,1,0.0,1.0,1,1,0,0,1,3,2,1,2,2
1718,0,1,1.0,0.0,1,0,0,0,1,3,2,3,5,4
1719,0,1,0.0,0.0,1,0,0,0,1,1,2,10,4,4
1720,0,0,0.0,1.0,1,0,0,1,1,3,1,5,15,4
1723,0,0,1.0,0.0,0,0,0,1,0,2,1,2,12,4
1724,0,1,0.0,0.0,1,0,0,0,1,2,1,2,4,3
1727,0,1,0.0,0.0,1,0,0,0,1,1,2,2,0,3
1729,0,1,0.0,0.0,1,0,0,0,1,1,2,2,7,4
1731,0,1,0.0,0.0,1,1,0,0,1,2,1,0,5,2
1734,0,1,1.0,0.0,1,1,0,1,0,6,2,5,5,2
1735,0,1,0.0,0.0,1,0,1,0,1,1,2,10,15,1
1737,0,1,0.0,0.0,1,0,0,1,1,3,2,1,4,4
1739,0,1,0.0,0.0,1,0,0,1,1,1,1,2,15,4
1741,0,1,0.0,0.0,1,1,0,1,1,3,1,2,3,3
1742,0,1,0.0,1.0,1,0,1,0,1,6,2,2,10,3
1743,0,1,1.0,0.0,1,1,0,0,1,3,2,4,5,4
1744,0,1,1.0,1.0,1,0,0,0,0,3,2,10,10,4
1745,0,0,0.0,0.0,1,1,0,1,1,2,2,2,12,2
1746,0,1,0.0,0.0,1,0,0,0,0,3,2,4,8,4
1747,0,1,1.0,0.0,1,0,0,1,0,1,1,4,3,3
1750,0,1,1.0,1.0,0,0,0,0,1,1,1,2,15,3
1752,0,1,0.0,0.0,1,0,0,1,0,3,1,2,6,4
1756,0,1,1.0,0.0,1,1,1,0,1,1,2,0,13,1
1757,0,1,1.0,0.0,1,1,0,0,1,1,2,0,10,2
1758,0,1,1.0,1.0,1,0,0,0,1,6,2,2,3,4
1761,0,1,0.0,0.0,1,0,0,0,1,1,2,3,15,4
1764,0,1,0.0,0.0,1,0,0,1,1,2,2,2,10,4
1765,0,1,0.0,0.0,1,0,0,1,0,1,1,5,2,4
1767,0,1,0.0,0.0,1,0,0,1,1,6,2,1,4,4
1769,0,1,0.0,0.0,1,0,0,1,1,6,2,0,2,4
1770,0,1,0.0,0.0,1,0,0,1,1,2,2,0,3,3
1773,0,1,0.0,0.0,1,0,0,1,1,2,2,3,1,4
1774,0,1,0.0,0.0,1,1,0,0,1,2,2,0,5,3
1775,0,1,0.0,0.0,1,0,0,1,0,4,1,3,10,3
1777,0,1,0.0,0.0,0,1,0,1,1,2,2,0,10,1
1778,0,1,1.0,0.0,1,0,0,0,0,1,2,0,20,3
1780,0,1,1.0,0.0,1,0,0,1,1,2,2,3,14,4
1781,0,1,0.0,0.0,1,0,0,0,0,6,2,5,2,2
1782,0,1,0.0,0.0,1,1,0,1,1,2,2,0,10,2
1783,0,1,0.0,0.0,1,0,0,0,1,1,2,4,5,4
1786,0,1,0.0,0.0,1,0,0,1,1,2,2,8,12,4
1787,0,1,0.0,0.0,1,1,0,0,0,1,2,0,4,2
1789,0,1,0.0,0.0,1,1,1,0,1,3,2,0,5,1
1791,0,1,0.0,0.0,1,0,0,0,0,1,2,0,0,4
1792,0,1,0.0,1.0,1,0,0,1,1,4,2,3,10,4
1795,0,1,1.0,0.0,1,0,0,0,0,3,2,15,3,4
1796,0,1,1.0,0.0,1,0,1,1,1,2,2,3,15,3
1798,0,1,1.0,1.0,1,0,0,1,0,5,1,1,10,3
1803,0,1,0.0,1.0,1,1,1,1,1,2,2,6,10,2
1804,0,1,0.0,0.0,1,1,1,0,0,5,1,1,0,2
1805,0,0,1.0,1.0,1,0,0,1,1,1,2,1,10,4
1806,0,1,,0.0,0,1,0,0,0,3,2,5,8,1
1809,0,1,0.0,0.0,1,0,0,0,1,2,2,0,10,4
1810,0,1,0.0,0.0,1,0,0,1,1,4,2,10,10,4
1811,0,1,0.0,0.0,1,0,0,1,0,1,2,3,10,4
1812,0,1,0.0,0.0,1,0,0,0,0,1,1,2,10,3
1814,0,1,0.0,0.0,1,0,0,0,0,1,2,0,4,4
1817,0,1,0.0,0.0,1,1,0,0,0,3,2,0,20,4
1818,0,1,1.0,1.0,0,0,0,0,1,1,2,15,25,3
1819,0,1,0.0,0.0,1,0,0,0,0,1,2,8,4,4
1820,0,0,1.0,1.0,0,0,0,0,1,4,1,2,12,4
1822,0,1,0.0,0.0,1,0,0,1,0,6,1,2,4,3
1824,0,1,0.0,0.0,1,0,0,0,1,3,2,20,1,4
1825,0,1,0.0,0.0,1,0,0,0,1,6,2,2,5,4
1826,0,1,1.0,0.0,1,1,1,1,1,3,2,5,6,2
1827,0,1,0.0,0.0,1,1,0,0,1,4,2,0,5,1
1829,0,1,0.0,0.0,1,0,0,0,1,1,2,2,3,4
1831,0,1,0.0,0.0,1,0,0,0,0,1,2,0,8,4
1833,0,1,1.0,1.0,1,0,0,1,1,4,2,2,10,4
1836,0,1,1.0,0.0,1,0,0,1,1,3,2,3,3,4
1838,0,1,0.0,0.0,1,0,0,0,0,1,2,25,10,3
1839,0,1,0.0,0.0,1,0,0,1,1,4,1,0,2,3
1842,0,1,1.0,0.0,1,0,0,0,0,1,2,3,6,4
1845,0,1,0.0,0.0,1,0,0,0,1,3,2,1,6,4
1846,0,1,0.0,0.0,1,0,0,1,1,1,2,5,2,4
1847,0,0,0.0,0.0,1,0,0,0,0,1,1,4,30,3
1848,0,1,1.0,1.0,0,0,0,1,0,1,2,0,6,3
1852,0,1,1.0,1.0,1,1,0,1,1,2,2,6,4,2
1855,0,0,0.0,1.0,0,0,0,0,0,1,2,5,4,3
1862,0,0,0.0,0.0,1,1,1,0,1,1,1,4,4,2
1864,0,1,0.0,0.0,1,1,0,0,1,1,2,6,2,1
1866,0,0,0.0,0.0,1,0,0,1,1,3,2,2,6,4
1867,0,1,0.0,0.0,0,0,0,1,1,3,1,2,10,4
1868,0,1,0.0,0.0,1,0,0,1,0,2,2,0,5,4
1869,0,1,0.0,0.0,1,0,0,1,1,2,2,0,18,4
1870,0,0,0.0,1.0,1,0,0,0,1,1,2,1,10,4
1873,0,1,0.0,0.0,0,0,1,0,1,1,2,5,4,3
1877,0,1,0.0,1.0,1,1,0,0,0,6,2,3,2,2
1879,0,0,0.0,1.0,0,0,0,1,1,1,1,0,4,4
1881,0,0,0.0,0.0,1,0,0,1,1,6,2,8,3,4
1883,0,0,0.0,0.0,1,0,0,1,1,3,2,0,5,4
1885,0,1,1.0,0.0,1,0,1,0,0,2,2,10,8,3
1886,0,1,1.0,0.0,1,0,0,0,1,6,1,10,1,4
1889,0,0,0.0,0.0,1,0,0,0,1,5,2,2,8,4
1890,0,1,1.0,0.0,1,0,0,1,0,3,1,8,2,3
1891,0,1,1.0,1.0,1,1,1,0,1,6,1,5,5,1
1893,0,0,0.0,0.0,1,1,0,1,0,2,2,0,5,2
1894,0,1,1.0,0.0,1,0,0,1,0,3,2,0,3,4
1895,0,1,1.0,0.0,1,0,0,1,1,5,2,2,15,4
1896,0,1,0.0,0.0,1,0,0,0,0,1,2,4,10,3
1897,0,1,1.0,0.0,1,0,0,0,0,2,1,10,6,2
1898,0,1,1.0,0.0,1,0,0,1,0,3,2,3,30,4
1899,0,1,0.0,0.0,1,0,0,1,1,2,1,2,3,4
1901,0,1,0.0,0.0,1,0,1,0,1,1,1,0,10,3
1903,0,1,0.0,0.0,1,0,0,1,1,3,2,3,7,4
1905,0,1,1.0,0.0,1,0,0,0,0,1,2,2,6,2
1907,0,1,,0.0,1,1,0,1,1,1,2,5,10,2
1909,0,1,0.0,0.0,1,0,0,1,1,4,2,0,5,4
1910,0,1,1.0,0.0,1,0,0,0,1,6,2,2,4,4
1911,0,1,1.0,0.0,1,0,0,1,1,3,1,1,4,3
1912,0,1,0.0,0.0,1,0,0,1,1,6,2,2,1,4
1913,0,1,0.0,0.0,1,0,0,1,0,1,2,2,8,4
1917,0,1,0.0,0.0,1,0,0,0,0,2,1,1,8,4
1919,0,1,1.0,0.0,1,0,0,0,1,3,2,7,12,2
1920,0,1,1.0,0.0,1,1,0,1,1,2,2,3,10,1
1922,0,0,1.0,0.0,1,0,0,1,1,5,2,2,2,4
1924,0,1,0.0,0.0,1,1,1,1,1,3,1,15,5,1
1925,0,1,1.0,0.0,1,0,0,1,1,1,2,0,5,4
1927,0,1,0.0,0.0,1,0,1,0,0,2,2,2,0,2
1928,0,0,0.0,0.0,1,0,0,0,1,6,2,9,15,4
1929,0,1,1.0,0.0,1,0,0,1,0,3,1,9,8,2
1931,0,1,1.0,0.0,0,0,0,0,1,2,2,3,10,3
1936,0,1,0.0,0.0,1,0,0,1,0,2,2,4,7,4
1937,0,1,0.0,0.0,1,0,0,1,1,1,2,8,7,4
1938,0,1,0.0,0.0,0,0,0,1,1,1,2,0,8,4
1939,0,1,0.0,0.0,1,1,1,1,1,4,1,4,3,1
1942,0,1,1.0,0.0,1,0,0,0,0,3,2,3,6,4
1943,0,0,0.0,0.0,1,0,0,0,1,4,2,1,2,4
1944,0,1,0.0,0.0,1,0,0,1,0,2,1,7,2,4
1947,0,0,0.0,0.0,1,0,0,0,1,2,2,0,25,4
1950,0,1,0.0,0.0,1,0,0,0,1,1,2,4,30,4
1955,0,1,0.0,1.0,1,0,0,1,1,2,2,10,2,3
1956,0,1,0.0,0.0,1,0,0,0,1,1,2,3,10,4
1958,0,1,0.0,0.0,1,0,1,0,1,2,1,2,6,3
1959,0,1,0.0,0.0,1,0,0,1,1,2,2,2,10,4
1960,0,0,0.0,0.0,1,0,0,0,0,2,2,0,10,4
1962,0,1,0.0,0.0,1,0,0,1,1,5,2,10,20,4
1963,0,1,0.0,0.0,1,0,0,0,1,1,2,5,15,4
1964,0,1,,0.0,1,0,0,1,0,2,2,0,10,4
1966,0,1,1.0,0.0,1,0,0,0,1,1,2,1,7,4
1967,0,1,1.0,1.0,1,0,0,1,0,2,2,0,2,4
1968,0,0,,1.0,1,0,0,0,1,3,2,7,5,4
1969,0,1,0.0,0.0,1,1,0,1,1,1,2,5,12,2
1971,0,1,1.0,0.0,1,1,0,0,1,5,2,1,10,1
1975,0,1,0.0,1.0,1,0,0,1,1,4,2,0,4,4
1976,0,1,0.0,0.0,1,0,0,1,0,1,2,1,9,4
1979,0,1,1.0,0.0,1,0,0,0,1,2,2,1,12,4
1980,0,1,0.0,0.0,1,0,0,1,0,3,1,5,20,4
1981,0,1,0.0,1.0,1,1,1,1,0,3,1,5,6,2
1985,0,1,0.0,1.0,1,0,0,1,1,3,2,4,20,4
1986,0,1,0.0,0.0,1,0,0,0,0,4,2,4,10,4
1987,0,1,1.0,0.0,1,0,0,0,0,3,2,5,5,3
1989,0,1,1.0,0.0,1,0,0,1,1,1,2,0,6,4
1990,0,1,,0.0,1,0,0,1,1,1,2,0,2,4
1994,0,1,,1.0,1,1,0,1,1,3,2,15,25,2
1996,0,1,,1.0,1,0,0,1,1,6,2,7,2,4
1997,0,1,1.0,0.0,1,0,0,1,0,5,2,4,5,3
1998,0,1,0.0,0.0,1,0,1,1,0,4,2,0,1,4
2002,0,0,1.0,0.0,1,1,0,0,1,4,1,10,6,3
2003,0,1,0.0,0.0,1,1,1,0,0,1,2,1,2,1
2005,0,1,0.0,0.0,1,0,0,1,0,1,1,0,12,4
2007,0,1,0.0,0.0,1,0,1,1,1,1,1,5,16,4
2010,0,1,1.0,0.0,1,1,0,0,0,2,1,0,10,2
2011,0,1,1.0,0.0,1,0,1,1,1,6,2,2,10,3
2012,0,1,0.0,0.0,1,0,0,1,0,1,1,4,3,4
2015,0,1,0.0,0.0,1,0,0,0,1,3,2,1,12,4
2016,0,1,1.0,0.0,1,0,0,1,1,5,2,0,7,4
2017,0,1,0.0,0.0,1,0,0,1,1,1,2,2,5,4
2020,0,1,0.0,1.0,1,0,0,1,1,3,2,2,6,3
2021,0,1,0.0,1.0,1,0,0,0,0,3,1,6,0,4
2024,0,1,0.0,0.0,1,0,0,1,1,2,2,2,25,4
2027,0,1,1.0,0.0,1,0,0,0,0,1,1,2,1,3
2028,0,1,1.0,1.0,1,1,1,1,0,1,1,3,10,2
2029,0,1,,0.0,1,0,0,1,1,3,2,0,2,3
2030,0,1,1.0,1.0,1,0,1,0,1,1,1,5,2,4
2034,0,1,0.0,0.0,1,0,1,0,0,4,2,8,0,3
2035,0,1,0.0,0.0,1,1,1,0,1,1,2,2,4,3
2038,0,1,0.0,0.0,1,0,0,0,1,1,2,3,6,4
2039,0,1,0.0,1.0,1,0,0,0,1,4,2,4,15,4
2040,0,0,0.0,0.0,1,0,0,1,1,5,2,0,8,4
2041,0,1,0.0,1.0,1,0,0,1,1,1,1,1,10,4
2042,0,1,0.0,,1,0,0,0,1,3,1,5,6,4
2043,0,1,1.0,0.0,1,0,1,0,1,2,2,15,5,3
2045,0,1,0.0,0.0,1,0,0,1,1,3,2,5,6,4
2046,0,1,,0.0,1,0,0,1,1,1,2,6,2,4
2049,0,1,0.0,0.0,1,0,0,1,0,5,2,5,11,4
2051,0,0,0.0,0.0,1,0,0,0,0,6,2,2,38,4
2053,0,1,1.0,1.0,1,0,0,1,1,6,1,2,5,3
2054,0,1,0.0,0.0,0,0,0,1,1,1,1,2,5,4
2056,0,0,1.0,0.0,1,1,1,0,1,2,1,6,10,2
2057,0,0,1.0,1.0,0,1,0,0,1,5,1,10,7,1
2059,0,1,0.0,0.0,1,1,1,0,1,3,1,5,0,1
2060,0,1,1.0,0.0,1,1,0,1,1,1,2,4,6,4
2061,0,1,1.0,0.0,0,0,1,0,1,1,1,0,15,3
2063,0,1,0.0,0.0,1,0,0,1,1,3,2,5,7,4
2067,0,1,0.0,1.0,0,0,0,1,0,3,2,3,9,4
2069,0,0,0.0,1.0,1,0,1,1,0,5,2,4,7,4
2071,0,1,1.0,0.0,1,0,0,1,1,2,2,6,12,4
2072,0,1,0.0,0.0,1,0,0,0,1,1,2,5,5,3
2073,0,1,1.0,0.0,0,1,1,0,1,2,1,2,5,1
2076,0,1,0.0,0.0,1,1,1,1,0,1,2,3,12,2
2078,0,1,1.0,0.0,1,0,0,0,0,2,1,0,2,4
2079,0,1,0.0,0.0,1,1,1,1,1,6,2,8,1,2
2080,0,0,0.0,0.0,1,1,1,1,1,1,1,5,16,2
2081,0,1,1.0,0.0,1,0,0,0,1,2,2,8,10,3
2084,0,1,1.0,0.0,1,0,0,1,1,1,2,2,5,3
2086,0,0,0.0,1.0,1,0,0,0,1,5,2,1,30,4
2090,0,0,0.0,1.0,1,0,0,1,1,4,1,0,4,4
2091,0,1,1.0,0.0,1,1,1,1,1,2,1,30,20,2
2092,0,1,0.0,0.0,1,0,0,0,1,6,2,3,6,4
2093,0,1,0.0,0.0,1,0,0,0,1,2,2,2,2,4
2095,0,1,0.0,0.0,1,0,0,0,1,5,2,2,4,4
2098,0,1,1.0,,0,1,0,1,1,2,1,5,3,2
2099,0,1,0.0,0.0,1,0,0,1,0,2,2,10,15,4
2100,0,0,0.0,1.0,1,1,0,0,1,2,2,4,8,1
2101,0,0,0.0,0.0,1,0,0,1,1,2,1,0,0,4
2105,0,1,,0.0,1,0,1,0,1,5,2,5,6,3
2108,0,1,0.0,0.0,1,0,0,1,1,2,2,1,5,4
2110,0,1,0.0,0.0,1,1,1,1,1,4,2,7,8,3
2111,0,1,0.0,1.0,1,0,0,0,1,1,1,15,8,3
2113,0,1,0.0,0.0,1,0,0,0,0,3,2,5,5,4
2114,0,1,0.0,0.0,1,0,0,1,1,3,2,8,6,4
2115,0,1,0.0,0.0,1,0,0,1,0,4,2,15,10,4
2118,0,1,0.0,0.0,1,0,0,0,0,2,2,2,15,4
2119,0,0,0.0,1.0,1,0,0,0,1,2,2,8,10,4
2120,0,0,0.0,0.0,1,0,0,0,1,2,2,0,12,4
2123,0,1,0.0,1.0,1,0,0,1,1,1,2,0,6,4
2124,0,1,0.0,0.0,1,0,0,1,1,3,1,0,3,4
2126,0,1,1.0,1.0,1,0,0,0,1,2,2,0,0,4
2127,0,0,0.0,0.0,0,1,1,0,1,4,1,8,4,2
2130,0,1,0.0,0.0,1,0,0,0,0,2,2,5,12,4
2133,0,0,0.0,0.0,1,0,0,0,0,3,2,2,17,4
2136,0,0,0.0,0.0,1,0,0,1,0,3,2,2,25,3
2137,0,1,1.0,0.0,1,1,1,0,0,3,2,5,5,1
2142,0,1,1.0,0.0,1,1,0,0,1,2,1,0,25,1
2143,0,1,1.0,0.0,1,1,0,1,1,4,1,3,8,1
2145,0,0,0.0,1.0,0,0,0,0,1,1,1,2,3,3
2146,0,1,0.0,0.0,1,0,0,1,0,2,2,3,12,4
2148,0,0,0.0,0.0,1,0,0,0,0,5,2,5,5,4
2150,0,1,0.0,0.0,1,0,0,0,0,2,2,0,2,4
2154,0,1,0.0,0.0,1,0,1,1,1,1,1,20,20,3
2156,0,0,0.0,0.0,1,0,0,0,1,5,1,0,15,4
2157,0,0,0.0,0.0,1,0,0,1,1,1,2,1,18,3
2159,0,1,,0.0,1,0,0,0,1,1,2,3,7,4
2160,0,1,0.0,0.0,1,0,1,1,0,5,2,4,4,3
2161,0,1,0.0,0.0,1,0,0,0,1,1,2,3,12,4
2162,0,1,1.0,0.0,1,0,0,1,1,1,1,10,4,3
2163,0,1,0.0,0.0,1,0,0,0,1,5,2,1,20,4
2164,0,1,0.0,0.0,1,0,0,1,1,2,2,2,15,4
2170,0,1,0.0,1.0,1,0,0,0,0,4,1,5,10,4
2176,0,1,0.0,1.0,1,0,0,0,0,4,2,20,8,3
2179,0,1,0.0,0.0,1,1,0,1,1,1,2,2,3,2
2181,0,1,0.0,0.0,1,0,0,0,0,4,2,0,15,4
2182,0,1,0.0,0.0,1,0,0,0,0,4,2,1,6,4
2184,0,1,1.0,0.0,0,1,1,1,0,4,1,5,6,2
2186,0,1,,0.0,1,1,0,0,0,2,1,7,10,2
2188,0,1,0.0,1.0,1,0,0,1,1,1,2,3,10,4
2190,0,0,0.0,0.0,1,0,0,0,0,1,2,2,15,4
2191,0,1,1.0,0.0,1,0,0,0,1,2,2,5,1,3
2193,0,1,1.0,1.0,1,0,0,0,1,3,2,5,5,3
2194,0,1,0.0,0.0,1,0,0,0,1,2,2,2,15,4
2195,0,1,0.0,0.0,1,0,0,1,1,3,2,0,8,4
2197,0,1,0.0,0.0,1,0,0,1,1,2,2,5,35,4
2198,0,1,1.0,0.0,1,0,0,1,1,1,2,0,6,4
2200,0,1,0.0,0.0,1,0,0,0,0,3,1,1,15,4
2203,0,0,0.0,0.0,0,0,0,0,1,1,2,2,22,4
2205,0,1,0.0,0.0,1,0,0,1,1,1,2,10,3,3
2206,0,1,0.0,1.0,1,0,0,1,1,5,2,2,5,4
2209,0,1,0.0,0.0,1,0,1,1,1,5,1,10,12,3
2210,0,0,,0.0,1,0,1,0,1,4,2,30,27,3
2211,0,1,1.0,0.0,1,1,0,0,0,1,1,15,10,2
2216,0,1,0.0,0.0,1,0,0,1,1,2,2,3,10,4
2219,0,1,0.0,0.0,1,0,0,1,1,2,2,2,17,4
2222,0,0,1.0,0.0,1,0,1,1,1,2,2,0,15,3
2225,0,1,1.0,1.0,1,0,0,1,1,2,1,0,8,4
2227,0,1,0.0,1.0,1,0,0,0,0,4,2,1,25,4
2228,0,1,0.0,0.0,1,0,0,0,0,3,2,1,10,4
2229,0,1,0.0,0.0,1,0,0,0,0,2,1,0,4,4
2232,0,1,1.0,0.0,1,0,0,1,1,3,2,0,8,4
2237,0,1,0.0,0.0,1,1,1,0,0,3,2,5,10,1
2238,0,1,0.0,0.0,1,1,1,0,0,5,1,0,6,2
2239,0,1,1.0,0.0,1,0,0,0,1,2,2,2,4,4
2242,0,1,0.0,0.0,1,0,0,1,1,1,2,10,2,3
2243,0,0,0.0,0.0,1,1,1,0,1,2,1,0,0,2
2244,0,1,1.0,0.0,1,0,0,1,1,3,2,2,10,3
2246,0,1,1.0,0.0,1,1,1,1,1,1,2,1,15,2
2247,0,1,0.0,0.0,1,0,0,0,1,1,2,2,6,4
2249,0,1,0.0,0.0,1,0,0,1,1,2,2,2,14,4
2250,0,0,1.0,1.0,1,0,0,1,1,5,1,0,4,3
2251,0,1,1.0,0.0,1,0,0,1,1,1,2,7,22,4
2252,0,0,0.0,0.0,1,0,0,1,1,4,2,3,4,4
2253,0,0,1.0,,0,0,0,1,1,4,1,1,5,3
2254,0,1,1.0,0.0,1,1,1,0,0,1,1,1,14,1
2257,0,1,0.0,0.0,1,1,1,0,1,4,1,0,5,2
2258,0,1,1.0,0.0,0,0,0,0,1,5,2,10,1,4
2260,0,1,0.0,1.0,0,0,0,1,1,6,2,14,2,3
2263,0,1,1.0,0.0,1,0,0,0,0,2,1,8,8,3
2266,0,1,1.0,0.0,1,1,0,0,1,3,2,20,2,3
2267,0,1,0.0,0.0,1,0,0,1,0,2,2,5,0,4
2268,0,0,0.0,0.0,1,1,1,0,1,3,2,40,40,2
2270,0,1,,0.0,0,0,0,1,1,3,2,0,5,4
2274,0,1,0.0,0.0,1,0,0,0,1,1,1,0,1,3
2275,0,1,0.0,0.0,0,0,0,1,1,1,2,3,15,4
2278,0,1,1.0,0.0,1,0,0,1,1,3,1,5,5,3
2282,0,0,0.0,0.0,0,0,0,1,1,1,2,0,8,4
2284,0,1,1.0,0.0,1,0,0,1,1,6,2,1,20,4
2285,0,1,0.0,0.0,1,0,0,0,0,1,2,0,10,4
2286,0,1,0.0,0.0,1,1,0,0,0,1,2,1,4,2
2289,0,1,0.0,0.0,1,1,1,0,0,1,2,25,15,1
2290,0,0,0.0,0.0,1,1,1,1,1,5,2,0,5,2
2291,0,1,1.0,0.0,1,0,0,0,0,2,2,0,20,4
2293,0,1,0.0,0.0,1,1,1,0,0,5,2,17,8,1
2294,0,1,,1.0,1,1,0,0,0,2,1,10,20,3
2296,0,1,1.0,0.0,1,0,0,1,1,3,2,0,10,3
2298,0,1,0.0,0.0,0,1,1,1,1,5,1,6,6,1
2299,0,0,0.0,0.0,1,0,0,1,0,4,2,1,10,4
2300,0,1,0.0,0.0,1,0,0,0,1,1,2,0,15,4
2301,0,1,1.0,0.0,1,0,0,1,0,1,2,13,27,4
2303,0,1,1.0,0.0,1,1,0,0,1,1,2,8,15,2
2307,0,1,0.0,0.0,1,0,0,0,1,1,1,8,10,3
2308,0,1,0.0,0.0,1,1,1,1,1,3,1,5,10,2
2313,0,1,0.0,0.0,1,0,0,1,1,3,2,0,8,3
2315,0,1,0.0,0.0,1,1,1,1,1,4,2,3,18,1
2317,0,0,0.0,0.0,1,0,0,1,0,1,2,3,15,2
2319,0,1,0.0,1.0,1,1,0,0,0,5,1,0,10,3
2321,0,1,0.0,0.0,1,0,0,1,0,4,2,0,8,4
2323,0,1,0.0,1.0,1,0,0,1,0,2,2,0,10,4
2324,0,1,0.0,0.0,1,0,0,0,1,1,2,1,10,4
2328,0,1,0.0,1.0,1,1,1,1,0,4,2,5,2,1
2333,0,1,,0.0,1,0,0,0,0,2,2,2,9,4
2334,0,1,0.0,0.0,1,0,0,1,1,5,2,2,5,4
2335,0,1,1.0,0.0,1,0,0,1,1,3,1,1,25,3
2337,0,1,0.0,0.0,1,0,0,0,1,1,2,7,10,4
2338,0,1,0.0,1.0,1,0,0,0,0,1,2,16,18,3
2339,0,1,0.0,0.0,1,0,0,1,1,2,2,0,10,4
2341,0,0,0.0,,0,0,0,0,0,1,1,10,6,4
2344,0,1,1.0,0.0,1,1,1,0,1,2,1,5,2,1
2350,0,1,1.0,0.0,1,1,0,1,1,2,1,10,11,1
2351,0,0,0.0,0.0,1,1,1,0,0,4,1,2,12,2
2352,0,1,0.0,1.0,0,0,0,1,0,2,2,2,21,4
2356,0,1,1.0,0.0,1,0,0,1,1,4,2,2,17,4
2358,0,1,1.0,0.0,1,1,0,0,1,1,2,5,12,2
2361,0,1,1.0,0.0,1,0,0,0,0,2,2,10,7,3
2362,0,1,0.0,0.0,1,0,0,0,0,2,2,2,12,4
2365,0,1,0.0,0.0,1,1,1,0,1,2,2,7,5,2
2367,0,0,1.0,0.0,1,1,1,1,0,6,1,1,3,2
2369,0,1,0.0,0.0,1,0,0,0,1,1,2,1,0,4
2370,0,1,0.0,0.0,1,0,0,0,1,2,1,2,1,4
2373,0,1,0.0,0.0,0,0,0,1,1,1,2,3,20,4
2374,0,1,0.0,0.0,1,0,0,0,1,2,2,10,5,4
2375,0,1,1.0,0.0,1,0,0,1,0,2,1,1,15,3
2376,0,1,0.0,0.0,1,0,0,0,1,3,2,4,5,2
2378,0,1,0.0,1.0,1,1,1,1,0,2,2,10,15,1
2380,0,1,0.0,0.0,1,0,0,1,1,2,2,2,8,4
2385,0,1,1.0,0.0,1,0,0,1,1,3,1,20,6,3
2387,0,1,1.0,0.0,0,0,0,1,0,2,1,0,0,3
2388,0,1,0.0,0.0,1,1,1,1,1,3,1,5,10,1
2390,0,1,0.0,0.0,1,0,0,0,1,2,1,0,5,4
2391,0,1,1.0,0.0,1,0,0,0,0,1,2,5,5,3
2397,0,1,0.0,0.0,1,0,0,0,1,2,2,30,3,3
2399,0,1,0.0,0.0,1,0,0,0,0,1,2,3,6,4
2402,0,1,1.0,0.0,1,1,1,0,1,3,1,10,5,2
2403,0,1,0.0,0.0,0,1,0,0,0,4,2,10,10,3
2404,0,0,0.0,1.0,1,0,0,1,0,2,2,0,0,4
2405,0,0,0.0,0.0,1,0,0,1,1,2,2,0,20,4
2407,0,1,0.0,0.0,0,0,0,0,0,1,1,25,4,3
2409,0,0,0.0,0.0,1,0,0,1,1,2,1,8,5,4
2414,0,1,0.0,0.0,1,1,0,0,1,1,2,2,10,1
2416,0,1,1.0,0.0,1,0,0,1,1,2,1,7,25,3
2418,0,1,1.0,0.0,1,0,0,0,1,1,2,3,6,4
2419,0,1,0.0,0.0,1,0,0,1,0,1,2,0,12,4
2420,0,1,0.0,0.0,1,0,0,1,1,5,2,0,5,4
2422,0,1,,0.0,1,1,0,1,1,3,1,10,10,1
2426,0,1,0.0,0.0,1,1,0,1,1,5,1,5,10,2
2428,0,1,0.0,0.0,1,0,0,1,1,1,2,2,8,4
2430,0,1,0.0,0.0,1,0,0,0,0,1,2,1,5,4
2431,0,1,0.0,0.0,1,0,0,0,0,1,2,3,8,4
2432,0,1,1.0,0.0,1,0,0,0,0,6,2,0,2,4
2436,0,1,0.0,0.0,1,0,0,1,1,3,1,1,10,4
2437,0,1,0.0,1.0,0,0,0,0,1,5,2,1,6,4
2439,0,1,0.0,0.0,0,0,0,1,1,6,1,20,4,3
2440,0,1,0.0,1.0,1,0,0,0,1,2,2,0,8,4
2441,0,1,0.0,1.0,1,0,0,1,1,3,2,2,5,4
2442,0,1,0.0,1.0,1,0,0,1,1,5,2,1,7,4
2444,0,1,0.0,0.0,1,1,0,0,1,4,1,5,5,1
2446,0,1,0.0,0.0,1,0,0,0,1,1,2,8,0,4
2447,0,1,0.0,1.0,1,1,0,0,0,2,1,2,10,4
2449,0,1,0.0,0.0,1,1,1,0,1,5,2,0,10,2
2450,0,1,1.0,0.0,1,0,0,0,0,1,1,5,1,4
2451,0,0,,0.0,1,0,0,0,1,2,2,1,12,4
2455,0,1,0.0,0.0,1,0,0,0,1,1,2,5,15,4
2456,0,1,0.0,0.0,1,0,0,1,1,4,2,1,1,4
2460,0,1,0.0,0.0,1,0,0,1,0,2,1,0,0,4
2461,0,1,1.0,0.0,1,0,0,1,0,5,1,0,10,4
2462,0,0,0.0,,1,0,0,0,0,4,2,4,3,4
2463,0,1,1.0,0.0,1,0,0,0,1,1,2,0,14,4
2465,0,1,0.0,0.0,1,0,0,1,0,3,2,5,10,3
2467,0,1,1.0,0.0,1,0,0,1,1,4,2,5,8,4
2469,0,1,0.0,0.0,1,0,0,1,1,3,2,4,8,4
2470,0,1,0.0,0.0,1,0,0,1,1,3,2,1,20,4
2472,0,0,,0.0,1,0,0,1,1,1,2,3,7,4
2473,0,1,,0.0,1,0,0,1,1,3,2,8,10,4
2476,0,1,0.0,0.0,1,0,0,0,1,3,2,6,6,4
2478,0,1,0.0,0.0,1,1,1,1,0,3,2,1,9,2
2480,0,1,0.0,0.0,1,1,1,0,0,3,2,2,10,2
2484,0,1,0.0,0.0,1,0,0,0,1,3,2,4,2,4
2486,0,1,0.0,1.0,1,1,0,1,1,4,1,2,4,3
2490,0,0,1.0,1.0,0,0,0,0,1,6,1,0,2,4
2492,0,1,0.0,0.0,1,0,0,0,1,2,2,3,10,4
2493,0,1,1.0,0.0,1,0,0,1,1,6,2,2,1,4
2494,0,1,1.0,0.0,1,0,0,0,0,2,1,0,7,4
2496,0,1,1.0,0.0,0,0,0,0,1,4,1,2,1,3
2499,0,1,0.0,0.0,1,0,0,0,1,1,2,0,10,3
2500,0,1,1.0,0.0,1,0,0,1,1,4,2,1,8,4
2503,0,1,0.0,0.0,1,0,0,1,0,1,2,0,15,3
2505,0,1,1.0,0.0,1,1,0,0,0,2,2,25,5,2
2506,0,1,0.0,1.0,0,1,1,1,1,6,2,3,6,1
2508,0,0,0.0,0.0,1,0,0,1,1,5,2,0,2,4
2509,0,0,1.0,1.0,1,1,0,0,1,2,1,12,12,2
2510,0,1,1.0,0.0,1,1,1,1,1,2,2,5,25,1
2511,0,1,1.0,0.0,1,0,0,1,1,3,2,2,24,4
2513,0,1,1.0,0.0,1,0,0,0,1,1,2,0,10,3
2514,0,1,0.0,0.0,1,0,0,0,1,1,2,3,5,4
2516,0,0,0.0,1.0,1,0,0,0,1,3,2,0,2,3
2519,0,0,0.0,1.0,1,0,1,0,0,1,1,3,10,2
2522,0,1,1.0,0.0,0,0,0,1,1,3,1,0,6,4
2524,0,1,0.0,0.0,1,1,1,1,0,4,2,0,5,3
2525,0,1,0.0,0.0,1,0,0,0,0,1,2,2,10,4
2526,0,1,0.0,0.0,1,0,0,0,0,1,2,2,15,4
2529,0,1,1.0,0.0,1,1,1,0,1,2,2,7,14,2
2530,0,1,0.0,0.0,1,0,0,0,0,2,1,0,0,4
2532,0,1,0.0,0.0,1,0,0,0,1,6,2,1,7,3
2533,0,1,1.0,0.0,1,1,0,0,0,1,1,0,8,3
2534,0,1,0.0,0.0,1,0,0,1,1,2,2,3,15,4
2538,0,1,1.0,1.0,1,0,0,0,0,6,2,0,2,4
2543,0,0,0.0,0.0,1,0,0,0,0,1,2,1,6,3
2546,0,1,0.0,0.0,1,0,0,0,1,2,2,0,0,4
2547,0,1,0.0,0.0,1,0,0,1,1,4,2,10,20,4
2548,0,1,0.0,0.0,1,0,0,0,1,3,2,4,10,4
2550,0,1,1.0,0.0,1,0,0,1,1,3,2,5,7,3
2551,0,1,1.0,0.0,1,0,0,0,1,3,2,12,5,4
2553,0,1,1.0,1.0,1,0,0,0,1,3,2,3,7,3
2555,0,1,1.0,0.0,1,0,0,1,0,3,2,2,3,4
2556,0,1,0.0,0.0,1,1,0,0,0,3,2,5,1,2
2557,0,1,1.0,0.0,1,0,0,0,1,4,2,0,10,2
2561,0,1,1.0,1.0,1,1,0,0,0,1,2,4,11,2
2564,0,1,0.0,0.0,1,0,0,1,1,3,2,3,5,4
2567,0,1,0.0,0.0,1,0,0,1,0,3,2,4,11,4
2569,0,1,0.0,1.0,1,1,0,1,1,1,2,6,1,2
2570,0,0,1.0,1.0,0,0,0,1,1,1,2,0,5,4
2572,0,1,1.0,0.0,1,0,0,1,1,4,2,0,15,3
2574,0,1,1.0,0.0,1,1,0,0,1,1,1,3,10,2
2575,0,0,0.0,1.0,0,0,0,0,0,2,1,0,20,3
2576,0,1,0.0,0.0,1,0,0,1,1,3,2,0,12,3
2577,0,1,0.0,0.0,1,0,0,1,1,2,1,2,5,4
2579,0,1,1.0,0.0,1,1,0,0,0,3,2,0,2,2
2581,0,1,0.0,0.0,1,0,0,0,0,1,2,0,9,4
2583,0,1,0.0,0.0,1,0,0,1,1,3,2,5,25,3
2587,0,1,1.0,0.0,1,0,0,0,1,2,2,5,10,3
2591,0,1,0.0,0.0,1,0,0,1,1,1,2,0,12,4
2592,0,0,1.0,0.0,1,0,0,1,1,2,1,8,20,4
2596,0,1,0.0,0.0,1,0,0,1,0,5,2,5,25,4
2598,0,1,1.0,0.0,1,1,1,0,1,3,1,8,2,1
2602,0,1,,0.0,0,1,0,0,1,2,2,2,10,2
2607,0,1,1.0,0.0,1,1,0,0,0,1,2,7,5,2
2608,0,1,0.0,0.0,1,0,0,0,0,5,2,0,5,4
2609,0,1,0.0,0.0,1,0,0,1,1,1,2,0,10,4
2610,0,0,0.0,0.0,1,0,0,1,1,4,2,0,3,4
2613,0,1,1.0,0.0,1,0,0,1,1,2,2,2,10,4
2614,0,1,1.0,0.0,1,0,0,1,0,2,1,2,10,3
2615,0,0,0.0,0.0,1,0,1,1,0,2,2,5,5,2
2617,0,1,0.0,0.0,1,0,0,1,1,3,2,7,3,4
2621,0,1,0.0,1.0,1,1,1,0,1,5,2,13,6,1
2622,0,1,0.0,0.0,1,0,0,1,1,2,1,2,7,4
2623,0,1,,1.0,1,0,1,1,0,3,1,5,3,3
2624,0,1,0.0,1.0,1,0,0,1,1,2,2,10,6,4
2625,0,0,0.0,0.0,1,0,0,1,1,2,2,2,15,4
2629,0,1,0.0,0.0,1,0,0,1,1,2,2,7,6,4
2630,0,1,0.0,0.0,1,0,1,0,0,1,2,12,5,4
2631,0,1,1.0,0.0,0,0,0,1,1,4,1,0,10,4
2632,0,0,0.0,0.0,1,0,0,1,0,3,2,2,5,4
2634,0,0,0.0,1.0,1,0,0,1,1,1,1,6,4,4
2638,0,0,0.0,0.0,0,1,1,0,1,1,2,1,10,2
2641,0,1,1.0,0.0,1,0,0,0,0,3,2,10,5,3
2642,0,1,0.0,0.0,1,0,0,1,1,2,1,8,5,3
2643,0,1,1.0,0.0,1,0,0,1,1,3,2,5,1,4
2644,0,0,1.0,1.0,0,1,0,0,1,5,1,10,12,2
2645,0,0,1.0,0.0,1,0,0,1,1,2,2,0,12,4
2647,0,1,1.0,0.0,1,1,1,0,1,1,1,25,15,1
2648,0,0,1.0,0.0,1,0,1,0,1,1,2,8,14,3
2650,0,1,0.0,0.0,1,1,1,1,1,2,2,12,15,2
2653,0,1,1.0,0.0,0,0,0,0,0,2,1,1,5,4
2659,0,1,1.0,0.0,1,1,0,1,1,2,2,5,10,2
2660,0,1,0.0,0.0,1,0,0,1,1,1,2,3,8,4
2661,0,1,0.0,1.0,1,1,0,1,1,5,2,5,8,2
2664,0,1,1.0,0.0,1,0,0,0,1,1,2,0,25,4
2665,0,1,0.0,0.0,1,1,1,1,1,5,1,4,0,2
2666,0,1,0.0,1.0,1,0,0,1,1,5,2,3,6,4
2670,0,1,0.0,0.0,1,0,1,0,0,2,1,5,8,4
2673,0,1,0.0,0.0,1,1,1,1,1,4,1,22,8,1
2674,0,1,0.0,0.0,1,0,0,1,1,6,2,1,6,3
2675,0,1,1.0,0.0,1,0,0,1,1,2,1,10,6,4
2677,0,1,1.0,1.0,1,0,0,0,0,5,1,0,9,4
2680,0,1,1.0,0.0,0,1,0,0,1,5,1,5,15,2
2682,0,0,0.0,0.0,1,0,0,0,0,6,2,0,0,4
2683,0,1,1.0,0.0,1,0,0,1,1,2,2,0,20,4
2686,0,1,0.0,0.0,1,0,1,1,0,6,2,4,8,4
2689,0,0,0.0,0.0,1,1,0,0,0,3,1,3,5,2
2694,0,1,0.0,0.0,1,0,0,1,1,6,2,1,1,4
2696,0,1,0.0,0.0,1,0,0,1,1,2,2,1,5,4
2699,0,1,0.0,0.0,1,0,0,1,1,1,2,4,8,4
2701,0,1,1.0,0.0,1,0,0,1,1,2,2,50,8,4
2703,0,1,0.0,0.0,1,0,0,1,1,4,2,3,6,4
2709,0,1,1.0,0.0,1,1,0,0,0,1,2,20,15,2
2710,0,1,0.0,0.0,1,0,0,1,1,2,2,0,10,4
2711,0,1,0.0,0.0,1,1,0,0,1,1,2,3,6,3
2715,0,1,0.0,1.0,0,0,0,1,1,1,2,1,3,4
2719,0,1,1.0,0.0,0,0,0,0,0,1,1,6,15,3
2722,0,1,0.0,0.0,1,0,0,1,1,3,2,4,9,4
2723,0,1,0.0,0.0,1,1,0,0,0,2,2,3,15,2
2724,0,1,1.0,1.0,0,1,0,0,1,3,1,2,5,2
2727,0,1,0.0,0.0,1,0,0,1,1,3,2,2,3,4
2730,0,1,1.0,0.0,1,1,0,1,0,1,1,8,15,2
2731,0,1,1.0,0.0,1,0,0,1,1,1,1,6,6,3
2732,0,1,0.0,0.0,0,0,0,0,1,5,2,0,7,3
2733,0,0,0.0,0.0,1,0,0,0,1,3,1,2,10,3
2734,0,1,0.0,0.0,1,0,0,1,1,2,2,3,3,4
2735,0,0,0.0,1.0,1,0,0,1,1,5,2,0,12,4
2738,0,0,0.0,0.0,1,0,0,0,0,2,2,2,6,4
2739,0,1,1.0,0.0,1,0,0,0,0,3,2,1,2,4
2740,0,1,0.0,0.0,1,1,1,0,1,2,2,5,8,2
2741,0,1,1.0,1.0,1,0,0,0,1,3,2,1,2,4
2742,0,0,1.0,0.0,1,0,0,1,1,2,2,0,4,4
2743,0,1,0.0,0.0,1,1,0,0,0,3,2,0,15,2
2744,0,1,1.0,0.0,1,0,0,0,0,1,2,4,4,4
2746,0,1,0.0,0.0,1,0,0,0,0,1,2,4,8,4
2748,0,1,1.0,0.0,1,1,0,1,0,3,2,3,10,2
2750,0,1,0.0,0.0,1,1,0,0,0,1,2,0,7,3
2752,0,1,1.0,0.0,1,1,1,1,0,1,2,15,24,1
2753,0,1,0.0,0.0,1,0,0,1,1,1,2,3,4,4
2754,0,1,1.0,0.0,1,1,0,0,0,1,1,0,2,1
2755,0,1,0.0,0.0,1,1,0,0,1,4,2,7,4,1
2764,0,1,0.0,0.0,1,0,0,0,1,1,2,1,3,4
2768,0,1,0.0,0.0,1,1,1,1,1,5,1,5,0,1
2769,0,1,,0.0,1,0,0,0,1,2,1,0,10,4
2770,0,1,0.0,0.0,1,0,0,0,0,2,2,6,3,4
2772,0,1,0.0,0.0,1,0,0,1,0,3,2,75,0,3
2774,0,1,0.0,1.0,1,0,0,1,1,2,2,0,8,4
2775,0,1,0.0,0.0,1,0,0,0,1,1,2,2,20,4
2777,0,1,0.0,0.0,1,0,0,1,0,1,2,8,10,4
2781,0,1,1.0,1.0,1,1,0,0,0,2,1,2,3,2
2782,0,1,0.0,0.0,1,1,0,1,0,2,2,5,4,3
2783,0,1,0.0,0.0,1,0,0,1,1,2,2,5,16,3
2785,0,1,0.0,1.0,0,1,1,1,1,5,2,3,8,1
2787,0,0,,1.0,0,0,0,1,0,3,1,0,5,4
2788,0,1,,0.0,1,1,0,1,1,2,1,10,10,2
2789,0,1,1.0,0.0,1,1,0,1,0,1,2,5,4,3
2790,0,0,0.0,0.0,1,0,0,1,1,6,2,0,5,3
2791,0,0,0.0,1.0,0,1,1,1,1,2,2,10,20,1
2792,0,1,0.0,0.0,1,0,0,0,0,3,2,0,3,4
2793,0,1,0.0,0.0,1,0,0,1,0,2,2,2,15,4
2794,0,1,0.0,0.0,1,0,0,1,1,2,2,3,3,4
2797,0,1,0.0,0.0,1,1,0,1,0,2,2,0,15,3
2798,0,1,1.0,0.0,1,1,1,1,1,1,2,4,6,2
2799,0,1,1.0,0.0,1,0,0,1,1,6,1,3,2,4
2800,0,1,0.0,1.0,1,0,0,1,0,2,2,4,5,4
2802,0,1,0.0,0.0,1,0,0,1,1,1,1,5,5,3
2804,0,1,0.0,0.0,1,0,0,1,1,1,2,0,1,4
2807,0,1,0.0,0.0,1,0,0,0,1,1,2,2,6,4
2810,0,1,0.0,1.0,0,0,0,1,1,4,2,2,8,4
2813,0,1,1.0,0.0,1,1,0,1,0,1,1,8,8,4
2814,0,1,,0.0,1,0,0,1,1,2,2,10,5,3
2815,0,0,0.0,0.0,0,0,1,0,1,1,1,12,5,3
2817,0,1,0.0,0.0,1,0,0,0,0,1,2,0,8,4
2820,0,0,0.0,1.0,1,0,0,1,1,1,2,7,2,4
2822,0,1,1.0,0.0,1,0,0,1,1,1,2,0,0,4
2824,0,1,0.0,0.0,1,0,0,1,1,6,2,0,3,4
2825,0,1,0.0,0.0,1,0,0,0,1,2,1,4,2,3
2826,0,1,0.0,0.0,1,0,0,1,1,2,2,1,12,3
2827,0,0,0.0,0.0,1,0,1,1,1,1,2,3,10,4
2828,0,1,0.0,0.0,0,1,1,1,1,3,2,20,0,1
2829,0,1,0.0,0.0,1,0,0,0,0,2,1,15,8,4
2830,0,1,0.0,1.0,1,0,0,1,1,3,1,10,3,4
2831,0,0,0.0,0.0,1,0,0,1,1,1,2,1,15,4
2832,0,0,,1.0,1,0,0,1,1,3,2,0,5,4
2835,0,1,1.0,0.0,1,0,0,1,0,2,1,3,10,4
2836,0,1,0.0,1.0,1,0,0,1,1,3,2,12,12,3
2837,0,1,0.0,0.0,1,0,0,1,1,3,2,0,15,4
2838,0,1,1.0,0.0,1,0,0,0,1,1,2,5,3,4
2839,0,1,0.0,1.0,1,0,0,0,1,1,2,4,3,4
2841,0,1,0.0,0.0,1,0,0,0,0,2,2,0,3,4
2843,0,1,0.0,0.0,1,0,0,0,0,1,2,0,25,4
2844,0,1,,1.0,0,0,0,0,1,1,2,3,20,3
2847,0,1,1.0,1.0,1,0,0,1,1,5,2,0,7,4
2849,0,0,1.0,0.0,1,1,0,1,1,3,1,3,0,1
2850,0,1,0.0,0.0,1,0,0,1,1,4,1,0,8,4
2852,0,1,0.0,0.0,1,0,0,1,1,4,2,10,4,3
2853,0,1,0.0,1.0,1,0,0,0,1,2,2,0,8,4
2854,0,1,1.0,0.0,1,1,0,1,1,4,2,2,2,2
2855,0,1,0.0,0.0,1,0,0,1,0,1,2,0,0,4
2857,0,1,1.0,0.0,1,0,0,0,1,6,2,3,2,3
2858,0,1,0.0,1.0,1,1,0,0,1,5,2,3,5,2
2859,0,1,0.0,0.0,1,0,0,1,1,2,2,2,10,4
2863,0,0,1.0,0.0,1,1,1,1,1,3,2,4,15,1
2864,0,1,0.0,1.0,0,0,1,1,1,3,2,4,10,3
2865,0,1,0.0,0.0,1,1,1,0,1,1,2,2,4,1
2866,0,1,0.0,,1,1,1,0,1,1,2,2,7,1
2869,0,1,1.0,0.0,1,0,0,0,0,2,2,0,2,4
2874,0,1,1.0,0.0,1,0,0,0,1,1,2,2,8,4
2875,0,1,1.0,1.0,0,0,0,1,1,5,2,7,7,4
2876,0,1,0.0,1.0,1,0,1,1,1,4,1,3,10,3
2880,0,1,0.0,0.0,1,0,0,1,1,1,2,2,5,4
2881,0,0,1.0,0.0,1,0,0,0,0,1,2,1,3,3
2886,0,1,1.0,0.0,1,1,0,0,1,1,2,10,10,1
2888,0,0,0.0,1.0,1,0,0,1,1,2,1,0,2,4
2889,0,1,0.0,0.0,1,0,0,1,1,6,2,0,5,4
2890,0,1,1.0,0.0,1,1,0,1,0,1,2,3,20,3
2891,0,1,0.0,0.0,1,0,0,0,0,1,2,2,0,4
2892,0,1,0.0,0.0,1,1,1,1,1,1,2,2,10,2
2894,0,0,1.0,0.0,1,0,0,0,1,1,2,0,11,4
2896,0,1,1.0,0.0,1,1,0,0,1,1,2,3,3,2
2898,0,1,0.0,0.0,1,0,0,1,1,6,2,2,8,3
2900,0,1,0.0,0.0,1,1,1,0,1,3,1,0,20,2
2902,0,1,1.0,0.0,1,1,0,0,1,1,2,50,18,1
2907,0,1,0.0,0.0,1,0,1,1,1,1,2,10,6,3
2908,0,1,0.0,0.0,1,0,0,0,0,6,2,2,6,3
2909,0,0,1.0,0.0,1,1,1,0,0,2,2,8,4,1
2914,0,1,0.0,0.0,1,0,0,0,1,1,1,0,4,3
2915,0,1,0.0,0.0,1,1,0,1,1,4,2,3,10,3
2917,0,0,0.0,0.0,1,0,0,0,1,6,2,10,6,4
2919,0,1,0.0,0.0,1,1,1,0,1,1,2,3,20,1
2920,0,1,0.0,0.0,1,0,0,1,0,2,2,2,25,4
2921,0,1,1.0,0.0,1,0,0,0,0,4,1,0,8,3
2922,0,1,0.0,0.0,1,0,0,1,1,3,1,15,21,2
2923,0,0,0.0,1.0,1,0,0,0,1,3,2,3,4,3
2924,0,1,1.0,0.0,1,0,0,0,1,3,1,3,6,3
2926,0,1,1.0,1.0,0,0,0,0,1,5,2,1,4,4
2927,0,1,0.0,0.0,1,0,0,0,0,1,1,8,15,4
2928,0,1,1.0,0.0,1,0,0,0,0,1,1,4,14,3
2930,0,0,1.0,0.0,1,0,0,1,1,2,2,3,16,4
2932,0,1,0.0,1.0,1,0,0,1,1,5,2,0,6,4
2935,0,1,0.0,1.0,1,0,0,1,1,2,2,0,10,4
2936,0,1,0.0,0.0,1,0,0,1,1,1,2,3,33,4
2938,0,1,0.0,0.0,0,1,0,1,0,2,2,0,8,1
2939,0,1,0.0,0.0,0,0,0,0,1,1,2,0,2,4
2940,0,1,0.0,0.0,1,0,0,1,1,5,2,4,3,4
2943,0,1,1.0,1.0,1,1,0,1,1,2,1,5,0,1
2947,0,1,,1.0,1,1,1,1,1,3,2,0,4,1
2948,0,1,1.0,0.0,1,1,0,0,0,2,2,5,13,1
2950,0,1,1.0,0.0,1,0,0,0,1,5,2,7,3,4
2952,0,0,1.0,0.0,1,0,0,0,1,2,1,0,24,4
2953,0,0,0.0,0.0,1,0,0,0,1,1,2,3,8,4
2954,0,1,0.0,0.0,1,0,0,0,0,2,2,2,24,4
2955,0,1,1.0,0.0,1,1,1,1,1,5,1,10,30,2
2956,0,1,1.0,0.0,1,0,0,0,0,2,2,0,4,4
2958,0,1,0.0,1.0,1,0,0,1,1,6,2,3,3,2
2960,0,1,0.0,0.0,1,0,0,0,1,1,2,2,0,4
2961,0,1,0.0,0.0,1,0,0,0,1,1,2,1,10,4
2963,0,1,0.0,1.0,0,0,0,0,0,5,2,3,2,4
2965,0,1,1.0,0.0,1,0,0,1,0,1,1,0,2,3
2968,0,0,1.0,1.0,0,0,0,1,0,6,2,3,22,4
2971,0,1,0.0,0.0,1,0,0,1,1,2,1,3,8,4
2972,0,1,0.0,0.0,1,0,0,0,1,1,2,3,10,4
2974,0,1,0.0,0.0,1,0,0,1,0,2,2,5,4,4
2976,0,0,0.0,0.0,1,0,0,1,1,6,2,3,9,4
2977,0,1,0.0,0.0,1,0,0,1,0,2,1,1,5,4
2979,0,1,0.0,0.0,1,1,1,1,0,4,2,0,5,3
2981,0,1,1.0,0.0,1,0,0,0,1,1,2,2,5,4
2983,0,1,0.0,0.0,1,0,0,0,1,2,2,5,10,3
2984,0,1,0.0,0.0,1,0,0,0,1,3,2,2,5,3
2985,0,1,0.0,0.0,1,1,0,1,1,2,1,3,2,2
2986,0,1,0.0,0.0,1,1,0,0,0,3,2,7,19,3
2990,0,1,0.0,0.0,1,0,0,1,1,3,2,10,5,4
2991,0,0,0.0,0.0,1,1,1,1,1,2,2,2,10,1
2992,0,1,0.0,0.0,1,0,0,0,1,4,1,4,8,4
2994,0,1,,0.0,0,0,0,0,1,1,1,0,2,4
3001,0,0,0.0,0.0,1,1,0,0,1,2,1,4,10,2
3002,0,0,0.0,0.0,1,0,0,1,1,1,2,2,20,4
3004,0,1,0.0,0.0,0,0,0,1,0,5,2,5,12,4
3007,0,1,1.0,0.0,1,0,0,0,0,2,1,0,5,4
3009,0,1,0.0,0.0,1,1,0,0,0,1,2,0,5,4
3010,0,1,1.0,0.0,1,0,0,0,1,3,2,8,4,3
3012,0,0,0.0,1.0,1,0,0,0,1,3,2,3,25,4
3013,0,1,0.0,0.0,1,0,0,1,1,2,2,4,5,4
3016,0,0,0.0,1.0,1,0,0,1,0,3,2,2,5,3
3018,0,0,0.0,1.0,0,0,0,1,1,5,2,0,10,4
3021,0,1,1.0,1.0,0,0,0,0,1,6,1,1,12,3
3022,0,1,1.0,0.0,0,1,1,0,0,4,2,18,20,2
3023,0,1,0.0,0.0,1,1,0,1,1,2,2,0,10,1
3024,0,1,0.0,0.0,1,0,0,1,1,3,1,6,15,4
3026,0,1,0.0,1.0,1,0,0,0,1,3,2,0,1,4
3028,0,1,0.0,1.0,1,1,0,1,1,6,1,3,0,2
3029,0,0,0.0,0.0,1,1,1,1,1,1,1,8,12,2
3030,0,1,0.0,0.0,1,0,0,0,1,2,2,4,8,4
3033,0,1,0.0,0.0,1,0,0,0,1,4,2,2,10,4
3036,0,1,0.0,0.0,1,1,0,1,1,2,2,0,2,4
3037,0,1,0.0,0.0,1,0,0,0,1,4,2,4,15,4
3039,0,0,0.0,1.0,1,0,0,0,0,3,2,0,4,4
3040,0,1,0.0,0.0,1,0,0,1,1,1,2,0,30,4
3042,0,0,0.0,1.0,1,0,0,1,1,1,2,6,5,4
3043,0,0,0.0,1.0,1,0,0,1,1,2,1,10,10,4
3044,0,1,0.0,0.0,1,0,0,1,1,5,2,1,12,4
3045,0,1,0.0,0.0,1,0,0,1,0,5,2,0,10,4
3047,0,1,1.0,1.0,1,1,0,0,0,2,2,9,0,2
3048,0,1,0.0,0.0,1,1,0,1,1,1,1,3,10,3
3049,0,1,1.0,0.0,1,1,0,0,1,1,2,1,10,2
3050,0,1,0.0,0.0,1,0,0,0,1,2,2,3,20,4
3052,0,1,0.0,0.0,1,1,1,1,0,2,2,4,8,1
3053,0,1,0.0,0.0,1,1,1,0,0,2,2,0,15,2
3054,0,1,0.0,0.0,1,0,0,1,1,6,2,0,8,3
3056,0,0,0.0,0.0,1,0,0,0,1,1,2,1,3,4
3059,0,1,,0.0,1,1,1,0,0,1,1,4,3,2
3061,0,1,1.0,1.0,1,0,0,1,0,6,2,0,15,4
3065,0,1,1.0,1.0,1,0,0,1,1,6,2,2,25,4
3068,0,1,1.0,0.0,1,0,0,1,1,2,2,2,19,3
3069,0,0,0.0,0.0,1,0,0,1,1,1,2,0,11,4
3071,0,1,0.0,0.0,1,0,1,0,1,1,2,0,1,2
3072,0,1,1.0,0.0,1,0,0,1,0,1,2,0,15,3
3073,0,1,,0.0,1,1,0,0,0,4,1,2,6,2
3075,0,1,,0.0,1,1,1,0,0,2,2,0,10,2
3076,0,1,0.0,0.0,1,1,1,0,1,2,1,15,25,2
3077,0,1,1.0,0.0,1,0,0,1,1,3,2,2,6,4
3079,0,1,1.0,0.0,1,0,0,0,1,4,2,2,3,4
3088,0,1,0.0,0.0,1,1,0,0,0,2,2,5,8,3
3089,0,1,0.0,0.0,1,0,0,1,1,6,2,4,8,4
3097,0,1,1.0,0.0,1,0,0,1,1,3,1,20,14,2
3101,0,1,0.0,0.0,1,0,0,1,1,2,1,2,6,3
3102,0,1,0.0,0.0,1,0,1,1,1,2,2,3,10,3
3104,0,1,0.0,0.0,1,1,0,0,0,2,1,3,5,3
3105,0,1,0.0,0.0,1,0,0,0,1,2,1,3,6,3
3107,0,1,0.0,0.0,0,0,0,1,0,3,1,0,10,4
3108,0,1,0.0,0.0,1,0,0,0,1,1,2,10,3,4
3109,0,1,0.0,0.0,1,0,0,1,1,1,2,2,10,4
3111,0,1,,0.0,1,0,0,1,1,2,2,0,3,4
3114,0,1,1.0,0.0,1,1,1,0,0,1,1,2,20,2
3116,0,1,0.0,0.0,1,0,0,0,0,6,2,5,10,2
3117,0,0,0.0,0.0,1,1,1,0,1,2,2,5,12,2
3118,0,1,0.0,0.0,1,0,0,1,1,1,2,3,12,4
3119,0,1,0.0,1.0,1,0,0,1,1,5,2,0,5,4
3120,0,1,0.0,0.0,1,1,0,0,0,2,1,0,8,3
3122,0,1,0.0,1.0,1,0,0,0,1,3,2,5,5,3
3123,0,1,0.0,0.0,1,0,0,1,1,2,1,6,10,2
3126,0,0,0.0,0.0,1,0,0,0,1,2,2,5,5,4
3127,0,1,0.0,0.0,1,0,0,0,1,2,1,2,5,4
3132,0,1,0.0,0.0,1,0,0,1,1,2,2,1,8,4
3133,0,1,0.0,1.0,1,0,0,1,1,3,1,2,5,4
3134,0,1,0.0,0.0,1,0,0,1,1,6,2,3,4,3
3136,0,1,0.0,0.0,1,0,0,1,1,1,2,1,8,4
3137,0,1,0.0,0.0,1,0,0,0,1,2,2,5,5,4
3140,0,0,0.0,0.0,0,0,0,0,0,6,1,7,2,3
3142,0,1,1.0,0.0,1,1,0,1,0,4,2,5,15,2
3143,0,0,0.0,0.0,1,0,0,1,0,1,2,2,8,4
3144,0,1,0.0,0.0,1,0,0,0,1,1,2,2,0,4
3145,0,1,0.0,0.0,1,0,0,0,1,2,2,0,1,4
3146,0,1,0.0,0.0,1,0,0,1,0,1,2,0,4,4
3150,0,0,0.0,1.0,1,0,0,1,1,5,2,3,20,4
3152,0,0,0.0,0.0,0,0,0,1,1,4,2,25,3,4
3155,0,1,1.0,1.0,0,1,1,1,0,4,1,5,30,1
3156,0,1,1.0,0.0,1,1,0,0,1,1,1,5,3,4
3157,0,1,0.0,0.0,1,0,0,0,1,1,1,6,1,3
3159,0,1,0.0,0.0,1,0,1,0,1,2,1,2,1,4
3160,0,1,0.0,0.0,1,1,1,1,0,5,1,2,5,3
3162,0,0,1.0,0.0,1,0,0,0,0,3,2,1,8,4
3163,0,1,0.0,0.0,1,0,0,0,1,2,2,5,6,4
3166,0,1,1.0,0.0,1,1,1,0,1,4,2,0,4,2
3167,0,1,0.0,0.0,0,1,1,0,1,4,2,3,5,2
3168,0,1,1.0,0.0,1,0,0,1,1,1,2,5,8,4
3169,0,1,,0.0,1,0,0,1,1,1,2,1,20,4
3170,0,0,,0.0,1,0,0,0,1,3,2,0,5,4
3171,0,1,1.0,0.0,1,1,1,0,0,2,2,16,3,1
3172,0,1,1.0,1.0,0,1,0,1,0,4,2,2,5,1
3173,0,0,1.0,1.0,1,1,0,1,1,6,1,0,2,1
3174,0,1,0.0,0.0,1,0,0,1,1,2,2,1,4,4
3175,0,0,1.0,0.0,1,1,0,1,0,2,1,0,4,2
3176,0,1,0.0,0.0,1,0,0,1,0,3,2,0,5,4
3177,0,1,0.0,0.0,1,1,1,0,1,4,2,0,20,1
3178,0,1,0.0,0.0,1,0,0,1,1,1,2,0,30,3
3180,0,1,1.0,0.0,1,1,0,1,1,3,2,3,8,2
3182,0,1,0.0,0.0,1,1,0,0,1,3,2,0,4,3
3183,0,1,0.0,1.0,0,0,0,1,1,4,1,1,15,4
3184,0,1,0.0,0.0,1,0,0,0,1,4,2,10,6,4
3188,0,1,1.0,0.0,1,0,0,1,1,2,2,0,10,4
3193,0,1,0.0,0.0,1,1,1,0,0,2,2,10,12,2
3195,0,1,1.0,0.0,1,0,0,0,1,2,2,1,12,4
3196,0,1,0.0,0.0,1,0,0,1,1,3,1,0,1,4
3197,0,1,0.0,1.0,1,1,0,0,1,6,2,2,4,2
3198,0,0,0.0,0.0,0,0,0,0,1,1,2,4,1,4
3199,0,1,0.0,0.0,1,0,0,1,0,3,2,0,7,4
3201,0,0,1.0,1.0,0,1,1,1,1,6,1,18,20,1
3202,0,1,0.0,0.0,1,1,0,0,0,1,2,4,11,2
3203,0,1,0.0,1.0,1,0,1,0,0,2,2,0,2,3
3204,0,1,0.0,1.0,1,0,0,1,1,4,2,6,20,4
3206,0,1,0.0,1.0,0,0,0,0,1,6,2,0,8,4
3207,0,1,0.0,1.0,1,0,0,0,1,5,1,50,1,4
3208,0,1,0.0,1.0,1,1,0,0,0,3,2,15,10,1
3209,0,1,0.0,0.0,1,1,1,0,1,1,2,1,5,2
3210,0,1,1.0,1.0,1,0,0,1,1,2,1,5,13,3
3212,0,1,0.0,0.0,1,1,0,1,1,3,1,0,3,1
3214,0,1,0.0,0.0,1,1,1,0,0,1,2,10,4,2
3215,0,1,0.0,0.0,1,1,0,1,1,5,1,8,3,3
3218,0,1,1.0,0.0,0,1,1,1,1,1,1,2,20,1
3219,0,1,1.0,1.0,0,0,0,0,0,4,1,15,1,3
3221,0,1,0.0,0.0,1,1,0,1,0,3,2,0,5,2
3223,0,1,1.0,0.0,0,1,0,0,1,1,1,2,4,1
3225,0,0,0.0,1.0,1,0,1,1,1,5,2,6,16,3
3227,0,0,1.0,0.0,1,0,0,1,1,1,2,3,21,4
3230,0,0,0.0,0.0,1,0,0,0,0,2,2,5,6,4
3231,0,0,0.0,1.0,1,0,0,0,1,3,1,5,2,3
3232,0,0,0.0,0.0,1,1,1,1,1,6,1,2,3,2
3234,0,1,0.0,0.0,1,0,0,0,1,3,2,0,15,4
3235,0,0,0.0,1.0,1,0,0,0,1,1,2,3,16,4
3236,0,0,0.0,0.0,1,1,0,0,1,3,1,5,5,2
3242,0,1,1.0,0.0,1,0,0,0,1,2,2,2,12,4
3244,0,1,0.0,0.0,1,0,0,0,1,1,1,7,6,4
3246,0,1,0.0,0.0,1,0,0,0,1,5,2,20,12,4
3249,0,1,0.0,0.0,1,1,1,0,1,3,1,10,5,1
3250,0,1,1.0,0.0,1,0,0,1,1,3,2,2,6,3
3254,0,1,1.0,1.0,1,0,0,1,1,6,2,0,10,4
3256,0,1,0.0,1.0,1,0,0,0,1,3,2,0,3,4
3257,0,1,1.0,0.0,1,0,0,0,0,2,2,5,3,4
3258,0,1,0.0,0.0,0,1,1,1,1,3,2,4,12,2
3259,0,1,0.0,0.0,1,0,0,1,0,1,2,1,4,4
3262,0,1,1.0,1.0,1,0,0,0,1,2,2,0,14,3
3263,0,1,1.0,0.0,1,0,0,0,1,2,2,5,25,3
3267,0,1,0.0,0.0,1,1,0,0,1,2,2,0,5,2
3268,0,0,0.0,0.0,1,0,0,1,1,3,1,12,10,3
3272,0,0,1.0,0.0,1,0,0,1,0,5,2,2,10,4
3275,0,1,1.0,0.0,1,1,0,0,1,1,2,12,15,2
3277,0,1,0.0,0.0,1,1,1,1,0,1,1,3,10,2
3278,0,0,0.0,0.0,1,0,0,0,1,6,2,0,0,4
3281,0,1,0.0,0.0,1,0,0,1,1,3,2,2,8,4
3282,0,1,0.0,0.0,1,1,1,1,1,4,2,13,12,2
3283,0,1,0.0,0.0,1,0,0,0,1,3,1,5,20,4
3284,0,1,1.0,0.0,1,0,0,1,1,4,2,0,7,4
3286,0,0,1.0,0.0,1,1,1,0,1,3,1,6,10,2
3288,0,1,1.0,1.0,0,0,0,1,1,6,1,1,1,4
3291,0,1,1.0,1.0,1,1,0,1,1,3,2,0,14,2
3292,0,0,,0.0,1,1,0,1,1,3,2,5,18,2
3293,0,1,,1.0,1,0,0,0,0,2,1,5,15,4
3294,0,1,0.0,0.0,1,0,1,1,1,2,1,2,2,3
3299,0,1,0.0,0.0,1,1,1,0,0,1,1,15,10,2
3300,0,1,0.0,1.0,1,0,0,1,1,1,2,3,6,4
3301,0,1,,0.0,1,1,0,0,1,3,1,10,5,3
3303,0,1,1.0,0.0,1,0,0,1,1,3,2,3,11,4
3304,0,1,,0.0,1,1,1,1,1,6,1,0,3,1
3306,0,1,0.0,0.0,1,0,0,1,1,4,2,1,2,4
3307,0,0,0.0,1.0,1,1,1,0,1,6,2,25,18,1
3308,0,0,0.0,0.0,1,0,0,1,1,5,2,1,10,3
3314,0,1,1.0,0.0,1,0,0,0,1,5,2,0,12,4
3316,0,1,0.0,1.0,0,0,0,1,1,1,2,0,10,4
3318,0,1,0.0,0.0,1,0,0,1,1,3,2,1,7,4
3320,0,1,0.0,0.0,1,0,0,0,1,3,1,0,0,4
3325,0,1,1.0,0.0,1,0,0,1,1,2,2,0,6,4
3326,0,0,1.0,0.0,1,0,0,1,1,5,2,0,10,4
3333,0,1,0.0,0.0,0,1,1,1,1,1,2,5,8,2
3336,0,1,0.0,0.0,1,0,0,1,1,3,2,3,14,4
3339,0,1,1.0,0.0,1,0,0,1,1,2,2,3,12,4
3340,0,1,1.0,0.0,1,1,1,0,1,5,1,30,8,1
3343,0,1,,0.0,1,1,0,0,1,2,1,2,9,3
3344,0,1,1.0,0.0,1,1,1,0,0,1,1,30,35,2
3347,0,1,0.0,0.0,1,1,0,1,0,5,1,2,5,2
3348,0,1,0.0,,1,0,0,1,1,1,2,0,5,4
3350,0,1,0.0,1.0,0,0,0,0,1,5,2,20,3,2
3353,0,1,0.0,0.0,1,0,0,1,1,3,2,2,6,4
3354,0,1,1.0,0.0,0,0,0,0,1,3,2,2,4,4
3355,0,0,0.0,0.0,1,0,0,0,0,1,2,0,2,4
3356,0,1,0.0,0.0,1,1,0,0,0,3,1,0,2,2
3357,0,1,0.0,0.0,1,0,0,1,1,3,2,12,5,4
3359,0,1,0.0,1.0,1,0,0,1,1,1,2,2,7,4
3361,0,1,1.0,0.0,1,1,0,1,1,2,2,2,5,2
3362,0,1,1.0,0.0,0,0,0,1,1,3,2,1,3,4
3364,0,1,0.0,0.0,1,1,0,1,0,5,2,5,15,2
3365,0,1,0.0,0.0,1,1,0,0,0,2,2,3,6,3
3366,0,1,1.0,1.0,1,0,0,1,1,4,2,1,3,4
3367,0,1,0.0,0.0,1,1,1,0,1,2,2,5,2,1
3368,0,1,0.0,0.0,1,0,0,1,0,1,2,10,3,2
3370,0,1,0.0,1.0,1,1,0,1,1,1,2,2,5,3
3371,0,1,0.0,1.0,0,0,0,1,1,1,2,4,4,3
3375,0,1,0.0,0.0,1,0,0,0,0,5,2,0,3,3
3376,0,1,1.0,0.0,0,0,0,1,1,1,1,10,5,3
3378,0,1,1.0,0.0,1,0,0,1,1,3,1,2,10,2
3381,0,1,,0.0,1,1,0,0,0,3,1,5,15,2
3382,0,1,1.0,0.0,1,0,0,1,0,6,2,6,6,4
3383,0,0,,0.0,1,0,1,0,1,2,2,3,10,2
3384,0,1,0.0,1.0,1,0,0,0,1,3,2,2,24,4
3385,0,1,0.0,0.0,1,0,0,1,1,1,2,1,2,4
3387,0,1,,0.0,1,1,1,1,1,2,2,2,4,2
3388,0,0,0.0,0.0,1,0,0,1,1,2,2,5,10,1
3389,0,1,,0.0,1,1,1,1,0,1,2,5,23,2
3391,0,1,0.0,0.0,1,0,0,1,1,2,2,10,10,4
3393,0,1,,0.0,1,0,0,0,0,1,2,5,6,4
3395,0,1,0.0,0.0,1,1,0,0,1,1,1,2,11,2
3396,0,1,0.0,0.0,1,1,0,0,0,2,2,2,0,2
3398,0,1,1.0,0.0,1,0,0,1,0,1,1,2,10,3
3399,0,1,0.0,0.0,1,1,0,0,1,1,2,0,6,3
3400,0,1,0.0,1.0,1,0,0,0,1,5,2,1,1,4
3401,0,1,0.0,1.0,1,0,0,0,1,6,2,0,5,4
3404,0,1,1.0,0.0,1,0,0,1,1,1,2,1,10,4
3405,0,1,0.0,1.0,1,1,0,0,1,1,2,3,8,1
3411,0,1,0.0,0.0,1,1,1,0,1,1,2,4,0,2
3412,0,1,1.0,0.0,1,0,0,0,1,4,2,1,4,4
3413,0,1,,1.0,1,0,0,0,0,2,2,2,5,3
3417,0,1,0.0,0.0,1,0,0,0,1,6,2,0,15,4
3420,0,1,1.0,0.0,1,0,0,0,1,1,2,3,33,4
3421,0,1,,0.0,1,1,0,1,0,3,2,2,10,3
3422,0,1,1.0,0.0,1,0,0,1,0,2,2,5,10,4
3425,0,1,1.0,0.0,0,1,0,1,1,3,1,8,0,2
3426,0,1,1.0,0.0,1,0,0,0,1,4,2,4,18,3
3427,0,1,1.0,0.0,1,0,0,0,1,6,2,3,10,4
3428,0,1,1.0,1.0,1,0,0,0,1,6,2,0,6,4
3434,0,1,0.0,0.0,1,1,1,0,1,1,1,2,2,1
3435,0,1,0.0,0.0,1,0,0,1,1,3,1,0,1,3
3436,0,0,0.0,0.0,1,0,0,1,1,6,2,0,3,4
3438,0,1,0.0,0.0,1,0,0,1,1,5,2,2,12,4
3439,0,1,0.0,0.0,1,0,0,1,1,3,2,0,7,4
3443,0,0,0.0,0.0,1,0,0,0,1,2,2,10,12,4
3448,0,1,0.0,0.0,1,0,0,0,1,2,2,2,13,4
3450,0,1,0.0,0.0,1,0,0,0,1,1,2,3,8,4
3451,0,1,1.0,1.0,1,0,0,1,1,3,2,2,4,4
3452,0,1,0.0,1.0,0,0,0,0,1,6,1,0,2,3
3453,0,1,0.0,0.0,1,0,0,1,0,4,2,1,10,3
3454,0,1,0.0,0.0,1,0,0,1,0,2,2,1,13,4
3455,0,1,,0.0,1,0,0,1,0,2,2,0,5,4
3456,0,0,0.0,0.0,1,0,0,0,1,5,1,4,25,3
3457,0,1,0.0,0.0,1,0,1,0,1,3,1,2,10,3
3463,0,1,0.0,0.0,1,0,0,1,1,2,2,5,10,3
3464,0,1,1.0,0.0,1,0,0,0,1,2,2,4,20,4
3466,0,1,1.0,0.0,1,1,0,1,1,1,2,10,4,2
3467,0,1,0.0,0.0,0,0,0,0,1,4,2,2,10,3
3468,0,1,0.0,0.0,1,0,0,0,0,2,2,2,10,4
3470,0,1,0.0,0.0,1,1,0,0,1,2,2,3,15,1
3471,0,1,0.0,0.0,1,0,0,0,1,4,2,0,4,4
3473,0,1,0.0,1.0,0,1,0,1,1,3,1,20,15,2
3474,0,1,0.0,0.0,1,0,0,1,1,2,2,0,10,4
3475,0,1,,1.0,1,0,0,1,1,3,2,4,20,4
3476,0,1,,0.0,1,0,0,1,1,2,2,8,1,4
3478,0,1,0.0,1.0,0,0,0,1,1,5,1,0,4,4
3479,0,1,1.0,0.0,1,0,0,0,1,1,2,2,18,4
3480,0,0,0.0,0.0,1,0,0,1,1,1,2,0,5,4
3484,0,1,0.0,0.0,1,0,0,0,1,4,2,2,4,4
3485,0,1,0.0,0.0,1,1,0,1,1,2,2,1,7,2
3486,0,0,0.0,0.0,1,1,1,0,0,6,2,1,10,1
3491,0,1,0.0,0.0,1,1,0,0,0,1,2,5,15,2
3502,0,1,0.0,0.0,1,0,0,0,1,3,2,9,8,4
3505,0,0,0.0,,1,1,0,0,1,1,1,2,1,2
3508,0,1,1.0,1.0,1,0,0,0,0,3,2,0,12,4
3510,0,1,1.0,1.0,1,0,0,1,1,5,2,0,7,4
3512,0,1,1.0,0.0,1,0,0,0,1,3,2,3,7,4
3513,0,1,0.0,1.0,1,0,0,0,1,3,2,1,5,4
3516,0,0,0.0,1.0,1,0,0,1,1,4,2,0,3,4
3519,0,0,0.0,1.0,1,0,0,0,1,3,1,4,15,3
3520,0,0,1.0,1.0,0,0,1,0,0,6,2,2,23,3
3521,0,1,1.0,0.0,1,1,1,1,0,3,1,1,2,3
3522,0,1,1.0,0.0,0,0,0,0,0,5,1,15,8,4
3523,0,1,0.0,0.0,0,0,1,0,1,1,1,15,12,2
3524,0,1,1.0,0.0,1,0,0,0,1,2,2,5,20,4
3526,0,1,0.0,0.0,1,0,0,1,0,2,2,1,7,3
3527,0,1,1.0,0.0,1,1,1,0,1,2,1,8,5,1
3529,0,0,1.0,0.0,1,0,0,1,1,2,2,3,25,4
3531,0,1,0.0,0.0,1,0,1,1,0,6,1,5,1,4
3532,0,0,0.0,0.0,1,1,0,1,1,5,2,6,5,1
3533,0,1,0.0,0.0,1,1,0,0,1,6,2,6,10,1
3534,0,1,0.0,0.0,1,1,1,0,0,5,2,4,2,1
3535,0,1,0.0,0.0,1,0,0,0,0,1,2,2,10,4
3536,0,1,0.0,0.0,1,0,0,1,0,1,1,2,0,4
3538,0,1,1.0,0.0,1,0,0,0,1,6,2,6,0,3
3539,0,1,1.0,0.0,1,1,0,0,1,2,2,15,2,2
3542,0,1,0.0,0.0,1,0,0,1,0,3,2,1,5,3
3543,0,1,1.0,1.0,0,0,0,0,1,1,1,5,7,4
3544,0,1,0.0,0.0,1,0,0,1,1,2,2,0,5,4
3545,0,1,0.0,0.0,1,1,1,1,1,3,1,5,2,2
3547,0,1,1.0,0.0,1,1,1,1,1,3,1,5,20,2
3548,0,0,0.0,,0,1,0,0,0,1,1,1,0,2
3550,0,1,1.0,0.0,1,0,0,1,1,3,2,2,12,4
3554,0,1,1.0,0.0,1,0,0,0,0,1,2,4,10,4
3559,0,1,0.0,0.0,1,0,0,1,1,2,1,10,1,4
3560,0,1,,1.0,1,0,0,1,1,1,1,4,8,4
3561,0,1,0.0,0.0,1,0,0,0,1,1,2,0,5,4
3563,0,1,0.0,0.0,1,0,0,1,1,4,1,1,10,3
3570,0,1,1.0,0.0,1,0,0,1,1,3,2,7,8,2
3571,0,1,1.0,0.0,1,0,0,0,0,6,2,4,3,4
3572,0,1,1.0,0.0,1,0,0,0,1,1,2,8,10,3
3573,0,1,0.0,0.0,1,1,1,0,0,3,2,1,1,1
3574,0,1,0.0,0.0,1,0,0,1,0,3,2,1,10,4
3575,0,1,,0.0,1,0,0,1,1,4,2,2,8,4
3576,0,0,0.0,0.0,1,0,0,1,1,1,2,4,10,4
3577,0,1,0.0,0.0,1,0,0,1,1,2,1,0,11,4
3582,0,1,1.0,0.0,0,0,0,1,0,4,2,6,5,4
3583,0,1,0.0,0.0,1,0,0,0,0,1,2,3,15,4
3585,0,1,,0.0,0,0,1,0,1,2,1,8,15,2
3586,0,1,0.0,0.0,1,1,1,0,1,3,1,10,10,2
3587,0,1,0.0,0.0,0,0,1,1,1,2,1,8,10,3
3590,0,0,0.0,0.0,1,0,0,0,0,1,2,1,8,4
3593,0,1,0.0,0.0,1,0,0,1,1,3,2,0,6,3
3596,0,1,1.0,0.0,0,1,1,0,1,1,2,0,25,2
3597,0,1,0.0,0.0,1,0,0,1,1,3,1,4,6,3
3598,0,1,0.0,0.0,1,1,0,1,1,5,1,11,10,2
3600,0,1,0.0,0.0,1,0,0,0,0,5,1,0,5,4
3602,0,1,0.0,0.0,1,0,0,0,1,2,2,4,15,4
3603,0,0,1.0,0.0,1,0,0,1,1,6,2,0,20,3
3604,0,1,1.0,0.0,1,0,0,1,1,3,2,0,1,4
3605,0,1,1.0,0.0,1,0,0,1,1,1,2,3,10,4
3606,0,1,1.0,1.0,0,0,0,1,1,5,2,0,17,4
3609,0,1,1.0,0.0,1,0,0,0,0,1,1,5,4,4
3611,0,1,0.0,0.0,1,0,1,1,1,1,1,15,13,3
3615,0,1,0.0,0.0,0,1,1,1,1,4,2,0,3,2
3616,0,1,0.0,0.0,1,0,0,1,1,1,2,10,7,4
3618,0,0,0.0,0.0,1,0,0,1,1,2,2,4,7,4
3619,0,1,,0.0,1,0,0,1,0,2,2,0,5,4
3621,0,0,0.0,0.0,1,0,0,1,1,4,2,0,5,4
3622,0,1,0.0,0.0,0,1,1,0,0,1,2,4,5,2
3623,0,1,0.0,0.0,1,1,1,0,0,4,1,10,2,1
3626,0,0,0.0,0.0,1,0,1,0,1,2,1,10,0,2
3628,0,1,1.0,1.0,1,1,0,0,1,3,1,4,17,3
3630,0,1,1.0,0.0,1,1,0,0,1,3,2,3,10,2
3633,0,0,0.0,0.0,1,0,0,0,1,4,1,3,14,3
3636,0,1,0.0,0.0,1,1,0,1,1,3,1,24,4,2
3641,0,0,0.0,1.0,1,0,1,0,1,5,1,10,4,3
3643,0,1,1.0,0.0,1,1,0,1,1,2,2,3,13,2
3644,0,1,1.0,0.0,1,1,0,0,0,1,1,8,5,2
3647,0,1,1.0,1.0,1,1,0,1,1,5,1,4,4,2
3648,0,1,0.0,0.0,1,1,1,0,1,2,1,3,21,2
3650,0,1,0.0,0.0,1,0,0,1,1,2,2,0,8,4
3651,0,1,0.0,1.0,1,0,0,1,0,2,2,0,2,4
3653,0,0,0.0,1.0,1,1,1,1,1,1,2,50,20,2
3656,0,1,1.0,1.0,1,0,0,1,0,4,1,0,4,3
3657,0,1,,0.0,1,1,1,0,1,1,2,20,9,1
3661,0,1,1.0,0.0,0,0,0,1,1,3,2,0,25,4
3664,0,1,0.0,0.0,1,0,0,0,1,1,2,2,4,4
3667,0,1,1.0,1.0,1,0,0,0,1,3,2,12,4,3
3669,0,1,0.0,0.0,1,1,1,0,1,3,2,8,25,1
3671,0,1,0.0,1.0,1,0,0,1,1,4,1,8,4,3
3676,0,0,0.0,0.0,1,0,1,1,1,2,1,2,4,3
3677,0,1,0.0,0.0,1,1,0,1,0,1,1,15,1,3
3680,0,1,0.0,0.0,1,0,0,1,1,1,2,8,10,4
3681,0,0,1.0,0.0,1,0,0,1,1,5,2,10,3,3
3682,0,1,1.0,0.0,1,0,0,1,1,2,1,11,0,3
3683,0,1,0.0,0.0,1,1,0,0,0,3,2,0,4,3
3684,0,1,0.0,0.0,1,0,0,0,1,2,2,0,7,4
3689,0,0,1.0,1.0,1,0,0,0,0,2,1,0,15,4
3690,0,1,0.0,0.0,1,0,0,0,1,1,2,1,15,4
3691,0,1,1.0,0.0,1,0,0,1,1,3,2,5,10,4
3692,0,0,0.0,0.0,1,0,0,1,1,1,2,0,5,4
3693,0,1,0.0,0.0,1,0,0,0,1,4,2,0,10,4
3694,0,1,0.0,0.0,0,0,0,1,1,4,2,3,15,3
3695,0,1,0.0,1.0,1,1,1,0,0,1,1,0,1,2
3696,0,1,0.0,0.0,1,1,0,1,0,1,2,3,5,2
3700,0,1,1.0,1.0,1,0,0,1,1,2,1,2,10,4
3702,0,1,0.0,0.0,1,1,0,0,1,1,2,3,3,3
3703,0,1,1.0,0.0,1,0,0,0,0,1,2,3,25,4
3705,0,1,0.0,0.0,1,0,0,1,0,1,1,15,20,3
3707,0,1,0.0,0.0,1,1,0,0,1,3,2,22,6,2
3709,0,1,0.0,0.0,1,1,0,0,0,3,1,20,10,2
3710,0,1,0.0,0.0,1,0,0,0,1,1,2,4,4,4
3711,0,0,0.0,1.0,1,0,0,0,1,4,2,0,1,4
3715,0,1,0.0,1.0,1,1,0,0,1,4,1,0,3,1
3717,0,1,1.0,0.0,1,0,0,1,1,5,2,1,14,4
3718,0,1,0.0,,0,0,0,1,1,2,1,3,15,3
3719,0,1,0.0,0.0,1,0,1,1,1,2,2,10,20,3
3720,0,1,0.0,0.0,1,1,0,1,1,5,2,8,10,2
3721,0,1,1.0,0.0,1,1,0,0,0,1,1,0,7,2
3723,0,1,1.0,0.0,1,0,0,0,1,3,1,12,20,4
3725,0,1,0.0,1.0,1,0,0,1,1,3,2,3,10,3
3727,0,1,1.0,0.0,1,0,0,0,0,6,2,14,9,3
3728,0,1,1.0,0.0,0,1,0,0,0,2,1,8,6,1
3729,0,1,0.0,0.0,1,0,0,1,0,4,2,2,20,4
3730,0,1,0.0,1.0,1,0,0,1,1,1,2,2,4,4
3731,0,0,0.0,1.0,1,1,1,1,1,4,1,1,10,2
3735,0,1,0.0,0.0,1,1,0,0,1,3,2,6,3,2
3737,0,1,0.0,0.0,1,0,0,0,0,2,2,10,5,4
3738,0,1,0.0,0.0,1,0,0,1,1,2,1,3,10,4
3739,0,1,0.0,0.0,1,0,0,0,0,3,2,3,3,2
3742,0,1,0.0,0.0,1,1,1,0,1,5,1,15,3,1
3743,0,1,0.0,0.0,1,1,1,0,1,1,1,8,3,2
3744,0,1,1.0,0.0,1,1,0,1,0,5,1,10,10,2
3746,0,1,1.0,0.0,1,0,1,0,1,1,1,7,5,3
3749,0,1,0.0,0.0,1,1,1,1,1,1,2,3,6,1
3750,0,1,0.0,1.0,1,1,0,1,1,5,2,5,10,2
3751,0,1,0.0,1.0,1,0,0,1,0,3,2,3,17,4
3753,0,1,0.0,0.0,1,1,1,0,0,2,2,2,10,1
3755,0,0,0.0,0.0,0,0,1,1,1,6,2,10,5,3
3756,0,1,0.0,0.0,1,0,0,1,1,1,2,15,20,4
3757,0,1,0.0,0.0,1,0,0,0,1,2,2,12,2,3
3761,0,0,0.0,0.0,1,0,0,0,1,5,2,5,24,3
3769,0,1,1.0,0.0,1,0,0,1,1,3,2,4,10,4
3772,0,0,1.0,0.0,1,0,0,0,1,5,2,0,20,4
3774,0,0,0.0,1.0,0,0,0,0,1,6,2,3,12,4
3775,0,1,0.0,0.0,0,0,0,0,0,1,2,0,10,4
3781,0,1,0.0,0.0,1,1,0,0,0,3,1,0,0,2
3783,0,1,1.0,0.0,1,0,0,1,1,2,1,1,4,4
3784,0,1,1.0,0.0,1,0,1,0,0,2,2,60,3,3
3785,0,1,1.0,1.0,0,1,0,1,0,4,2,4,15,1
3786,0,0,0.0,1.0,1,0,0,0,1,2,2,0,2,4
3787,0,1,0.0,0.0,1,0,0,0,0,1,2,0,24,4
3791,0,1,0.0,0.0,1,0,0,0,0,4,2,1,10,4
3797,0,1,0.0,0.0,1,0,0,1,1,6,2,0,0,4
3798,0,1,0.0,0.0,1,0,0,0,1,2,2,3,6,4
3802,0,1,0.0,0.0,1,0,0,1,1,3,2,10,10,4
3805,0,1,0.0,0.0,1,0,0,0,1,3,2,3,6,4
3807,0,1,0.0,0.0,1,0,0,0,1,6,2,6,10,4
3810,0,1,0.0,0.0,1,0,0,0,1,3,2,0,0,4
3813,0,1,0.0,0.0,1,0,0,1,1,1,1,3,15,4
3814,0,1,,0.0,1,1,0,1,1,1,2,5,4,3
3820,0,1,0.0,0.0,1,1,1,1,1,2,2,5,5,1
3822,0,1,1.0,0.0,1,1,0,1,1,2,1,5,12,2
3823,0,1,1.0,0.0,1,1,1,1,1,3,2,5,10,2
3825,0,1,,1.0,0,0,0,1,0,4,1,2,10,3
3826,0,0,,0.0,1,1,0,0,1,4,2,3,7,3
3827,0,0,0.0,0.0,1,0,0,1,1,2,2,0,10,3
